WELL_NAME,TIME_STAMP,WHP,WHT_F,WC_FRAC,GOR,PIP,FREQUENCY,power_factor,pump_eff,motor_eff,cable_loss_V,Q_POWER_EQ_UNCALIBRATED,ANALYST_CALIB_FACTOR,Q_ANALYST_CALIBRATED,Q_LIQ_ALLOCATED,Q_OIL_ALLOCATED,Q_WATER_ALLOCATED,Q_GAS_ALLOCATED_MMSCFD
M-80 ST,2018-11-06 10:59:59.610,1150,180,0.15,198.4705221932331,1885.0,42,0.8,0.35,0.8,230,567.8633845580696,0.8371952373798254,678.2926600673396,669.8283201026459,569.354072087249,100.47424801539688,0.113
M-80 ST,2018-11-06 11:29:59.605,1150,180,0.14,200.0,1880.4,42,0.8,0.35,0.8,230,569.9455172513187,0.8518257324866018,669.0869922273489,659.2016955454162,566.9134581690579,92.28823737635828,0.1133826916338115
M-80 ST,2018-11-06 11:59:59.600,1150,180,0.16,200.0,1878.1,42,0.8,0.35,0.8,230,563.8206643733838,0.8545815248129053,659.7622906683149,649.736075511673,545.7783034298053,103.95777208186767,0.109155660685961
M-80 ST,2018-11-06 12:29:59.595,1150,180,0.15,200.0,1875.8,42,0.8,0.35,0.8,230,561.051268172382,0.8573531287214761,654.3992777037475,644.1785865459909,547.5517985640923,96.62678798189864,0.1095103597128184
M-80 ST,2018-11-06 12:59:59.590,1150,180,0.12,200.0,1871.5,42,0.8,0.35,0.8,230,568.1076173243401,0.861625777377825,659.3438035863493,648.6211974876876,570.786653789165,77.83454369852251,0.1141573307578329
M-80 ST,2018-11-06 13:29:59.585,1150,180,0.14,200.0,1868.7,42,0.8,0.35,0.8,230,561.8587583143633,0.8468404893760263,663.476493345701,654.1863226042187,562.6002374396281,91.58608516459064,0.1125200474879256
M-80 ST,2018-11-06 13:59:59.580,1150,180,0.15,200.0,1866.6,42,0.8,0.35,0.8,230,568.4252353921236,0.8485367618029042,669.8887555376839,660.3320486143391,561.2822413221883,99.04980729215086,0.1122564482644376
M-80 ST,2018-11-06 14:29:59.575,1150,180,0.12,200.0,1865.0,42,0.8,0.35,0.8,230,565.3250802080418,0.848237622131451,666.4701794144584,656.9931953802504,578.1540119346204,78.83918344563004,0.115630802386924
M-80 ST,2018-11-06 14:59:59.570,1150,180,0.14,200.0,1862.9,42,0.8,0.35,0.8,230,565.5547863569744,0.8434839365061758,670.4985855445909,661.4625368454214,568.8577816870624,92.604755158359,0.1137715563374124
M-80 ST,2018-11-06 15:29:59.565,1150,180,0.12,200.0,1787.8,42,0.8,0.35,0.8,230,552.5586824235753,0.8395319215765774,658.1747140548413,649.7161201355327,571.7501857192688,77.9659344162639,0.1143500371438537
M-80 ST,2018-11-06 15:59:59.560,1150,180,0.15,200.0,1861.0,42,0.8,0.35,0.8,230,564.7334713155403,0.8500100438633389,664.3844686220389,654.7546766482014,556.5414751509712,98.21320149723022,0.1113082950301942
M-80 ST,2018-11-06 16:29:59.555,1150,180,0.12,200.0,1868.0,42,0.8,0.35,0.8,230,564.1224982951841,0.8477763763191729,665.4142696738719,656.0,577.28,78.72,0.115456
M-80 ST,2018-11-06 17:59:59.540,1150,180,0.2,200.0,1785.1,42,0.8,0.35,0.8,230,611.1658049874771,0.7130534355664524,857.1108061515259,866.8877706965567,693.5102165572454,173.37755413931134,0.138702043311449
M-80 ST,2018-11-06 18:29:59.535,1150,180,0.07,200.0,1786.8,42,0.8,0.35,0.8,230,608.2758025559195,0.6746115261506324,901.6682623654124,920.5096946571688,856.0740160311668,64.43567862600182,0.1712148032062333
M-80 ST,2018-11-06 18:59:59.530,1150,180,0.12,200.0,1797.0,42,0.8,0.35,0.8,230,607.4677297705587,0.709343938571997,856.379672452649,866.8877706965567,762.8612382129699,104.0265324835868,0.1525722476425939
M-80 ST,2018-11-06 19:29:59.525,1150,180,0.15,200.0,1800.9,42,0.8,0.35,0.8,230,613.9535565160293,0.6949082656108829,883.5030275202042,897.4033287162637,762.7928294088241,134.61049930743954,0.1525585658817648
M-80 ST,2018-11-06 19:59:59.520,1150,180,0.12,200.0,1798.6,42,0.8,0.35,0.8,230,614.8707234421829,0.6987759662511044,879.9254026164228,892.9386355385707,785.7859992739423,107.15263626462848,0.1571571998547884
M-80 ST,2018-11-06 20:29:59.515,1150,180,0.17,200.0,1797.7,42,0.8,0.35,0.8,230,612.4490525785754,0.6905125590639993,886.9484624707765,901.8680218939568,748.550458171984,153.31756372197265,0.1497100916343968
M-80 ST,2018-11-06 20:59:59.510,1150,180,0.14,200.0,1797.4,42,0.8,0.35,0.8,230,612.0548885622601,0.6960338382122375,879.3464555319936,892.9386355385702,767.9272265631704,125.01140897539985,0.153585445312634
M-80 ST,2018-11-06 21:29:59.505,1150,180,0.16,200.0,1797.3,42,0.8,0.35,0.8,230,613.4328947402637,0.6890489473353809,890.2602596121337,905.5612625788916,760.6714605662688,144.88980201262265,0.1521342921132537
M-80 ST,2018-11-06 22:00:00.000,1150,180,0.15,200.0,1797.6,42,0.8,0.35,0.8,230,612.413712272226,0.697400229557106,878.1380996406441,891.4185775258538,757.7057908969757,133.71278662887806,0.1515411581793951
M-80 ST,2018-11-06 22:30:00.000,1150,180,0.17,200.0,1797.8,42,0.8,0.35,0.8,230,613.8723636672006,0.6988231217307128,878.4373965001012,891.4185775258538,739.8774193464587,151.54115817939515,0.1479754838692917
M-80 ST,2018-11-06 23:00:00.005,1150,180,0.14,200.0,1798.2,42,0.8,0.35,0.8,230,609.0453607933108,0.6941144540977896,877.4422679109144,891.4185775258538,766.6199766722343,124.79860085361956,0.1533239953344468
M-80 ST,2018-11-06 23:30:00.010,1150,180,0.15,200.0,1798.4,42,0.8,0.35,0.8,230,608.53786655174,0.6936194012106025,877.3368586426991,891.4185775258538,757.7057908969757,133.71278662887806,0.1515411581793951
M-80 ST,2018-11-14 08:30:00.000,950,185,0.45,200.0,1823.9,42,0.8,0.35,0.8,230,634.5066119628319,0.9519470331970146,666.5356262857481,647.6281487796293,356.1954818287961,291.4326669508332,0.0712390963657592
M-80 ST,2018-11-14 08:59:59.990,950,185,0.42,200.0,1823.9,42,0.8,0.35,0.8,230,633.5910693121704,0.9566668164008004,662.2902126948283,643.1307310797706,373.01582402626696,270.11490705350366,0.0746031648052533
M-80 ST,2018-11-14 09:29:59.985,950,185,0.39,200.0,1823.9,42,0.8,0.35,0.8,230,634.8243852614839,0.9464952655595154,670.7105765460021,652.1255664794878,397.7965955524876,254.32897092700023,0.0795593191104975
M-80 ST,2018-11-14 09:59:59.980,950,185,0.4,200.0,1823.9,42,0.8,0.35,0.8,230,631.994425150762,0.942721705672616,670.3934165808187,652.1255664794877,391.2753398876926,260.8502265917951,0.0782550679775385
M-80 ST,2018-11-14 10:29:59.975,950,185,0.43,200.0,1823.9,42,0.8,0.35,0.8,230,633.4619044661276,0.9275566285388016,682.9360978898214,665.6178195790634,379.4021571600661,286.2156624189973,0.0758804314320132
M-80 ST,2018-11-14 10:59:59.970,950,185,0.42,200.0,1823.9,42,0.8,0.35,0.8,230,632.8427465267087,0.9311756963874112,679.6169068650363,662.0718614004246,384.0016796122463,278.0701817881784,0.0768003359224492
M-80 ST,2018-11-14 11:29:59.965,950,185,0.45,200.0,1823.9,42,0.8,0.35,0.8,230,635.4393765929657,0.9233836123253676,688.1640177615144,671.0796418276412,369.0938030052027,301.9858388224385,0.0738187606010405
M-80 ST,2018-11-14 11:59:59.960,950,185,0.42,200.0,1823.9,42,0.8,0.35,0.8,230,634.2082828345522,0.9217883973241372,688.0193813196149,671.0796418276412,389.226192260032,281.8534495676093,0.0778452384520063
M-80 ST,2018-11-14 12:29:59.955,950,185,0.39,200.0,1823.9,42,0.8,0.35,0.8,230,633.3321840723595,0.9231537473970772,686.0527684127393,669.0410388888504,408.1150337221988,260.92600516665163,0.0816230067444397
M-80 ST,2018-11-14 12:59:59.950,950,185,0.4,200.0,1823.9,42,0.8,0.35,0.8,230,632.0230358585951,0.9159018699922704,690.0554050227335,673.5923384731279,404.1554030838768,269.4369353892512,0.0808310806167753
M-80 ST,2018-11-14 13:29:59.945,950,185,0.43,200.0,1823.9,42,0.8,0.35,0.8,230,633.561069735025,0.9313226370048622,680.2809730605928,662.7062043200227,377.74253646241294,284.9636678576098,0.0755485072924826
M-80 ST,2018-11-14 13:59:59.940,950,185,0.42,200.0,1823.9,42,0.8,0.35,0.8,230,634.6968870586156,0.9271858767934956,684.5411507491895,667.2144097915879,386.984357679121,280.23005211246686,0.0773968715358242
M-80 ST,2018-11-14 14:29:59.935,950,185,0.42,200.0,1823.9,42,0.8,0.35,0.8,230,633.7196786104884,0.9372261706358548,676.1651546504997,658.1979988484576,381.7548393321054,276.4431595163522,0.076350967866421
M-80 ST,2018-11-14 14:59:59.930,950,185,0.45,200.0,1823.9,42,0.8,0.35,0.8,230,635.3910439408983,0.9329265098939588,681.0729861381258,663.3405764973148,364.8373170735232,298.5032594237917,0.0729674634147046
M-80 ST,2018-11-15 14:59:59.990,700,185,0.4,200.0,1823.9,42,0.8,0.35,0.8,230,660.4418019528094,0.8035312081326703,821.924270356111,816.3066719011842,489.7840031407105,326.5226687604737,0.0979568006281421
M-80 ST,2018-11-15 15:29:59.985,700,185,0.42,200.0,1823.9,42,0.8,0.35,0.8,230,661.3440114580728,0.7904024351528508,836.7180844150357,832.9659917359024,483.1202752068234,349.845716529079,0.0966240550413646
M-80 ST,2018-11-15 15:59:59.980,700,185,0.41,200.0,1823.9,42,0.8,0.35,0.8,230,660.740686628814,0.7932387951479515,832.9656727210065,828.8011617772229,488.99268544856153,339.80847632866136,0.0977985370897123
M-80 ST,2018-11-15 16:29:59.975,700,185,0.45,200.0,1823.9,42,0.8,0.35,0.8,230,659.3537617335612,0.786085336040749,838.7814038797712,835.6848150527519,459.6266482790135,376.0581667737384,0.0919253296558027
M-80 ST,2018-11-15 16:59:59.970,700,185,0.44,200.0,1823.9,42,0.8,0.35,0.8,230,658.2279442690191,0.7815232128417311,842.2372278305174,839.8424509485371,470.3117725311808,369.53067841735634,0.0940623545062361
M-80 ST,2018-11-15 17:29:59.965,700,185,0.46,200.0,1823.9,42,0.8,0.35,0.8,230,660.4795791981034,0.7890450189897436,837.0619715003722,833.5160302152403,450.0986563162298,383.41737389901056,0.0900197312632459
M-80 ST,2018-11-15 17:59:59.960,700,185,0.45,200.0,1823.9,42,0.8,0.35,0.8,230,657.6612855896047,0.7827082768799191,840.2380618884158,837.6628761367085,460.7145818751897,376.94829426151887,0.0921429163750379
M-80 ST,2018-11-15 18:29:59.955,700,185,0.42,200.0,1823.9,42,0.8,0.35,0.8,230,657.8896157045453,0.7863430407593672,836.6445451964894,833.5160302152403,483.4392975248394,350.07673269040095,0.0966878595049678
M-80 ST,2018-11-15 18:59:59.950,700,185,0.46,200.0,1823.9,42,0.8,0.35,0.8,230,659.6157024858592,0.7847371276284478,840.5562566910555,837.6628761367085,452.3379531138226,385.3249230228859,0.0904675906227645
M-80 ST,2018-11-15 19:29:59.945,700,185,0.46,200.0,1823.9,42,0.8,0.35,0.8,230,659.8765321427073,0.7788808879766821,847.2110977801557,845.2229106555761,456.4203717540111,388.802538901565,0.0912840743508022
M-80 ST,2018-11-15 19:59:59.940,700,185,0.45,200.0,1823.9,42,0.8,0.35,0.8,230,654.2963330197888,0.7764559403576059,842.6702649971934,841.0796610935383,462.5938136014461,378.48584749209226,0.0925187627202892
M-80 ST,2018-11-15 20:29:59.935,700,185,0.42,200.0,1823.9,42,0.8,0.35,0.8,230,656.5685232146951,0.778216389834016,843.683751449559,841.8097220581783,488.2496387937434,353.56008326443487,0.0976499277587486
M-80 ST,2018-11-15 20:59:59.930,700,185,0.46,200.0,1823.9,42,0.8,0.35,0.8,230,658.1498898136682,0.7765172984928638,847.5662951631163,845.9565679796469,456.8165467090093,389.1400212706376,0.0913633093418018
M-80 ST,2018-11-15 21:29:59.925,700,185,0.46,200.0,1823.9,42,0.8,0.35,0.8,230,653.0091289411585,0.7745396379812554,843.0932348964714,841.8097220581783,454.5772499114163,387.232472146762,0.0909154499822832
M-80 ST,2018-11-15 21:59:59.910,700,185,0.45,200.0,1823.9,42,0.8,0.35,0.8,230,658.5507174971953,0.776929312330165,847.6327344659852,845.9565679796457,465.27611238880513,380.68045559084055,0.093055222477761
M-80 ST,2018-11-15 22:29:59.900,700,185,0.42,200.0,1823.9,42,0.8,0.35,0.8,230,659.387372370919,0.7805379576414735,844.785786412449,842.5398133381887,488.67309173614944,353.8667216020392,0.0977346183472298
M-80 ST,2018-11-15 22:59:59.890,700,185,0.46,200.0,1823.9,42,0.8,0.35,0.8,230,659.6157024858592,0.7774364861519225,848.4496344527887,846.6902557684245,457.2127381149492,389.4775176534753,0.0914425476229898
M-80 ST,2018-11-15 23:29:59.880,700,185,0.46,200.0,1823.9,42,0.8,0.35,0.8,230,654.2410560211596,0.7752265674559906,843.935287419443,842.5398133381887,454.9714992026218,387.5683141355668,0.0909942998405243
M-80 ST,2018-11-15 23:59:59.870,700,185,0.46,200.0,1823.9,42,0.8,0.35,0.8,230,655.2182644692867,0.7762351209548046,844.0976796609491,842.5398133381887,454.9714992026218,387.5683141355668,0.0909942998405243
M-80 ST,2019-02-20 20:30:00.000,400,188,0.7,200.0,1334.5,42,0.8,0.35,0.8,230,562.0334746017818,0.6803549069377932,826.0886617713041,842.1136009722301,252.63408029166908,589.479520680561,0.0505268160583338
M-80 ST,2019-02-20 20:59:59.990,400,188,0.66,200.0,1336.1,42,0.8,0.35,0.8,230,561.9045282781536,0.6743011269859658,833.3139391146955,850.7951844874078,289.27036272571866,561.5248217616892,0.0578540725451437
M-80 ST,2019-02-20 21:29:59.985,400,188,0.68,200.0,1336.0,42,0.8,0.35,0.8,230,561.1102489789959,0.6676965030338573,840.3672123928187,859.4767680025852,275.0325657608272,584.444202241758,0.0550065131521654
M-80 ST,2019-02-20 21:59:59.980,400,188,0.66,200.0,1336.2,42,0.8,0.35,0.8,230,562.7887429229761,0.6698772730818681,840.1370900878372,858.7489599973792,291.9746463991089,566.7743135982703,0.0583949292798217
M-80 ST,2019-02-20 22:29:59.975,400,188,0.7,200.0,1336.3,42,0.8,0.35,0.8,230,558.4837762907289,0.6683887339912402,835.567309693835,854.4118440377968,256.3235532113391,598.0882908264576,0.0512647106422678
M-80 ST,2019-02-20 22:59:59.970,400,188,0.7,200.0,1336.5,42,0.8,0.35,0.8,230,563.9235950557437,0.6710264190925253,840.389556969122,858.7489599973792,257.62468799921385,601.1242719981653,0.0515249375998427
M-80 ST,2019-02-20 23:29:59.965,400,188,0.66,200.0,1336.5,42,0.8,0.35,0.8,230,560.4067625593733,0.6737419734543961,831.7824696093479,849.3543280065293,288.78047152221995,560.5738564843093,0.0577560943044439
M-80 ST,2019-02-20 23:59:59.960,400,188,0.68,200.0,1336.4,42,0.8,0.35,0.8,230,560.6824875858108,0.6745115070109916,831.2422868371823,848.6339842723551,271.5628749671536,577.0711093052015,0.0543125749934307
M-80 ST,2019-02-21 00:29:59.955,400,188,0.66,200.0,1336.4,42,0.8,0.35,0.8,230,557.1851145235253,0.6714128655111011,829.8695827035992,847.913696875688,288.29065693773384,559.6230399379541,0.0576581313875467
M-80 ST,2019-02-21 00:59:59.950,400,188,0.7,200.0,1336.6,42,0.8,0.35,0.8,230,560.5052527232896,0.6837527750682532,819.7484136972448,834.9354260051412,250.4806278015424,584.4547982035988,0.0500961255603084
M-80 ST,2019-02-21 01:29:59.945,400,188,0.66,200.0,1336.7,42,0.8,0.35,0.8,230,561.274243301943,0.678558238152025,827.1570688324537,843.5876065855059,286.819786239072,556.767820346434,0.0573639572478143
M-80 ST,2019-02-21 01:59:59.940,400,188,0.69,200.0,1337.0,42,0.8,0.35,0.8,230,559.8026395872498,0.6891259524918295,812.3371896865066,826.2832454247787,256.14780608168144,570.1354393430972,0.0512295612163362
M-80 ST,2019-02-21 02:29:59.935,400,188,0.6,200.0,1337.0,42,0.8,0.35,0.8,230,563.0588656541428,0.6864123016785625,820.2925039036022,834.9354260051412,333.9741704020565,500.9612556030847,0.0667948340804113
M-80 ST,2019-02-21 02:59:59.930,400,188,0.72,200.0,1337.1,42,0.8,0.35,0.8,230,559.869834722608,0.674166140180625,830.4627025210812,847.913696875688,237.41583512519264,610.4978617504953,0.0474831670250385
M-80 ST,2019-02-21 03:29:59.925,400,188,0.7,200.0,1337.3,42,0.8,0.35,0.8,230,562.3437731464661,0.6887179018086087,816.5081402265316,830.6093357149593,249.18280071448785,581.4265350004715,0.0498365601428975
M-80 ST,2019-02-21 03:59:59.920,400,188,0.69,200.0,1337.0,42,0.8,0.35,0.8,230,556.736218169012,0.9417753507969818,591.1560731525532,575.1159737849208,178.28595187332547,396.83002191159534,0.035657190374665
M-80 ST,2019-02-21 04:29:59.915,400,188,0.72,200.0,1337.1,42,0.8,0.35,0.8,230,560.7617531901976,0.6840199141514927,819.8032565847249,834.9354260051423,233.78191928143983,601.1535067237024,0.0467563838562879
M-80 ST,2019-02-21 04:59:59.910,400,188,0.7,200.0,1337.5,42,0.8,0.35,0.8,230,558.7979744567754,0.688068661475193,812.1253092078541,826.2832454247762,247.8849736274329,578.3982717973432,0.0495769947254865
M-80 ST,2019-02-21 05:29:59.905,400,188,0.69,200.0,1336.9,42,0.8,0.35,0.8,230,565.0550434300055,0.6915563316602089,817.0773913290424,830.6093357149617,257.48889407163813,573.1204416433236,0.0514977788143276
M-80 ST,2019-02-21 05:59:59.900,400,188,0.66,200.0,1335.3,42,0.8,0.35,0.8,230,565.9061838794491,0.686339685847167,824.5278475787633,839.261516295323,285.34891554040973,553.9126007549132,0.0570697831080819
M-80 ST,2019-04-16 22:00:00.000,400,189,0.73,200.0,1301.8,42,0.8,0.35,0.8,230,566.2720323985,0.8127366577275398,696.7472514182274,690.8729298773528,186.53569106688525,504.3372388104676,0.037307138213377
M-80 ST,2019-04-16 22:30:00.000,400,189,0.73,200.0,1302.3,42,0.8,0.35,0.8,230,569.51471721594,0.8077444073573479,705.0679794604699,699.7302751321905,188.92717428569148,510.80310084649904,0.0377854348571383
M-80 ST,2019-04-16 23:00:00.005,400,189,0.72,200.0,1302.3,42,0.8,0.35,0.8,230,566.7542455702421,0.8139464646554706,696.3040816328619,690.2895429205008,193.28107201774023,497.00847090276056,0.038656214403548
M-80 ST,2019-04-16 23:30:00.010,400,189,0.73,200.0,1302.4,42,0.8,0.35,0.8,230,567.3509075000741,0.801213216604002,708.1147636391102,703.5643418228179,189.9623722921608,513.6019695306571,0.0379924744584321
M-80 ST,2019-04-17 00:00:00.015,400,189,0.73,200.0,1302.4,42,0.8,0.35,0.8,230,572.4228014315956,0.8210872059001055,697.152260220746,690.2895429205008,186.3781765885352,503.9113663319656,0.037275635317707
M-80 ST,2019-04-17 00:30:00.020,400,189,0.74,200.0,1302.5,42,0.8,0.35,0.8,230,570.2759791471013,0.8010156709749549,711.9411015429835,707.3909704335339,183.92165231271883,523.469318120815,0.0367843304625437
M-80 ST,2019-04-17 01:00:00.025,400,189,0.73,200.0,1302.4,42,0.8,0.35,0.8,230,566.3180257813889,0.8043666126723434,704.0546149720376,699.1394088553787,188.7676403909523,510.37176846442645,0.0377535280781904
M-80 ST,2019-04-17 01:30:00.030,400,189,0.72,200.0,1302.4,42,0.8,0.35,0.8,230,570.6044791350892,0.8002349373145201,713.0461974704083,708.5876203870284,198.404533708368,510.18308667866046,0.0396809067416735
M-80 ST,2019-04-17 02:00:00.035,400,189,0.72,200.0,1302.4,42,0.8,0.35,0.8,230,565.7120703337927,0.7997790738773589,707.3354240080319,702.9697768683238,196.8315375231307,506.13823934519314,0.0393663075046261
M-80 ST,2019-04-17 02:30:00.040,400,189,0.71,200.0,1302.3,42,0.8,0.35,0.8,230,569.3076600228235,0.7992339527981418,712.3166602590649,707.9892747902571,205.31688968917464,502.6723851010825,0.0410633779378349
M-80 ST,2019-04-17 03:00:00.045,400,189,0.72,200.0,1302.3,42,0.8,0.35,0.8,230,568.4017294237224,0.8031061500450742,707.7541734574202,702.9697768683245,196.8315375231309,506.13823934519365,0.0393663075046261
M-80 ST,2019-04-17 03:30:00.050,400,189,0.73,200.0,1302.4,42,0.8,0.35,0.8,230,570.4159699097133,0.7974223844976823,715.3247526015132,711.2101617375889,192.02674366914903,519.1834180684399,0.0384053487338298
M-80 ST,2019-04-17 04:00:00.055,400,189,0.72,200.0,1302.2,42,0.8,0.35,0.8,230,567.7963787735033,0.7991501515823771,710.500245353422,706.1944854402317,197.73445592326487,508.4600295169668,0.0395468911846529
M-80 ST,2019-04-17 04:30:00.060,400,189,0.72,200.0,1302.0,42,0.8,0.35,0.8,230,570.6435265867838,0.7945695261922783,718.1794767808569,714.4162586136993,200.03655241183583,514.3797062018634,0.0400073104823671
M-80 ST,2019-04-17 05:00:00.065,400,189,0.71,200.0,1302.4,42,0.8,0.35,0.8,230,571.02433702745,0.7999433595345361,713.8309609316746,709.4044039409163,205.7272771428657,503.67712679805055,0.0411454554285731
M-80 ST,2019-04-17 05:30:00.070,400,189,0.73,200.0,1302.3,42,0.8,0.35,0.8,230,569.5772847714795,0.8031296822367119,709.1971537961464,704.4000672506393,190.18801815767256,514.2120490929667,0.0380376036315345
M-80 ST,2019-04-17 06:00:00.070,400,189,0.72,200.0,1302.1,42,0.8,0.35,0.8,230,570.512439275129,0.7987230762083247,714.2806515412693,710.0062817086766,198.8017588784295,511.20452283024713,0.0397603517756859
M-80 ST,2019-05-03 07:30:00.000,400,189,0.7,200.0,719.6,60,0.8,0.35,0.8,230,599.5830529850733,0.4481833004786213,1337.8076611617837,1497.4197989863678,449.2259396959105,1048.193859290457,0.0898451879391821
M-80 ST,2019-05-03 08:00:00.005,400,189,0.72,200.0,719.8,60,0.8,0.35,0.8,230,598.2291969216343,0.4334065808694478,1380.2956007763871,1560.2550504984815,436.8714141395749,1123.3836363589066,0.0873742828279149
M-80 ST,2019-05-03 08:30:00.010,400,189,0.7,200.0,720.5,60,0.8,0.35,0.8,230,599.4892015426902,0.4124232821386892,1453.5774955136862,1668.5534902990958,500.5660470897287,1167.987443209367,0.1001132094179457
M-80 ST,2019-05-03 09:00:00.015,400,189,0.75,200.0,720.7,60,0.8,0.35,0.8,230,598.4858325392472,0.3910621547884919,1530.4110234418913,1788.0114419402453,447.0028604850613,1341.008581455184,0.0894005720970122
M-80 ST,2019-05-03 09:30:00.020,400,189,0.73,200.0,720.5,60,0.8,0.35,0.8,230,599.5770090241056,0.4399663945846117,1362.7791040499535,1533.59661572407,414.0710862454989,1119.5255294785711,0.0828142172490997
M-80 ST,2019-05-03 10:00:00.025,400,189,0.76,200.0,721.0,60,0.8,0.35,0.8,230,596.7958738250474,0.4368100287034416,1366.259551312232,1540.7882471867974,369.78917932483137,1170.999067861966,0.0739578358649662
M-80 ST,2019-05-03 10:30:00.030,400,189,0.72,200.0,721.5,60,0.8,0.35,0.8,230,600.7805522783818,0.4344395070465859,1382.8865527507348,1562.0698528109258,437.3795587870593,1124.6902940238665,0.0874759117574118
M-80 ST,2019-05-03 11:00:00.035,400,189,0.75,200.0,722.0,60,0.8,0.35,0.8,230,596.1070671506006,0.4395253008921114,1356.251997190316,1526.7020456894277,381.675511422357,1145.0265342670707,0.0763351022844713
M-80 ST,2019-05-03 11:30:00.040,400,189,0.71,200.0,724.1,60,0.8,0.35,0.8,230,594.0624498696083,0.4367767195051542,1360.105571887281,1533.882876832794,444.8260342815104,1089.0568425512836,0.088965206856302
M-80 ST,2019-05-03 12:00:00.045,400,189,0.76,200.0,724.0,60,0.8,0.35,0.8,230,598.4081924796924,0.4352331723322687,1374.9140242987992,1552.21795731655,372.532309755972,1179.685647560578,0.0745064619511943
M-80 ST,2019-05-03 12:30:00.050,400,189,0.74,200.0,723.3,60,0.8,0.35,0.8,230,591.8621602978887,0.4297163513489114,1377.3321830551472,1560.925765372479,405.8406989968446,1155.0850663756344,0.0811681397993689
M-80 ST,2019-05-03 13:00:00.055,400,189,0.75,200.0,722.2,60,0.8,0.35,0.8,230,599.2233273634472,0.4363346015294463,1373.3115028307195,1549.2422146138215,387.3105536534554,1161.931660960366,0.077462110730691
M-80 ST,2019-05-03 13:30:00.060,400,189,0.72,200.0,720.2,60,0.8,0.35,0.8,230,598.9199469548316,0.4381788374281956,1366.8390524519036,1540.013437370534,431.2037624637496,1108.8096749067845,0.0862407524927499
M-80 ST,2019-05-03 14:00:00.065,400,189,0.76,200.0,718.9,60,0.8,0.35,0.8,230,603.1404764892386,0.435024357507909,1386.4521976295848,1565.4682049303783,375.7123691832908,1189.7558357470878,0.0751424738366581
M-80 ST,2019-05-03 14:30:00.070,400,189,0.75,200.0,717.5,60,0.8,0.35,0.8,230,603.2063358320935,0.4434428569772605,1360.2797436942942,1527.2620696384893,381.8155174096223,1145.446552228867,0.0763631034819244
M-80 ST,2019-05-03 15:00:00.075,400,189,0.75,200.0,717.7,60,0.8,0.35,0.8,230,596.0776072290971,0.4296646290761542,1387.3090007682426,1572.2898618660174,393.0724654665044,1179.217396399513,0.0786144930933008
M-80 ST,2019-05-03 15:30:00.080,400,189,0.73,200.0,721.7,60,0.8,0.35,0.8,230,588.9330994236055,0.4295485281672967,1371.0513732553943,1553.9918854355938,419.5778090676104,1134.4140763679834,0.083915561813522
M-80 ST,2019-05-03 16:00:00.085,400,189,0.75,200.0,726.4,60,0.8,0.35,0.8,230,589.4142397291688,0.422781647025319,1394.1339314898655,1587.8663679518986,396.96659198797465,1190.899775963924,0.0793933183975949
M-80 ST,2019-05-03 16:30:00.080,400,189,0.75,200.0,727.6,60,0.8,0.35,0.8,230,592.8843049886827,0.426767130821975,1389.2454740990893,1577.733868943668,394.4334672359169,1183.300401707751,0.0788866934471833
M-80 ST,2019-05-03 17:00:00.080,400,189,0.71,200.0,726.8,60,0.8,0.35,0.8,230,594.4886823824135,0.4276513805706921,1390.1245486196733,1577.7338689436722,457.542821993665,1120.1910469500071,0.091508564398733
M-80 ST,2019-05-03 17:30:00.080,400,189,0.76,200.0,726.0,60,0.8,0.35,0.8,230,593.1901592876563,0.4278590146052463,1386.415008305829,1573.2906732377503,377.58976157706,1195.7009116606905,0.075517952315412
M-80 ST,2019-05-03 18:00:00.080,400,189,0.74,200.0,725.4,60,0.8,0.35,0.8,230,593.5305813407828,0.4245292353976367,1398.0911839554474,1590.3453146820664,413.4897818173372,1176.8555328647292,0.0826979563634674
M-80 ST,2019-05-03 18:30:00.080,400,189,0.77,200.0,725.4,60,0.8,0.35,0.8,230,591.8683883035139,0.4207897699437414,1406.5655359982857,1604.3783560568222,369.0070218930691,1235.371334163753,0.0738014043786138
M-80 ST,2019-05-03 19:00:00.080,400,189,0.75,200.0,725.2,60,0.8,0.35,0.8,230,592.3909527754279,0.4275097765922147,1385.678141673207,1572.8463833682454,393.2115958420613,1179.634787526184,0.0786423191684122
M-80 ST,2019-05-26 13:30:00.000,500,188,0.74,200.0,281.3,40,0.8,0.45,0.8,230,938.8810191231544,0.5870447894203515,1599.3345585269674,1676.2694011572164,435.8300443008764,1240.43935685634,0.0871660088601752
M-80 ST,2019-05-26 14:00:00.005,500,188,0.72,200.0,282.8,40,0.8,0.45,0.8,230,926.207599468095,0.5947383723912745,1557.3362043953491,1627.9269155698034,455.81953635954505,1172.1073792102584,0.091163907271909
M-80 ST,2019-05-26 14:30:00.010,500,188,0.68,200.0,284.1,40,0.8,0.45,0.8,230,936.4845911188776,0.5925122812398405,1580.531949750088,1653.4296870930905,529.0974998697889,1124.3321872233016,0.1058194999739577
M-80 ST,2019-05-26 15:00:00.015,500,188,0.68,200.0,285.4,40,0.8,0.45,0.8,230,940.607708427748,0.5967663073147319,1576.174286145943,1646.4879650960486,526.8761488307355,1119.611816265313,0.105375229766147
M-80 ST,2019-05-26 15:30:00.020,500,188,0.66,200.0,286.4,40,0.8,0.45,0.8,230,933.1567088696228,0.5928311859000028,1574.0681851157287,1646.4879650960474,559.805908132656,1086.6820569633917,0.1119611816265312
M-80 ST,2019-05-26 16:00:00.025,500,188,0.68,200.0,287.4,40,0.8,0.45,0.8,230,938.535002522967,0.5931232018660292,1582.3609657660252,1654.9969468278105,529.5990229848992,1125.3979238429113,0.1059198045969798
M-80 ST,2019-05-26 16:30:00.030,500,188,0.72,200.0,287.8,40,0.8,0.45,0.8,230,930.4195670375566,0.5863619117965662,1586.7667191868334,1663.4947627530246,465.778533570847,1197.7162291821776,0.0931557067141694
M-80 ST,2019-05-26 17:00:00.035,500,188,0.74,200.0,288.3,40,0.8,0.45,0.8,230,929.1576987380714,0.5848775240757113,1588.6363563148202,1666.3243317663364,433.2443262592474,1233.080005507089,0.0866488652518494
M-80 ST,2019-05-26 17:30:00.040,500,188,0.73,200.0,288.6,40,0.8,0.45,0.8,230,930.1678596691586,0.5720893326856741,1625.9136581038567,1713.323223175132,462.5972702572856,1250.7259529178464,0.0925194540514571
M-80 ST,2019-05-26 18:00:00.045,500,188,0.72,200.0,288.7,40,0.8,0.45,0.8,230,925.1423651676258,0.5430236081034335,1703.687190320844,1815.866258976137,508.44255251331833,1307.4237064628187,0.1016885105026636
M-80 ST,2019-05-26 18:30:00.050,500,188,0.73,200.0,288.9,40,0.8,0.45,0.8,230,934.0611775071172,0.5472945663595967,1706.6881984963795,1815.866258976137,490.2838899235571,1325.58236905258,0.0980567779847114
M-80 ST,2019-05-26 19:00:00.055,500,188,0.71,200.0,288.7,40,0.8,0.45,0.8,230,932.1281131260592,0.5405375443748509,1724.446567729343,1839.9026273168647,533.571761921891,1306.330865394974,0.1067143523843782
M-80 ST,2019-05-26 19:30:00.060,500,188,0.71,200.0,288.5,40,0.8,0.45,0.8,230,923.9296922861256,0.533623432741629,1731.426387216912,1852.7991410597392,537.3117509073245,1315.4873901524147,0.1074623501814649
M-80 ST,2019-05-26 20:00:00.065,500,188,0.71,200.0,288.3,40,0.8,0.45,0.8,230,926.3283282186012,0.5357602174760102,1728.9979696188989,1848.500303145449,536.0650879121802,1312.4352152332688,0.107213017582436
M-80 ST,2019-05-26 20:30:00.070,500,188,0.71,200.0,288.3,40,0.8,0.45,0.8,230,927.7725132006312,0.5354269652076505,1732.7713647011042,1852.7991410597392,537.3117509073245,1315.4873901524147,0.1074623501814649
M-80 ST,2019-05-26 21:00:00.070,500,188,0.71,200.0,288.0,40,0.8,0.45,0.8,230,925.7311660829336,0.5479811006556655,1689.3487110692065,1796.914248173946,521.1051319704443,1275.8091162035016,0.1042210263940888
M-80 ST,2019-05-26 21:30:00.075,500,188,0.69,200.0,287.7,40,0.8,0.45,0.8,230,922.5392652729432,0.5374783492079638,1716.421259818951,1833.7091611766507,568.4498399647618,1265.2593212118888,0.1136899679929523
M-80 ST,2019-05-26 22:00:00.080,500,188,0.72,200.0,287.4,40,0.8,0.45,0.8,230,924.3771871649852,0.5435436314873033,1700.649466972143,1812.237156947416,507.4264039452764,1304.810753002139,0.1014852807890552
M-80 ST,2019-05-26 22:30:00.000,500,188,0.71,200.0,287.1,40,0.8,0.45,0.8,230,921.2267113531004,0.5385409917012816,1710.597197889975,1826.6632325903367,529.732337451198,1296.9308951391392,0.1059464674902395
M-80 ST,2019-05-26 23:00:00.090,500,188,0.67,200.0,286.5,40,0.8,0.45,0.8,230,922.6154289172858,0.5351069528917713,1724.1701381964483,1843.855357132363,608.4722678536798,1235.3830892786832,0.1216944535707359
M-80 ST,2019-05-26 23:30:00.095,500,188,0.69,200.0,286.3,40,0.8,0.45,0.8,230,916.6821286106782,0.5594234811654769,1638.6193277066334,1735.0329861719893,537.8602257133168,1197.1727604586724,0.1075720451426633
M-80 ST,2019-05-27 00:00:00.105,500,188,0.69,200.0,285.9,40,0.8,0.45,0.8,230,915.8841789978349,0.5667439369576852,1616.0458352926632,1706.3339492028836,528.9635242528941,1177.3704249499897,0.1057927048505788
M-80 ST,2019-05-27 00:30:00.115,500,188,0.7,200.0,285.6,40,0.8,0.45,0.8,230,915.9491163553258,0.5601980401186878,1635.0451996605807,1730.7276934023355,519.2183080207008,1211.509385381635,0.1038436616041401
M-80 ST,2019-05-27 01:00:00.125,500,188,0.67,200.0,285.1,40,0.8,0.45,0.8,230,919.5846328531284,0.5458433114001484,1684.7044081098882,1793.5422394594375,591.8689390216143,1201.6733004378232,0.1183737878043228
M-80 ST,2019-05-27 01:30:00.135,500,188,0.69,200.0,284.7,40,0.8,0.45,0.8,230,914.2191977566836,0.5359415249604813,1705.8189283319582,1823.5776358140236,565.3090671023474,1258.268568711676,0.1130618134204694
M-80 ST,2019-05-27 02:00:00.145,500,188,0.71,200.0,284.2,40,0.8,0.45,0.8,230,916.1804406445716,0.5399824940476421,1696.6854495170687,1810.705323090632,525.1045436962834,1285.6007793943488,0.1050209087392566
M-80 ST,2019-05-27 02:30:00.155,500,188,0.67,200.0,283.9,40,0.8,0.45,0.8,230,919.8609644851812,0.5438535842340434,1691.3761187778173,1802.1237812750344,594.7008478207613,1207.422933454273,0.1189401695641522
M-80 ST,2019-05-27 03:00:00.165,500,188,0.72,200.0,283.8,40,0.8,0.45,0.8,230,910.4975709147608,0.5348230067954977,1702.427830040811,1820.8259586391016,509.83126841894864,1310.9946902201532,0.1019662536837897
M-80 ST,2019-05-27 03:30:00.175,500,188,0.69,200.0,283.3,40,0.8,0.45,0.8,230,910.6090258696825,0.5328345614723636,1708.9901663912854,1829.414760330808,567.1185757025505,1262.2961846282572,0.1134237151405101
M-80 ST,2019-05-27 04:00:00.180,500,188,0.71,200.0,282.8,40,0.8,0.45,0.8,230,923.7135750954138,0.5380352199471633,1716.827339269956,1833.7091611766507,531.7756567412287,1301.933504435422,0.1063551313482457
M-80 ST,2019-05-27 04:30:00.190,500,188,0.67,200.0,282.4,40,0.8,0.45,0.8,230,913.6247057610724,0.5369785004916273,1701.417663695304,1818.0671703193225,599.9621662053762,1218.105004113946,0.1199924332410752
M-80 ST,2019-05-27 05:00:00.200,500,188,0.7,200.0,282.2,40,0.8,0.45,0.8,230,913.9715037767984,0.5350055664654693,1708.3401763741997,1827.0061135739904,548.1018340721971,1278.904279501793,0.1096203668144394
M-80 ST,2019-05-27 05:30:00.210,500,188,0.69,200.0,282.0,40,0.8,0.45,0.8,230,911.3771101855108,0.5315401220572805,1714.5970216850303,1836.4499485374145,569.2994840465985,1267.150464490816,0.1138598968093197
M-80 ST,2019-05-27 06:00:00.220,500,188,0.71,200.0,281.5,40,0.8,0.45,0.8,230,912.5712223551456,0.533524960662794,1710.4564727795778,1830.4371497758696,530.8267734350022,1299.6103763408676,0.1061653546870004
M-80 ST,2019-05-27 07:00:00.000,500,188,0.71,200.0,281.0,40,0.8,0.45,0.8,230,917.3583067540004,0.5364115450022446,1710.176291507972,1827.868406721821,530.0818379493282,1297.7865687724927,0.1060163675898656
M-80 ST,2019-05-27 07:29:59.990,500,188,0.71,200.0,280.6,40,0.8,0.45,0.8,230,917.6996788929416,0.5335209800851161,1720.0817084016735,1840.7407194452144,533.8148086391122,1306.925910806102,0.1067629617278224
M-80 ST,2019-05-27 19:00:00.000,500,188,0.69,200.0,281.9,40,0.8,0.45,0.8,230,751.8547801003316,0.4860041101567341,1547.0132132377682,1693.730061680356,525.0563191209105,1168.6737425594454,0.1050112638241821
M-80 ST,2019-05-27 19:29:59.990,500,188,0.69,200.0,281.6,40,0.8,0.45,0.8,230,752.2830878489247,0.4739178474143816,1587.3702413894273,1749.4730763685704,542.3366536742569,1207.1364226943135,0.1084673307348513
M-80 ST,2019-05-27 19:59:59.985,500,188,0.7,200.0,281.1,40,0.8,0.45,0.8,230,748.3123385273274,0.4728580778504057,1582.5305172518697,1745.1851521617848,523.5555456485356,1221.6296065132492,0.1047111091297071
M-80 ST,2019-05-27 20:29:59.980,500,188,0.71,200.0,280.5,40,0.8,0.45,0.8,230,752.0324669826497,0.4622509675582746,1626.8921424979883,1805.2160910567843,523.5126664064676,1281.703424650317,0.1047025332812935
M-80 ST,2019-05-27 20:59:59.975,500,188,0.71,200.0,280.2,40,0.8,0.45,0.8,230,747.5180398992032,0.4609337112017154,1621.7473830463048,1800.928166849999,522.2691683864998,1278.658998463499,0.1044538336772999
M-80 ST,2019-05-27 21:29:59.970,500,188,0.71,200.0,279.8,40,0.8,0.45,0.8,230,749.4685820968009,0.4613289641241745,1624.586012108853,1803.6522815120616,523.0591616384979,1280.5931198735636,0.1046118323276995
M-80 ST,2019-05-27 21:59:59.965,500,188,0.69,200.0,279.5,40,0.8,0.45,0.8,230,748.1232138377823,0.4606803438470752,1623.9529726628075,1803.6522815120625,559.1322072687394,1244.520074243323,0.1118264414537478
M-80 ST,2019-05-27 22:29:59.960,500,188,0.68,200.0,277.8,40,0.8,0.45,0.8,230,743.2791987967108,0.4608437039725418,1612.8661244355358,1791.1625752884925,573.1720240923175,1217.990551196175,0.1146344048184635
M-80 ST,2019-05-27 22:59:59.955,500,188,0.69,200.0,276.5,40,0.8,0.45,0.8,230,740.0134651245057,0.4773569243309185,1550.2309224103883,1705.255497337006,528.6292041744721,1176.626293162534,0.1057258408348944
M-80 ST,2019-05-27 23:29:59.950,500,188,0.69,200.0,274.5,40,0.8,0.45,0.8,230,737.4155157447813,0.4728893813194101,1559.3826904873945,1719.6276305520887,533.0845654711477,1186.543065080941,0.1066169130942295
M-80 ST,2019-05-27 23:59:59.945,500,188,0.69,200.0,272.8,40,0.8,0.45,0.8,230,742.7259059483306,0.4709379652070017,1577.1204719540162,1741.12297593399,539.748122539537,1201.3748533944529,0.1079496245079074
M-80 ST,2019-05-28 00:29:59.940,500,188,0.71,200.0,271.3,40,0.8,0.45,0.8,230,735.5553476323929,0.4585048182222356,1604.247803729451,1784.1136666977918,517.3929633423597,1266.720703355432,0.1034785926684719
M-80 ST,2019-05-28 00:59:59.935,500,188,0.71,200.0,269.9,40,0.8,0.45,0.8,230,739.0088733497986,0.4567494945023674,1617.9741461015851,1801.309943003314,522.3798834709612,1278.9300595323527,0.1044759766941922
M-80 ST,2019-05-28 01:29:59.930,500,188,0.71,200.0,268.8,40,0.8,0.45,0.8,230,739.8041559343699,0.4716335626196271,1568.5994690989,1731.02762072245,501.9980100095106,1229.0296107129395,0.1003996020019021
M-80 ST,2019-05-28 01:59:59.925,500,188,0.7,200.0,268.0,40,0.8,0.45,0.8,230,737.7079479758013,0.4672561149161497,1578.8085472315004,1746.6970490044305,524.0091147013293,1222.6879343031012,0.1048018229402658
M-80 ST,2019-05-28 02:29:59.920,500,188,0.7,200.0,267.1,40,0.8,0.45,0.8,230,736.8498852442707,0.4588927390210751,1605.712670059114,1785.3217994738145,535.5965398421445,1249.72525963167,0.1071193079684289
M-80 ST,2019-05-28 02:59:59.915,500,188,0.69,200.0,266.5,40,0.8,0.45,0.8,230,734.6596056345918,0.4699672797896723,1563.214370931055,1726.7322668248753,535.2870027157114,1191.445264109164,0.1070574005431422
M-80 ST,2019-05-28 03:29:59.910,500,188,0.69,200.0,265.7,40,0.8,0.45,0.8,230,739.0389114620674,0.455641351450996,1621.9750668120616,1806.9960905395324,560.168788067255,1246.827302472277,0.112033757613451
M-80 ST,2019-05-28 03:59:59.905,500,188,0.69,200.0,265.3,40,0.8,0.45,0.8,230,728.0439808971005,0.4624314021335124,1574.3826598672483,1746.762887521549,541.4964951316801,1205.2663923898688,0.108299299026336
M-80 ST,2019-05-28 04:29:59.900,500,188,0.71,200.0,266.4,40,0.8,0.45,0.8,230,735.372517229324,0.4538770040267104,1620.2021928963993,1806.9960905395324,524.0288662564644,1282.967224283068,0.1048057732512928
M-80 ST,2019-05-28 04:59:59.895,500,188,0.71,200.0,267.3,40,0.8,0.45,0.8,230,740.8853827038525,0.4625727928371866,1601.6622554898609,1776.879489030538,515.2950518188561,1261.584437211682,0.1030590103637712
M-80 ST,2019-05-28 05:29:59.890,500,188,0.71,200.0,268.5,40,0.8,0.45,0.8,230,734.592652536439,0.4569007714006339,1607.7728437282735,1789.7866039629662,519.0381151492602,1270.748488813706,0.103807623029852
M-80 ST,2019-05-28 05:59:59.885,500,188,0.69,200.0,269.5,40,0.8,0.45,0.8,230,738.6435688665151,0.4554511041273602,1621.7845607856168,1806.9960905395324,560.168788067255,1246.827302472277,0.112033757613451
M-80 ST,2019-05-28 07:00:00.000,500,188,0.71,200.0,270.5,40,0.8,0.45,0.8,230,738.5238747487047,0.4552428678645708,1622.263470513955,1807.7623276573413,524.2510750206291,1283.5112526367122,0.1048502150041258
M-80 ST,2019-05-28 07:30:00.000,500,188,0.69,200.0,270.9,40,0.8,0.45,0.8,230,740.3099862490932,0.4540811528640111,1630.3473103425686,1818.0798636771412,563.604757739914,1254.4751059372277,0.1127209515479828
M-80 ST,2019-05-28 08:00:00.000,500,188,0.7,200.0,271.4,40,0.8,0.45,0.8,230,745.6521160351305,0.4541305868320137,1641.9332624934,1830.943636297499,549.2830908892497,1281.6605454082494,0.1098566181778499
M-80 ST,2019-05-28 08:29:59.980,500,188,0.72,200.0,271.7,40,0.8,0.45,0.8,230,738.8500667494251,0.4496007080303049,1643.3472046481377,1837.748906552131,514.5696938345968,1323.1792127175345,0.1029139387669193
M-80 ST,2019-05-28 08:59:59.975,500,188,0.7,200.0,272.0,40,0.8,0.45,0.8,230,743.6205700829497,0.4543358337408931,1636.7200534462688,1824.8975155972207,547.4692546791664,1277.4282609180548,0.1094938509358332
M-80 ST,2019-05-28 09:29:59.970,500,188,0.7,200.0,272.2,40,0.8,0.45,0.8,230,739.2663128472143,0.4507039127338003,1640.248269341846,1833.0,549.9000000000001,1283.1,0.10998
M-80 ST,2019-06-11 10:30:00.000,500,189,0.75,200.0,699.1,40,0.8,0.45,0.8,230,873.9126218059897,0.4536216418961862,1926.523210296896,2148.974861625758,537.2437154064396,1611.7311462193184,0.1074487430812879
M-80 ST,2019-06-11 11:00:00.005,500,189,0.78,200.0,699.0,40,0.8,0.45,0.8,230,867.715289388466,0.4258653008576546,2037.534609278955,2315.4813730242427,509.4059020653333,1806.0754709589091,0.1018811804130666
M-80 ST,2019-06-11 11:30:00.010,500,189,0.77,200.0,698.7,40,0.8,0.45,0.8,230,873.6386535491534,0.4404705315356009,1983.4213437693772,2231.282050368816,513.1948715848275,1718.0871787839878,0.1026389743169655
M-80 ST,2019-06-11 12:00:00.015,500,189,0.8,200.0,702.0,40,0.8,0.45,0.8,230,798.2288142917457,0.4235665762072146,1884.5415552837228,2145.1907071609594,429.0381414321919,1716.1525657287675,0.0858076282864383
M-80 ST,2019-06-11 12:30:00.020,500,189,0.75,200.0,700.2,40,0.8,0.45,0.8,230,888.1288200855748,0.4400076059239103,2018.4396999699984,2271.3783958174863,567.8445989543716,1703.5337968631147,0.1135689197908743
M-80 ST,2019-06-11 13:00:00.025,500,189,0.73,200.0,693.0,40,0.8,0.45,0.8,230,886.9933924732971,0.4395729234595881,2017.8526591045647,2271.3783958174863,613.2721668707213,1658.106228946765,0.1226544333741442
M-80 ST,2019-06-11 13:30:00.030,500,189,0.77,200.0,689.9,40,0.8,0.45,0.8,230,886.3586690218069,0.4460375607796869,1987.183921175664,2227.349733300568,512.2904386591306,1715.0592946414374,0.1024580877318261
M-80 ST,2019-06-11 14:00:00.035,500,189,0.78,200.0,688.1,40,0.8,0.45,0.8,230,880.0810316966173,0.4570607391094934,1925.5231447166263,2143.298799968471,471.5257359930636,1671.7730639754077,0.0943051471986127
M-80 ST,2019-06-11 14:30:00.040,500,189,0.7,200.0,687.3,40,0.8,0.45,0.8,230,891.8478368237251,0.429868080862436,2074.7012316765367,2351.0,705.3000000000002,1645.6999999999998,0.14106
M-80 ST,2019-06-13 15:30:00.000,400,189,0.75,200.0,377.4,47,0.8,0.47,0.8,230,1035.757730654471,0.456620724864912,2268.310819577654,2525.537169951211,631.3842924878027,1894.1528774634085,0.1262768584975605
M-80 ST,2019-06-13 16:00:00.000,400,189,0.77,200.0,385.3,47,0.8,0.47,0.8,230,1017.4499454799696,0.4378847307029926,2323.556575828818,2618.4642353778454,602.2467741369044,2016.217461240941,0.1204493548273808
M-80 ST,2019-06-13 16:30:00.000,400,189,0.76,200.0,393.4,47,0.8,0.47,0.8,230,1001.9290761778584,0.410550435537652,2440.453083104744,2805.478837693133,673.3149210463521,2132.1639166467808,0.1346629842092704
M-80 ST,2019-06-13 17:00:00.000,400,189,0.8,200.0,399.3,47,0.8,0.47,0.8,230,995.3153665886462,0.4122806895812506,2414.1692583263552,2771.518227019202,554.3036454038406,2217.214581615362,0.1108607290807681
M-80 ST,2019-06-13 17:30:00.000,400,189,0.79,200.0,405.0,47,0.8,0.47,0.8,230,992.9065251359788,0.4100535009856307,2421.407262099617,2784.6709539948897,584.7809003389266,2199.890053655963,0.1169561800677853
M-80 ST,2019-06-13 18:00:00.000,400,189,0.81,200.0,408.2,47,0.8,0.47,0.8,230,989.3017958181608,0.4048414001226884,2443.677438913979,2822.0,536.1799999999998,2285.82,0.1072359999999999
M-80 ST,2019-06-13 18:30:00.000,400,189,0.78,200.0,398.4,47,0.8,0.47,0.8,230,1022.7473655272702,0.3887364277968765,2630.953243367453,3080.12931387636,677.6284490527992,2402.5008648235607,0.1355256898105598
M-80 ST,2019-06-13 19:00:00.000,400,189,0.83,200.0,401.9,47,0.8,0.47,0.8,230,983.5868565340592,0.3507419059544312,2804.3037910099283,3411.048964749859,579.8783240074763,2831.1706407423826,0.1159756648014952
M-80 ST,2019-06-13 19:30:00.000,400,189,0.81,200.0,407.0,47,0.8,0.47,0.8,230,981.7183453289352,0.4136916581339815,2373.067781344984,2721.360623521506,517.0585184690858,2204.3021050524203,0.1034117036938171
M-80 ST,2019-06-13 20:00:00.000,400,189,0.84,200.0,409.8,47,0.8,0.47,0.8,230,972.3553530683556,0.4026544474460442,2414.8630649327465,2793.702194391906,446.992351102705,2346.7098432892008,0.089398470220541
M-80 ST,2019-06-13 20:30:00.000,400,189,0.8,200.0,409.3,47,0.8,0.47,0.8,230,1051.1420082504749,0.4315322527924746,2435.836490664286,2757.006358248967,551.4012716497932,2205.605086599174,0.1102802543299586
M-80 ST,2019-06-13 21:00:00.000,400,189,0.81,200.0,396.0,47,0.8,0.47,0.8,230,1048.2265782919226,0.4419598029100665,2371.7690418674206,2665.5219843704217,506.4491770303798,2159.072807340042,0.1012898354060759
M-80 ST,2019-06-13 21:30:00.000,400,189,0.82,200.0,387.4,47,0.8,0.47,0.8,230,1041.4825044615286,0.4392304832720682,2371.152604671141,2669.6803650012607,480.5424657002272,2189.137899301033,0.0961084931400454
M-80 ST,2019-06-13 22:00:00.000,400,189,0.79,200.0,382.1,47,0.8,0.47,0.8,230,1048.1629217447996,0.4430092681521209,2366.0067567364763,2657.205223108738,558.0130968528351,2099.192126255903,0.111602619370567
M-80 ST,2019-06-13 22:30:00.000,400,189,0.79,200.0,379.3,47,0.8,0.47,0.8,230,1043.29064303178,0.4419499574168578,2360.653339870612,2653.0468424778896,557.1398369203566,2095.907005557533,0.1114279673840713
M-80 ST,2019-06-13 23:00:00.000,400,189,0.78,200.0,377.4,47,0.8,0.47,0.8,230,1049.6222613879368,0.4429501360205216,2369.617200748096,2661.363603739578,585.4999928227071,2075.863610916871,0.1170999985645414
M-80 ST,2020-02-16 16:00:00.000,500,200,0.9,200.0,779.3,45,0.8,0.47,0.8,230,1593.1968744298763,0.5332258953763941,2987.8460296930416,3197.843437445292,319.784343744529,2878.0590937007623,0.0639568687489058
M-80 ST,2020-02-16 16:30:00.000,500,200,0.89,200.0,781.0,45,0.8,0.47,0.8,230,1588.0132017537949,0.5561440197898082,2855.399222586222,3027.291787448209,333.00209661930285,2694.2896908289063,0.0666004193238605
M-80 ST,2020-02-16 17:00:00.000,500,200,0.9,200.0,782.0,45,0.8,0.47,0.8,230,1573.9688691927968,0.5463546731737917,2880.8555073750194,3066.3251986921127,306.63251986921114,2759.6926788229016,0.0613265039738422
M-80 ST,2020-02-16 17:30:00.000,500,200,0.9,200.0,782.8,45,0.8,0.47,0.8,230,1588.0984859625578,0.5291060146563512,3001.4750200751564,3218.2145158015755,321.8214515801574,2896.393064221418,0.0643642903160314
M-80 ST,2020-02-16 18:00:00.000,500,200,0.91,200.0,783.0,45,0.8,0.47,0.8,230,1582.4149734094376,0.5312908161231471,2978.434645184328,3190.4528659454177,287.14075793508755,2903.31210801033,0.0574281515870175
M-80 ST,2020-02-16 18:30:00.000,500,200,0.9,200.0,783.4,45,0.8,0.47,0.8,230,1573.848777592206,0.5313129814210003,2962.1876984502364,3173.01869727905,317.3018697279049,2855.716827551145,0.0634603739455809
M-80 ST,2020-02-16 19:00:00.000,500,200,0.89,200.0,783.3,45,0.8,0.47,0.8,230,1594.8436310310751,0.5329040781104899,2992.7405259983907,3203.528492445194,352.3881341689712,2851.1403582762227,0.0704776268337942
M-80 ST,2020-02-16 19:30:00.000,500,200,0.9,200.0,782.3,45,0.8,0.47,0.8,230,1578.976916238077,0.5250703979569169,3007.1718428271306,3230.108264475236,323.0108264475234,2907.0974380277125,0.0646021652895046
M-80 ST,2020-02-16 20:00:00.000,500,200,0.91,200.0,782.0,45,0.8,0.47,0.8,230,1578.705389172176,0.5320557804671765,2967.1802226939044,3177.3381053898856,285.96042948508966,2891.377675904796,0.0571920858970179
M-80 ST,2020-02-16 20:30:00.000,500,200,0.91,200.0,781.8,45,0.8,0.47,0.8,230,1575.3011439390475,0.5326098380510215,2957.701926242192,3166.426098531242,284.97834886781175,2881.4477496634304,0.0569956697735623
M-80 ST,2020-02-16 21:00:00.000,500,200,0.93,200.0,782.6,45,0.8,0.47,0.8,230,1573.4138965245547,0.534176929786064,2945.49204353453,3151.2176329867007,220.5852343090687,2930.632398677632,0.0441170468618137
M-80 ST,2020-02-16 21:30:00.000,500,200,0.92,200.0,783.0,45,0.8,0.47,0.8,230,1561.1501684831528,0.5247538194400111,2975.01439846427,3196.0204323230346,255.6816345858429,2940.338797737192,0.0511363269171685
M-80 ST,2020-02-16 22:00:00.000,500,200,0.93,200.0,783.8,45,0.8,0.47,0.8,230,1563.2012507671084,0.5467836866354189,2858.902503814841,3042.424054660863,212.96968382626028,2829.4543708346027,0.042593936765252
M-80 ST,2020-02-16 22:30:00.000,500,200,0.93,200.0,783.9,45,0.8,0.47,0.8,230,1561.0715494611431,0.5355519426106338,2914.8835533140814,3116.6283248197315,218.16398273738105,2898.4643420823504,0.0436327965474762
M-80 ST,2020-02-16 23:00:00.000,500,200,0.91,200.0,784.4,45,0.8,0.47,0.8,230,1554.469539292699,0.5276435438845658,2946.060000750763,3160.8395875329425,284.4755628779649,2876.3640246549776,0.0568951125755929
M-80 ST,2020-02-16 23:30:00.000,500,200,0.9,200.0,785.8,45,0.8,0.47,0.8,230,1568.0792170466798,0.5376699659462174,2916.434460472604,3115.468849479017,311.5468849479016,2803.9219645311155,0.0623093769895803
M-80 ST,2020-02-17 00:00:00.000,500,200,0.9,200.0,788.3,45,0.8,0.47,0.8,230,1560.1255825439189,0.5348551328352945,2916.9124250030336,3119.730776769685,311.9730776769684,2807.757699092717,0.0623946155353936
M-80 ST,2020-02-17 00:30:00.000,500,200,0.92,200.0,790.6,45,0.8,0.47,0.8,230,1550.689564116282,0.5329794170242096,2909.473639290361,3114.295171799832,249.1436137439864,2865.1515580558457,0.0498287227487972
M-80 ST,2020-02-17 01:00:00.000,500,200,0.91,200.0,792.9,45,0.8,0.47,0.8,230,1551.3852968415918,0.5341450929343631,2904.4267510143154,3107.3268242828844,279.6594141854593,2827.667410097425,0.0559318828370918
M-80 ST,2020-02-17 01:30:00.000,500,200,0.9,200.0,794.2,45,0.8,0.47,0.8,230,1542.7034951315188,0.5297868573451153,2911.932362502089,3121.271107266936,312.12711072669345,2809.143996540242,0.0624254221453386
M-80 ST,2020-02-17 02:00:00.000,500,200,0.92,200.0,790.0,45,0.8,0.47,0.8,230,1552.703360514556,0.5324095963238085,2916.3699738616483,3122.448823311898,249.7959058649517,2872.6529174469465,0.0499591811729903
M-80 ST,2020-02-17 02:30:00.000,500,200,0.91,200.0,788.8,45,0.8,0.47,0.8,230,1549.495322119265,0.5268389007077262,2941.117901578184,3156.664573897538,284.0998116507785,2872.5647622467595,0.0568199623301557
M-80 ST,2020-02-17 03:00:00.000,500,200,0.91,200.0,789.1,45,0.8,0.47,0.8,230,1548.3443093878204,0.5332940923586728,2903.3592000611634,3107.3268242828835,279.6594141854593,2827.667410097424,0.0559318828370918
M-80 ST,2020-02-17 03:30:00.000,500,200,0.9,200.0,789.4,45,0.8,0.47,0.8,230,1550.8712935195788,0.5295521079674523,2928.6471910615064,3139.511385187917,313.9511385187916,2825.5602466691253,0.0627902277037583
M-80 ST,2020-02-17 04:00:00.000,500,200,0.93,200.0,789.7,45,0.8,0.47,0.8,230,1540.857446637693,0.5209664274333801,2957.6904873294056,3182.857238102575,222.80000666718024,2960.057231435395,0.044560001333436
M-80 ST,2020-02-17 04:29:59.990,500,200,0.9,200.0,790.0,45,0.8,0.47,0.8,230,1549.8580906936493,0.5276216206944508,2937.4423448639955,3151.624291987498,315.1624291987496,2836.4618627887485,0.0630324858397499
M-80 ST,2020-02-17 04:59:59.985,500,200,0.91,200.0,790.2,45,0.8,0.47,0.8,230,1549.9589639297528,0.534523304789287,2899.7032496847974,3101.767819037369,279.15910371336304,2822.608715324005,0.0558318207426726
M-80 ST,2020-02-17 05:29:59.980,500,200,0.91,200.0,790.8,45,0.8,0.47,0.8,230,1538.8126308716576,0.5263739065348605,2923.4211874249613,3138.320425757561,282.4488383181806,2855.8715874393806,0.0564897676636361
M-80 ST,2020-02-17 05:59:59.975,500,200,0.92,200.0,791.0,45,0.8,0.47,0.8,230,1548.145210347511,0.5239434191241475,2954.7946473599677,3175.4549443658548,254.03639554926804,2921.4185488165867,0.0508072791098536
M-80 ST,2020-02-17 06:29:59.970,500,200,0.93,200.0,790.7,45,0.8,0.47,0.8,230,1542.5801296717882,0.5225333226692733,2952.118195623923,3174.5993838490217,222.22195686943127,2952.3774269795904,0.0444443913738862
M-80 ST,2020-02-17 06:59:59.965,500,200,0.9,200.0,791.0,45,0.8,0.47,0.8,230,1543.7692145581436,0.5272131067007506,2928.1692638843983,3142.244448037429,314.2244448037427,2828.020003233686,0.0628448889607485
M-80 ST,2020-02-17 07:29:59.960,500,200,0.91,200.0,791.4,45,0.8,0.47,0.8,230,1544.3586269521898,0.5290772232160915,2918.96637992565,3129.7875359361515,281.68087823425367,2848.106657701898,0.0563361756468507
M-80 ST,2020-02-17 07:59:59.955,500,200,0.9,200.0,791.3,45,0.8,0.47,0.8,230,1546.77901603105,0.5373316600218876,2878.629961927134,3075.5267781528373,307.55267781528346,2767.974100337554,0.0615105355630566
M-80 ST,2020-02-17 08:29:59.950,500,200,0.91,200.0,791.5,45,0.8,0.47,0.8,230,1547.6859248479666,0.5338190504774611,2899.270686319039,3102.246999555879,279.20222996002894,2823.04476959585,0.0558404459920057
M-80 ST,2020-02-17 08:59:59.945,500,200,0.9,200.0,791.7,45,0.8,0.47,0.8,230,1566.54483688852,0.5381873970904767,2910.7794893702467,3108.745049919641,310.874504991964,2797.870544927677,0.0621749009983927
M-80 ST,2020-02-17 09:29:59.940,500,200,0.9,200.0,791.3,45,0.8,0.47,0.8,230,1550.670364098028,0.5300310701464751,2925.621631330966,3135.608345229256,313.5608345229257,2822.0475107063303,0.0627121669045851
M-80 ST,2020-02-17 09:59:59.935,500,200,0.9,200.0,791.3,45,0.8,0.47,0.8,230,1569.7216978218862,0.5383165438619513,2915.982642035304,3114.131575741385,311.4131575741385,2802.7184181672465,0.0622826315148277
M-80 ST,2020-02-17 10:29:59.930,500,200,0.9,200.0,791.3,45,0.8,0.47,0.8,230,1574.5455211312865,0.5396635097375652,2917.6431104207463,3114.131575741385,311.4131575741385,2802.7184181672465,0.0622826315148277
M-145,2019-09-15 14:00:00.000,1000,135,0.04,200.0,3016.1,40,0.8,0.62,0.8,230,3888.673326268216,1.2269247603978672,3169.4472650525013,3139.917653180262,3014.3209470530514,125.59670612721048,0.6028641894106103
M-145,2019-09-15 14:30:00.000,1000,135,0.02,200.0,3012.8,40,0.8,0.62,0.8,230,3924.9699091690154,1.278562230309869,3069.830952395465,3024.217203674955,2963.732859601456,60.484344073499095,0.5927465719202911
M-145,2019-09-15 15:00:00.000,1000,135,0.04,200.0,3014.2,40,0.8,0.62,0.8,230,3870.310549182603,1.2378859032010658,3126.5486901291265,3093.6033127821597,2969.859180270873,123.74413251128637,0.5939718360541746
M-145,2019-09-15 15:30:00.000,1000,135,0.04,200.0,3012.8,40,0.8,0.62,0.8,230,3845.613774211044,1.2608456447923837,3050.027408267155,3010.330006919921,2889.916806643124,120.41320027679684,0.5779833613286248
M-145,2019-09-15 16:00:00.000,1000,135,0.05,200.0,3010.4,40,0.8,0.62,0.8,230,3973.798220383341,1.2884255440235284,3084.2280633259275,3035.311998678591,2883.546398744661,151.76559993392956,0.5767092797489324
M-145,2019-09-15 16:30:00.000,1000,135,0.03,200.0,3012.2,40,0.8,0.62,0.8,230,3978.888648633548,1.3122032694135386,3032.219734075063,2977.0206845750245,2887.710064037774,89.31062053725073,0.5775420128075548
M-145,2019-09-15 17:00:00.000,1000,135,0.05,200.0,3012.5,40,0.8,0.62,0.8,230,3963.4707898052247,1.2901589229959258,3072.0795083147605,3022.821002799257,2871.679952659294,151.14105013996286,0.5743359905318588
M-145,2019-09-15 17:30:00.000,1000,135,0.05,200.0,3010.2,40,0.8,0.62,0.8,230,3848.258426235066,1.260074207762521,3053.9934890567374,3014.4936722130315,2863.76898860238,150.72468361065157,0.5727537977204761
M-145,2019-09-15 18:00:00.000,1000,135,0.03,200.0,3008.7,40,0.8,0.62,0.8,230,3941.718782916949,1.2776884335647944,3085.0391060670545,3039.475663971704,2948.2913940525527,91.1842699191511,0.5896582788105106
M-145,2019-09-15 18:30:00.000,1000,135,0.05,200.0,3015.4,40,0.8,0.62,0.8,230,3504.499052677759,1.1557562330148263,3032.2129810506526,3029.94938590098,2878.451916605931,151.497469295049,0.5756903833211862
M-145,2019-09-15 19:00:00.000,1000,135,0.05,200.0,3026.9,40,0.8,0.62,0.8,230,3540.218537980791,1.237620222785596,2860.504759701309,2830.446545677049,2688.9242183931965,141.52232728385246,0.5377848436786393
M-145,2019-09-15 19:30:00.000,1000,135,0.04,200.0,3027.3,40,0.8,0.62,0.8,230,3413.481572390868,1.177559721097342,2898.775757385723,2888.634874075695,2773.089479112667,115.5453949630278,0.5546178958225334
M-145,2019-09-15 20:00:00.000,1000,135,0.04,200.0,3026.0,40,0.8,0.62,0.8,230,3525.682942072966,1.226829629997111,2873.816262557392,2847.0717823623754,2733.1889110678803,113.88287129449502,0.5466377822135761
M-145,2019-09-15 20:30:00.000,1000,135,0.02,200.0,3025.5,40,0.8,0.62,0.8,230,3505.5274720592006,1.2191129087019623,2875.47400001832,2851.2280915337087,2794.2035297030347,57.02456183067417,0.558840705940607
M-145,2019-09-15 21:00:00.000,1000,135,0.03,200.0,3027.2,40,0.8,0.62,0.8,230,3425.5330872435297,1.176194739097471,2912.3859964482094,2902.6892364599207,2815.6085593661232,87.08067709379762,0.5631217118732247
M-145,2019-09-15 21:30:00.000,1000,135,0.05,200.0,3025.8,40,0.8,0.62,0.8,230,3513.680308817772,1.2326744813464263,2850.4527042531518,2822.061694648028,2680.9586099156268,141.1030847324014,0.5361917219831254
M-145,2019-09-15 22:00:00.000,1000,135,0.04,200.0,3023.0,40,0.8,0.62,0.8,230,3570.4516961011564,1.255345624931582,2844.198143675174,2808.8414476671305,2696.487789760445,112.35365790668524,0.539297557952089
M-145,2019-09-15 22:30:00.000,1000,135,0.03,200.0,3025.8,40,0.8,0.62,0.8,230,3536.651402172511,1.2305173438956638,2874.1174756431437,2846.1820282121826,2760.7965673658173,85.38546084636548,0.5521593134731634
M-145,2019-09-15 23:00:00.005,1000,135,0.05,200.0,3025.6,40,0.8,0.62,0.8,230,3581.625017146647,1.2227445539574306,2929.168652237841,2903.260170522244,2758.0971619961315,145.16300852611218,0.5516194323992264
M-145,2019-09-15 23:30:00.010,1000,135,0.03,200.0,3023.5,40,0.8,0.62,0.8,230,3477.8071379001526,1.2079128099458605,2879.18723045584,2858.628888393876,2772.87002174206,85.75886665181628,0.554574004348412
M-145,2019-09-16 00:00:00.015,1000,135,0.05,200.0,3026.9,40,0.8,0.62,0.8,230,3473.710185604544,1.2128368752860943,2864.1198634277466,2842.0330748182914,2699.931421077377,142.10165374091457,0.5399862842154753
M-145,2019-09-16 00:30:00.020,1000,135,0.045,200.0,3027.8,40,0.8,0.62,0.8,230,3450.8132066732005,1.2018250442857157,2871.310781116342,2852.857661585076,2724.479066813747,128.3785947713284,0.5448958133627494
M-145,2019-09-16 01:00:00.025,1000,135,0.04,200.0,3028.9,40,0.8,0.62,0.8,230,3438.048450825584,1.208721841954869,2844.36694323751,2823.7892429080784,2710.837673191755,112.95156971632314,0.5421675346383511
M-145,2019-09-16 01:30:00.030,1000,135,0.05,200.0,3028.3,40,0.8,0.62,0.8,230,3464.9082174426985,1.214807162176686,2852.229000061451,2829.586214636607,2688.1069039047766,141.47931073183037,0.5376213807809553
M-145,2019-09-16 02:00:00.035,1000,135,0.04,200.0,3029.2,40,0.8,0.62,0.8,230,3445.9927183718382,1.195201228129018,2883.190409506386,2866.926795181659,2752.249723374393,114.67707180726636,0.5504499446748786
M-145,2019-09-16 02:30:00.040,1000,135,0.06,200.0,3028.2,40,0.8,0.62,0.8,230,3437.263653371233,1.1925536225753528,2882.271780742544,2866.926795181659,2694.91118747076,172.01560771089953,0.538982237494152
M-145,2019-09-16 03:00:00.045,1000,135,0.05,200.0,3030.4,40,0.8,0.62,0.8,230,3412.630605524085,1.1871673872222188,2874.599354947825,2861.1629240642187,2718.104777861008,143.05814620321095,0.5436209555722015
M-145,2019-09-16 03:30:00.050,1000,135,0.05,200.0,3028.4,40,0.8,0.62,0.8,230,3461.65029945532,1.2005407300102413,2883.409294598268,2865.315555303786,2722.049777538597,143.2657777651893,0.5444099555077193
M-145,2019-09-16 04:00:00.055,1000,135,0.04,200.0,3029.3,40,0.8,0.62,0.8,230,3462.613123080947,1.2085032408122418,2865.2079747454422,2844.552399105932,2730.770303141695,113.78209596423729,0.5461540606283389
M-145,2019-09-16 04:30:00.060,1000,135,0.03,200.0,3029.4,40,0.8,0.62,0.8,230,3434.3042347551395,1.1922417534274377,2880.5435012506955,2865.315555303786,2779.356088644672,85.95946665911357,0.5558712177289344
M-145,2019-09-16 05:00:00.065,1000,135,0.05,200.0,3029.6,40,0.8,0.62,0.8,230,3416.028013339577,1.1973202788552617,2853.061184769698,2836.2471366267982,2694.4347797954583,141.8123568313399,0.5388869559590916
M-145,2019-09-16 05:30:00.070,1000,135,0.06,200.0,3025.9,40,0.8,0.62,0.8,230,3487.905186585379,1.2162348961357363,2867.789106912877,2844.552399105932,2673.879255159576,170.67314394635594,0.5347758510319153
M-145,2019-09-16 06:00:00.075,1000,135,0.04,200.0,3029.9,40,0.8,0.62,0.8,230,3456.3394699698447,1.2019782130749768,2875.5425284520074,2857.010292824633,2742.7298811116475,114.28041171298533,0.5485459762223296
M-145,2019-09-16 06:30:00.080,1000,135,0.05,200.0,3030.5,40,0.8,0.62,0.8,230,3433.451891275284,1.1919830844504795,2880.453536686011,2865.315555303786,2722.049777538597,143.2657777651893,0.5444099555077193
M-145,2019-09-16 07:00:00.085,1000,135,0.06,200.0,3029.3,40,0.8,0.62,0.8,230,3449.622043794221,1.1923584050539688,2893.108338208161,2877.773449022505,2705.1070420811548,172.66640694135032,0.5410214084162309
M-145,2019-09-16 07:30:00.090,1000,135,0.01,200.0,3029.4,40,0.8,0.62,0.8,230,3438.581963413249,1.2120096911642655,2837.0911457895377,2815.483980428926,2787.3291406246367,28.15483980428926,0.5574658281249274
M-145,2019-09-16 08:00:00.095,1000,135,0.05,200.0,3030.9,40,0.8,0.62,0.8,230,3442.2428828902653,1.2056845239069378,2855.011252641706,2835.3685338651503,2693.600107171893,141.7684266932575,0.5387200214343786
M-145,2019-09-16 08:30:00.000,1000,135,0.05,200.0,3029.7,40,0.8,0.62,0.8,230,3469.879590314264,1.2141602896538228,2857.843087014141,2835.3685338651503,2693.600107171893,141.7684266932575,0.5387200214343786
M-145,2019-09-16 09:00:00.105,1000,135,0.04,200.0,3031.4,40,0.8,0.62,0.8,230,3431.896107364013,1.1979152029458586,2864.8906858552677,2847.804360768056,2733.892186337334,113.91217443072225,0.5467784372674668
M-145,2019-09-16 09:30:00.215,1000,135,0.03,200.0,3028.6,40,0.8,0.62,0.8,230,3440.057353817762,1.2062854199283393,2851.7772800587463,2831.956367355745,2746.997676335073,84.95869102067235,0.5493995352670146
M-145,2019-09-16 10:00:00.325,1000,135,0.05,200.0,3034.8,40,0.8,0.62,0.8,230,3415.034841942432,1.2075469731646529,2828.076189030189,2808.003417423808,2667.6032465526173,140.4001708711904,0.5335206493105235
M-145,2019-09-18 16:29:59.990,800,136,0.15,200.0,2547.6,40,0.8,0.62,0.8,230,2621.826612449062,1.1322702405069265,2315.5484606530413,2321.0,1972.85,348.15,0.39457
M-145,2019-09-18 16:59:59.985,800,136,0.14,200.0,2547.1,40,0.8,0.62,0.8,230,2636.6896900917814,1.135291638830284,2322.477854948725,2327.0,2001.22,325.78000000000003,0.400244
M-145,2019-09-18 17:29:59.980,800,136,0.17,200.0,2545.4,40,0.8,0.62,0.8,230,2633.193905677133,1.1331403310534969,2323.8021218687145,2329.0,1933.07,395.93,0.386614
M-145,2019-09-18 17:59:59.975,800,136,0.15,200.0,2545.0,40,0.8,0.62,0.8,230,2631.489322127079,1.1312399590301585,2326.199053632373,2332.0,1982.2,349.8,0.39644
M-145,2019-09-18 18:29:59.970,800,136,0.16,200.0,2548.6,40,0.8,0.62,0.8,230,2619.005576021,1.1261663750800424,2325.59383229219,2333.0,1959.72,373.28,0.391944
M-145,2019-09-18 18:59:59.965,800,136,0.15,200.0,2551.2,40,0.8,0.62,0.8,230,2617.1134342866108,1.1090184628837505,2359.8465867569075,2373.0,2017.05,355.95,0.40341
M-145,2019-09-18 19:29:59.960,800,136,0.16,200.0,2553.0,40,0.8,0.62,0.8,230,2605.8061711144564,1.1216631259282783,2323.162909503613,2332.0,1958.88,373.12,0.391776
M-145,2019-09-18 19:59:59.955,800,136,0.17,200.0,2554.6,40,0.8,0.62,0.8,230,2621.330316222281,1.1464605002213992,2286.454976613727,2287.5143227190547,1898.6368878568155,388.87743486223934,0.379727377571363
M-145,2019-09-18 20:29:59.950,800,136,0.14,200.0,2555.9,40,0.8,0.62,0.8,230,2635.095156200153,1.1338056283835054,2324.1154305761147,2329.1054922230373,2003.030723311812,326.07476891122525,0.4006061446623624
M-145,2019-09-18 20:59:59.945,800,136,0.15,200.0,2557.6,40,0.8,0.62,0.8,230,2607.501185474477,1.1064244855954843,2356.6915044103566,2370.6966617270205,2015.0921624679677,355.60449925905306,0.4030184324935935
M-145,2019-09-18 21:29:59.940,800,136,0.16,200.0,2558.9,40,0.8,0.62,0.8,230,2611.810867383435,1.1259809238758491,2319.5871368700145,2327.0330691116574,1954.7077780537925,372.3252910578652,0.3909415556107584
M-145,2019-09-18 21:59:59.935,800,136,0.15,200.0,2641.5,0,0.8,0.62,0.8,230,0.0,0.15,0.0,2495.470170238969,2121.149644703124,374.3205255358453,0.4242299289406247
M-145,2019-09-19 01:29:59.900,800,136,0.15,200.0,2569.7,40,0.8,0.62,0.8,230,2579.503684488,1.0978418181242022,2349.6132520214974,2366.477865054015,2011.506185295913,354.97167975810225,0.4023012370591826
M-145,2019-09-19 01:59:59.895,800,136,0.14,200.0,2569.8,40,0.8,0.62,0.8,230,2570.1821365961714,1.09441660382633,2348.449509638495,2366.477865054015,2035.170963946453,331.30690110756217,0.4070341927892905
M-145,2019-09-19 02:29:59.885,800,136,0.16,200.0,2570.7,40,0.8,0.62,0.8,230,2579.109345385394,1.1146200769786343,2313.890982814974,2324.9607095267515,1952.9669960024712,371.9937135242803,0.3905933992004942
M-145,2019-09-19 02:59:59.880,800,136,0.14,200.0,2574.0,40,0.8,0.62,0.8,230,2529.015374275114,1.0958842872940977,2307.739424314251,2324.9607095267515,1999.4662101930064,325.49449933374524,0.3998932420386012
M-145,2019-09-19 03:29:59.875,800,136,0.15,200.0,2576.1,40,0.8,0.62,0.8,230,2532.945352165027,1.081564228015562,2341.927817650217,2364.368563708826,2009.713279152502,354.6552845563239,0.4019426558305004
M-145,2019-09-19 03:59:59.870,800,136,0.13,200.0,2574.8,40,0.8,0.62,0.8,230,2540.192776361739,1.0842296787806724,2342.854863757693,2364.368563708826,2057.0006504266785,307.3679132821474,0.4114001300853357
M-145,2019-09-19 04:29:59.865,800,136,0.13,200.0,2576.0,40,0.8,0.62,0.8,230,2554.2229319186704,1.1053122381632907,2310.860989074952,2324.9607095267515,2022.715817288274,302.2448922384777,0.4045431634576548
M-145,2019-09-19 04:59:59.860,800,136,0.15,200.0,2575.4,40,0.8,0.62,0.8,230,2521.9766890379465,1.1104017598849634,2271.2290093085057,2283.4435539994884,1940.9270208995647,342.51653309992327,0.388185404179913
M-145,2019-09-19 05:29:59.855,800,136,0.16,200.0,2577.1,40,0.8,0.62,0.8,230,2553.896367722606,1.1051900989525163,2310.820889676041,2324.9607095267515,1952.9669960024712,371.9937135242803,0.3905933992004942
M-145,2019-09-19 05:59:59.850,800,136,0.15,200.0,2579.4,40,0.8,0.62,0.8,230,2496.599584172918,1.0837603647470948,2303.6454048174405,2324.9607095267515,1976.2166030977387,348.7441064290128,0.3952433206195477
M-145,2019-09-19 06:30:00.000,800,136,0.16,200.0,2580.6,40,0.8,0.62,0.8,230,2502.0512185203106,1.1036639043634138,2267.0409067726805,2281.408263227814,1916.382941111364,365.02532211645024,0.3832765882222727
M-145,2019-09-19 07:00:00.000,800,136,0.14,200.0,2577.7,40,0.8,0.62,0.8,230,2549.333632594929,1.1051863144697536,2306.700326648587,2320.816180936363,1995.901915605272,324.9142653310908,0.3991803831210543
M-145,2019-09-19 07:29:59.990,800,136,0.16,200.0,2578.0,40,0.8,0.62,0.8,230,2547.1265723820125,1.140590475589535,2233.164862318777,2235.931725790492,1878.1826496640128,357.7490761264786,0.3756365299328025
M-145,2019-09-19 07:59:59.985,800,136,0.22,200.0,2578.5,40,0.8,0.62,0.8,230,2545.255769506785,1.1045106640230604,2304.4193708696,2318.74401193088,1808.6203293060864,510.1236826247936,0.3617240658612172
M-145,2019-09-19 08:29:59.980,800,136,0.18,200.0,2579.3,40,0.8,0.62,0.8,230,2559.573324626685,1.059941101577264,2414.8259944046586,2446.0,2005.72,440.28,0.401144
M-145,2019-09-19 08:59:59.975,800,136,0.15,200.0,2579.7,40,0.8,0.62,0.8,230,2539.2791347520742,1.1021642142422987,2303.9027233321526,2319.0,1971.15,347.85,0.39423
M-145,2019-09-19 09:29:59.970,800,136,0.13,200.0,2580.4,40,0.8,0.62,0.8,230,2551.835060563524,1.1068723627363832,2305.446541509934,2319.0,2017.53,301.47,0.403506
M-145,2019-09-19 09:59:59.965,800,136,0.14,200.0,2580.3,40,0.8,0.62,0.8,230,2552.548539132303,1.1071398988065708,2305.5338732564824,2319.0,1994.34,324.66,0.398868
M-145,2019-09-19 10:29:59.960,800,136,0.12,200.0,2581.4,40,0.8,0.62,0.8,230,2551.3180913004007,1.123897045959614,2270.063882161035,2278.0,2004.64,273.36,0.400928
M-145,2019-09-19 10:59:59.955,800,136,0.15,200.0,2581.7,40,0.8,0.62,0.8,230,2547.647476775296,1.08950196436748,2338.359691030346,2358.0,2004.3,353.7,0.40086
M-145,2019-09-19 11:29:59.950,800,136,0.13,200.0,2582.2,40,0.8,0.62,0.8,230,2539.063925476858,1.102905340667977,2302.159425521567,2317.0,2015.79,301.21000000000004,0.403158
M-145,2019-09-19 11:59:59.945,800,136,0.12,200.0,2583.3,40,0.8,0.62,0.8,230,2571.7477559452627,1.1338549918496004,2268.145198840727,2273.0,2000.24,272.76,0.400048
M-145,2019-09-19 12:29:59.940,800,136,0.15,200.0,2584.2,40,0.8,0.62,0.8,230,2570.9528029349613,1.132686212301944,2269.7837892014645,2275.0,1933.75,341.25,0.38675
M-145,2019-09-19 12:59:59.935,800,136,0.13,200.0,2585.0,40,0.8,0.62,0.8,230,2543.0971505915422,1.105503730654118,2300.396715157905,2314.3696415371087,2013.501588137285,300.86805339982413,0.4027003176274569
M-145,2019-09-19 13:29:59.930,800,136,0.13,200.0,2586.5,40,0.8,0.62,0.8,230,2535.6288198895727,1.1200194726455808,2263.914942389531,2273.041612223946,1977.5462026348328,295.49540958911297,0.3955092405269665
M-145,2019-09-19 13:59:59.925,800,136,0.15,200.0,2587.8,40,0.8,0.62,0.8,230,2550.817550771321,1.1073164514726015,2303.6030462466542,2317.0,1969.45,347.55,0.39389
M-145,2019-09-19 14:29:59.920,800,136,0.2,200.0,2588.2,40,0.8,0.62,0.8,230,2537.796702925165,1.119883997577269,2266.1246239926413,2275.302765265231,1820.2422122121848,455.0605530530462,0.3640484424424369
M-145,2019-09-19 14:59:59.915,800,136,0.18,200.0,2588.4,40,0.8,0.62,0.8,230,2542.6266211350594,1.1397248721810918,2230.912637950275,2233.93362407859,1831.825571744444,402.1080523341462,0.3663651143488888
M-145,2019-09-19 15:29:59.905,800,136,0.22,200.0,2589.0,40,0.8,0.62,0.8,230,2510.190390088257,1.1094612097805092,2262.531008709049,2275.0,1774.5,500.5,0.3549
M-145,2019-09-19 15:59:59.900,800,136,0.2,200.0,2588.6,40,0.8,0.62,0.8,230,2555.6190942640533,1.143862912912831,2234.200502013134,2236.0,1788.8,447.2000000000001,0.35776
M-145,2019-09-19 16:29:59.895,800,136,0.2,200.0,2586.3,40,0.8,0.62,0.8,230,2553.843936068066,1.106800455601246,2307.411352374936,2321.0,1856.8,464.2000000000001,0.37136
M-145,2019-09-19 16:59:59.890,1000,136,0.18,200.0,2617.2,40,0.8,0.62,0.8,230,2332.309360804504,1.0884984249661005,2142.685103910132,2161.0,1772.02,388.98,0.354404
M-145,2019-09-19 17:29:59.885,1000,136,0.12,200.0,2625.5,40,0.8,0.62,0.8,230,2321.353605659799,1.204082690729844,1927.902147860569,1915.0,1685.2,229.8,0.33704
M-145,2019-09-19 17:59:59.880,1000,136,0.15,200.0,2625.5,40,0.8,0.62,0.8,230,2324.534307177905,1.205526987025953,1928.2308336477429,1915.0,1627.75,287.25,0.32555
M-145,2019-09-19 18:29:59.875,1000,136,0.14,200.0,2624.2,40,0.8,0.62,0.8,230,2299.843810801761,1.148933158494445,2001.7211565339987,2002.0,1721.72,280.28000000000003,0.344344
M-145,2019-09-19 18:59:59.870,1000,136,0.16,200.0,2625.9,40,0.8,0.62,0.8,230,2279.4427498867526,1.1664739129929778,1954.1309278302524,1950.0,1638.0,312.0,0.3276
M-145,2019-09-19 19:29:59.865,1000,136,0.15,200.0,2626.9,40,0.8,0.62,0.8,230,2298.9649131767874,1.192119961942468,1928.4677604347808,1918.3011529453047,1630.5559800035094,287.7451729417958,0.3261111960007019
M-145,2019-09-19 19:59:59.860,1000,136,0.14,200.0,2626.9,40,0.8,0.62,0.8,230,2280.878335662705,1.206897352308356,1889.869367349438,1876.5989539682328,1613.8751004126805,262.7238535555527,0.3227750200825361
M-145,2019-09-19 20:29:59.855,1000,136,0.13,200.0,2626.7,40,0.8,0.62,0.8,230,2297.041306153729,1.1921729264752734,1926.7685544118683,1916.5986488421452,1667.4408244926665,249.1578243494789,0.3334881648985333
M-145,2019-09-19 20:59:59.850,1000,136,0.16,200.0,2626.9,40,0.8,0.62,0.8,230,2289.1051956639158,1.1682840010645446,1959.373913858338,1954.7849666871923,1642.0193720172415,312.7655946699508,0.3284038744034483
M-145,2019-09-19 21:29:59.845,1000,136,0.14,200.0,2626.1,40,0.8,0.62,0.8,230,2293.9485785826123,1.1509606616663968,1993.0729650319777,1992.8234653086447,1713.8281801654343,278.99528514321025,0.3427656360330868
M-145,2019-09-19 21:59:59.840,1000,136,0.13,200.0,2627.1,40,0.8,0.62,0.8,230,2288.9337233462948,1.1487724378926074,1992.5040398299277,1992.8234653086445,1733.7564148185206,259.0670504901238,0.3467512829637041
M-145,2019-09-19 22:29:59.835,1000,136,0.15,200.0,2627.4,40,0.8,0.62,0.8,230,2311.235000611004,1.2511672034673489,1847.2630949771528,1825.1266105822515,1551.3576189949138,273.7689915873377,0.3102715237989827
M-145,2019-09-19 22:59:59.830,1000,136,0.14,200.0,2629.2,40,0.8,0.62,0.8,230,2268.4267847578176,1.161786190573539,1952.533782173778,1949.567061303769,1676.6276727212412,272.93938858252767,0.3353255345442482
M-145,2019-09-19 23:29:59.825,1000,136,0.14,200.0,2628.3,40,0.8,0.62,0.8,230,2266.09438432853,1.1607458702241682,1952.274345710911,1949.567061303769,1676.6276727212412,272.93938858252767,0.3353255345442482
M-145,2019-09-19 23:59:59.820,1000,136,0.15,200.0,2629.7,40,0.8,0.62,0.8,230,2263.8430198896303,1.180773027140239,1917.2550251867808,1909.7891542541167,1623.3207811159996,286.4683731381176,0.3246641562231999
M-145,2019-09-20 00:29:59.815,1000,136,0.14,200.0,2629.5,40,0.8,0.62,0.8,230,2271.256627193288,1.1841485908941218,1918.0503567363255,1909.7891542541167,1642.4186726585408,267.37048159557645,0.3284837345317082
M-145,2019-09-20 00:59:59.810,1000,136,0.15,200.0,2630.9,40,0.8,0.62,0.8,230,2282.9986354289126,1.187645118672046,1922.2902528169573,1913.1937971832087,1626.2147276057278,286.97906957748137,0.3252429455211456
M-145,2019-09-20 01:29:59.805,1000,136,0.13,200.0,2630.2,40,0.8,0.62,0.8,230,2284.217774192957,1.1458270083805382,1993.510152480496,1994.5997735242777,1735.3018029661216,259.2979705581561,0.3470603605932243
M-145,2019-09-20 01:59:59.800,1000,136,0.14,200.0,2629.5,40,0.8,0.62,0.8,230,2293.639472997204,1.2408376252691224,1848.4606094207868,1828.3831257305883,1572.4094881283058,255.9736376022824,0.3144818976256611
M-145,2019-09-20 02:29:59.795,1000,136,0.14,200.0,2627.7,40,0.8,0.62,0.8,230,2308.772339143468,1.2002940629871115,1923.505589453423,1911.4914496274328,1643.8826466795922,267.6088029478406,0.3287765293359184
M-145,2019-09-20 02:59:59.790,1000,136,0.13,200.0,2628.6,40,0.8,0.62,0.8,230,2311.0842483330543,1.1575397097135445,1996.5485667053076,1994.5997735242777,1735.3018029661216,259.2979705581561,0.3470603605932243
M-145,2019-09-20 03:29:59.785,1000,136,0.15,200.0,2628.7,40,0.8,0.62,0.8,230,2276.160685678091,1.1634275153267897,1956.4267267984897,1953.045611575856,1660.0887698394772,292.95684173637835,0.3320177539678954
M-145,2019-09-20 03:59:59.780,1000,136,0.14,200.0,2630.8,40,0.8,0.62,0.8,230,2284.1332164719734,1.166977168971257,1957.307543973238,1953.045611575856,1679.6192259552358,273.42638562061984,0.3359238451910472
M-145,2019-09-20 04:29:59.775,1000,136,0.13,200.0,2630.0,40,0.8,0.62,0.8,230,2287.016854805179,1.190397177248091,1921.2216716543344,1911.4914496274328,1662.9975611758664,248.49388845156628,0.3325995122351732
M-145,2019-09-20 04:59:59.770,1000,136,0.14,200.0,2629.9,40,0.8,0.62,0.8,230,2246.68758203722,1.1720508054406007,1916.8858308941983,1911.4914496274328,1643.8826466795922,267.6088029478406,0.3287765293359184
M-145,2019-09-20 05:29:59.760,1000,136,0.15,200.0,2629.5,40,0.8,0.62,0.8,230,2292.291146324475,1.19372602836165,1920.282453311812,1909.7891542541167,1623.3207811159996,286.4683731381176,0.3246641562231999
M-145,2019-09-20 05:59:59.755,1000,136,0.14,200.0,2628.3,40,0.8,0.62,0.8,230,2295.024969608719,1.194970792807598,1920.569928087138,1909.7891542541167,1642.4186726585408,267.37048159557645,0.3284837345317082
M-145,2019-09-20 06:29:59.750,1000,136,0.3,200.0,2628.7,40,0.8,0.62,0.8,230,2311.0557943335807,1.1808000038014534,1957.194941474759,1949.5670613037687,1364.6969429126384,584.8701183911306,0.2729393885825277
M-145,2019-09-20 06:59:59.745,1000,136,0.28,200.0,2629.7,40,0.8,0.62,0.8,230,2285.9359522326013,1.1705061893799749,1952.9464884277777,1947.827866143019,1402.4360636229735,545.3918025200454,0.2804872127245947
M-145,2019-09-20 07:29:59.740,1000,136,0.32,200.0,2629.7,40,0.8,0.62,0.8,230,2284.592202180871,1.1699063015119744,1952.79929617294,1947.827866143019,1324.5229489772528,623.3049171657661,0.2649045897954505
M-145,2019-09-20 07:59:59.735,1000,136,0.3,200.0,2630.0,40,0.8,0.62,0.8,230,2294.677879528243,1.1725826971156312,1956.94332278038,1951.3063097813808,1365.9144168469666,585.3918929344143,0.2731828833693933
M-145,2019-09-20 08:29:59.730,1000,136,0.28,200.0,2629.7,40,0.8,0.62,0.8,230,2302.2177396557945,1.198245804939539,1921.32342977154,1909.789154254117,1375.0481910629642,534.7409631911529,0.2750096382125928
M-145,2019-09-20 08:59:59.725,1000,136,0.3,200.0,2631.1,40,0.8,0.62,0.8,230,2278.8779088598444,1.1869612580983526,1919.926108212552,1911.0,1337.7,573.3,0.26754
M-145,2019-09-20 09:29:59.720,1000,136,0.3,200.0,2630.5,40,0.8,0.62,0.8,230,2281.940602170724,1.166024667588648,1957.0260094838325,1953.0,1367.1,585.9,0.27342
M-145,2019-09-20 09:59:59.715,1000,136,0.28,200.0,2630.7,40,0.8,0.62,0.8,230,2281.2919426391704,1.1880597195364004,1920.182887379909,1911.0,1375.92,535.08,0.275184
M-145,2019-09-20 10:29:59.710,1000,136,0.27,200.0,2631.0,40,0.8,0.62,0.8,230,2295.4799780123576,1.1945157227094203,1921.6825148234227,1911.0,1395.03,515.97,0.279006
M-145,2019-09-20 10:59:59.705,1000,136,0.32,200.0,2630.7,40,0.8,0.62,0.8,230,2282.756995825606,1.1684741320300738,1953.62219261081,1949.0,1325.32,623.6800000000001,0.265064
M-145,2019-09-20 11:29:59.700,1000,136,0.3,200.0,2630.4,40,0.8,0.62,0.8,230,2286.815802397718,1.1922093712504411,1918.1327185838225,1908.0,1335.6,572.4,0.26712
M-145,2019-09-20 11:59:59.695,1000,136,0.32,200.0,2630.8,40,0.8,0.62,0.8,230,2289.2860731292867,1.171387143074168,1954.3377154723796,1949.0,1325.32,623.6800000000001,0.265064
M-145,2019-09-20 12:29:59.690,1000,136,0.28,200.0,2630.6,40,0.8,0.62,0.8,230,2296.340873524149,1.1965503935485138,1919.134276253986,1908.0,1373.76,534.24,0.274752
M-145,2019-09-20 12:59:59.685,1000,136,0.3,200.0,2630.9,40,0.8,0.62,0.8,230,2283.5643671413904,1.190727539486551,1917.7891594966195,1908.0,1335.6,572.4,0.26712
M-145,2019-09-20 13:29:59.680,1000,136,0.25,200.0,2630.8,40,0.8,0.62,0.8,230,2301.754989658756,1.1769502708897566,1955.69434545324,1949.0,1461.75,487.25,0.29235
M-145,2019-09-20 13:59:59.675,1000,136,0.28,200.0,2630.6,40,0.8,0.62,0.8,230,2285.2173369368907,1.191480875461166,1917.963925398627,1908.0,1373.76,534.24,0.274752
M-145,2019-09-20 14:29:59.670,1000,136,0.32,200.0,2631.1,40,0.8,0.62,0.8,230,2277.5495159871853,1.1447151381159504,1989.6212080638077,1991.0,1353.88,637.12,0.270776
M-145,2019-09-20 14:59:59.665,1000,136,0.3,200.0,2631.1,40,0.8,0.62,0.8,230,2276.1084118158647,1.16550780191218,1952.8898975035493,1949.0,1364.3000000000002,584.6999999999999,0.27286
M-145,2019-09-20 15:29:59.660,1000,136,0.3,200.0,2635.1,40,0.8,0.62,0.8,230,2282.964896295647,1.2126843923578934,1882.571352185662,1868.086969772174,1307.6608788405215,560.4260909316522,0.2615321757681043
M-145,2019-09-20 15:59:59.655,1000,136,0.28,200.0,2636.2,40,0.8,0.62,0.8,230,2264.4373349175803,1.180125425771788,1918.810734407036,1911.4914496274328,1376.2738437317516,535.2176058956812,0.2752547687463503
M-145,2019-09-20 16:29:59.650,1000,136,0.32,200.0,2635.2,40,0.8,0.62,0.8,230,2285.34471294861,1.167540333911534,1957.4010820612675,1953.0,1328.04,624.96,0.265608
M-145,2019-09-20 16:59:59.645,1000,136,0.3,200.0,2634.5,40,0.8,0.62,0.8,230,2268.6288290308657,1.1801413686143103,1922.3365008334783,1915.0,1340.5,574.5,0.2681
M-145,2019-09-20 17:29:59.640,1000,136,0.28,200.0,2636.5,40,0.8,0.62,0.8,230,2237.41420841743,1.164378296421739,1921.5526562915568,1918.0,1380.96,537.0400000000001,0.276192
M-145,2019-09-20 17:59:59.635,1000,136,0.3,200.0,2637.0,40,0.8,0.62,0.8,230,2240.1850159766464,1.1656344996947212,1921.858881633436,1918.0,1342.6,575.4,0.26852
M-145,2019-09-20 18:29:59.630,1000,136,0.3,200.0,2637.0,40,0.8,0.62,0.8,230,2249.6163446854416,1.1916337198154563,1887.8421341029448,1878.0,1314.6,563.4,0.26292
M-145,2019-09-20 18:59:59.625,1000,136,0.32,200.0,2636.9,40,0.8,0.62,0.8,230,2247.921197248878,1.1897415343426816,1889.419787711142,1880.0,1278.4,601.6,0.25568
M-145,2019-09-20 19:29:59.620,1000,136,0.3,200.0,2636.3,40,0.8,0.62,0.8,230,2250.7770036750367,1.1683682696940825,1926.427704395263,1921.8954996388225,1345.326849747176,576.5686498916467,0.2690653699494352
M-145,2019-09-20 19:59:59.615,1000,136,0.3,200.0,2635.2,40,0.8,0.62,0.8,230,2276.796938241603,1.2030330608711737,1892.5472726351056,1880.1151626901524,1316.0806138831067,564.0345488070457,0.2632161227766214
M-145,2019-11-05 13:30:00.000,700,137,0.02,200.0,2622.2,40,0.8,0.62,0.8,230,2192.427832868278,1.2151947652515978,1804.178141282851,1789.7750226481326,1753.97952219517,35.79550045296265,0.350795904439034
M-145,2019-11-05 14:00:00.005,700,137,0.05,200.0,2622.3,40,0.8,0.62,0.8,230,2212.946462604365,1.2211882643983505,1812.125556000679,1796.417432663619,1706.5965610304377,89.82087163318094,0.3413193122060875
M-145,2019-11-05 14:30:00.010,700,137,0.03,200.0,2622.3,40,0.8,0.62,0.8,230,2203.017066722458,1.209702181228273,1821.123497095476,1807.7409374781769,1753.5087093538316,54.232228124345305,0.3507017418707663
M-145,2019-11-05 15:00:00.015,700,137,0.03,200.0,2622.2,40,0.8,0.62,0.8,230,2199.784442659175,1.1974809746138475,1837.009931091841,1826.1487162572157,1771.364254769499,54.78446148771646,0.3542728509538997
M-145,2019-11-05 15:30:00.020,700,137,0.05,200.0,2622.4,40,0.8,0.62,0.8,230,2195.023932654927,1.2101326520790248,1813.8705115375951,1800.450594022377,1710.4280643212578,90.02252970111884,0.3420856128642515
M-145,2019-11-05 16:00:00.025,700,137,0.07,200.0,2622.3,40,0.8,0.62,0.8,230,2198.1482223825064,1.252919574528528,1754.420847969964,1733.066744845331,1611.7520727061578,121.31467213917318,0.3223504145412316
M-145,2019-11-05 16:30:00.030,700,137,0.08,200.0,2622.4,40,0.8,0.62,0.8,230,2221.287261384859,1.1784188733814829,1884.972577714117,1878.1784254733016,1727.9241514354374,150.25427403786412,0.3455848302870875
M-145,2019-11-05 17:00:00.035,700,137,0.06,200.0,2622.2,40,0.8,0.62,0.8,230,2221.16930415084,1.2301363309671076,1805.6285699688283,1788.155359145709,1680.8660375969666,107.28932154874254,0.3361732075193933
M-145,2019-11-05 17:30:00.040,700,137,0.03,200.0,2622.5,40,0.8,0.62,0.8,230,2219.2323438065887,1.2065972368503777,1839.2486540078007,1826.3981659051608,1771.6062209280058,54.79194497715481,0.3543212441856011
M-145,2019-11-05 18:00:00.045,700,137,0.05,200.0,2622.2,40,0.8,0.62,0.8,230,2223.513298014914,1.2020277671886703,1849.8019419429197,1837.8695740395256,1745.9760953375494,91.89347870197628,0.3491952190675099
M-145,2019-11-05 18:30:00.050,700,137,0.04,200.0,2621.8,40,0.8,0.62,0.8,230,2208.632844254215,1.1926702199303651,1851.8386787448817,1841.9537286485036,1768.2755795025632,73.67814914594014,0.3536551159005127
M-145,2019-11-05 19:00:00.055,700,137,0.05,200.0,2622.4,40,0.8,0.62,0.8,230,2224.5844920601407,1.2313711534714376,1806.5913642598105,1788.8597187318028,1699.4167327952127,89.44298593659015,0.3398833465590425
M-145,2019-11-05 19:30:00.060,700,137,0.02,200.0,2622.3,40,0.8,0.62,0.8,230,2153.984950654288,1.1491483246126344,1874.41856244308,1874.62696552032,1837.1344262099133,37.49253931040639,0.3674268852419826
M-145,2019-11-05 20:00:00.065,700,137,0.04,200.0,2622.4,40,0.8,0.62,0.8,230,2212.792011696804,1.2281002414937003,1801.8008114756608,1784.7755641228252,1713.384541557912,71.39102256491302,0.3426769083115824
M-145,2019-11-05 20:30:00.070,700,137,0.03,200.0,2622.5,40,0.8,0.62,0.8,230,2202.614374088288,1.2158246934626231,1811.621680273103,1797.0280279497583,1743.1171871112656,53.910840838492746,0.3486234374222531
M-145,2019-11-05 21:00:00.075,700,137,0.05,200.0,2622.3,40,0.8,0.62,0.8,230,2203.3658110352026,1.2409833837441762,1775.4998494721326,1756.186481859991,1668.3771577669916,87.80932409299956,0.3336754315533983
M-145,2020-01-11 14:00:00.035,1250,138,0.07,200.0,3034.8,40,0.8,0.62,0.8,230,2807.5881527387405,1.2730472151299546,2205.4077173030364,2173.889903728586,2021.717610467585,152.17229326100104,0.404343522093517
M-145,2020-01-11 14:30:00.040,1250,138,0.09,200.0,3034.4,40,0.8,0.62,0.8,230,2805.0488093782733,1.1556785316613165,2427.187779759088,2425.400166085758,2207.11415113804,218.2860149477182,0.4414228302276079
M-145,2020-01-11 15:00:00.045,1250,138,0.1,200.0,3034.7,40,0.8,0.62,0.8,230,2801.023687792499,1.192576230150482,2348.716683242177,2336.2059306127867,2102.585337551508,233.62059306127867,0.4205170675103016
M-145,2020-01-11 15:30:00.050,1250,138,0.11,200.0,3035.7,40,0.8,0.62,0.8,230,2799.5610481634444,1.2141246779601962,2305.826657659968,2287.7027117846173,2036.0554134883091,251.64729829630792,0.4072110826976619
M-145,2020-01-11 16:00:00.055,1250,138,0.09,200.0,3035.8,40,0.8,0.62,0.8,230,2766.956708080525,1.1826092407416258,2339.704961501349,2330.0675768176657,2120.361494904076,209.7060819135899,0.4240722989808151
M-145,2020-01-11 16:30:00.060,1250,138,0.1,200.0,3036.2,40,0.8,0.62,0.8,230,2765.6162331112523,1.1654617913764982,2372.978894352985,2368.266045447552,2131.4394409027964,236.82660454475516,0.4262878881805593
M-145,2020-01-11 17:00:00.065,1250,138,0.11,200.0,3036.6,40,0.8,0.62,0.8,230,2746.9976472355047,1.144429023174225,2400.321550406284,2402.075513310156,2137.8472068460387,264.2283064641171,0.4275694413692077
M-145,2020-01-11 17:30:00.070,1250,138,0.1,200.0,3036.8,40,0.8,0.62,0.8,230,2753.053717836915,1.1483837264579613,2397.329093410569,2397.8353124144173,2158.051781172976,239.78353124144172,0.4316103562345951
M-145,2020-01-11 18:00:00.075,1250,138,0.12,200.0,3036.5,40,0.8,0.62,0.8,230,2732.8398795856424,1.1256914137043703,2427.698964667898,2435.5882101751768,2143.317624954156,292.2705852210212,0.4286635249908311
M-145,2020-01-11 18:30:00.080,1250,138,0.14,200.0,3037.1,40,0.8,0.62,0.8,230,2773.869370783286,1.1595024856269691,2392.292733450581,2389.3555060661347,2054.845735216876,334.50977084925887,0.4109691470433751
M-145,2020-01-11 19:00:00.000,1250,138,0.08,200.0,3036.9,40,0.8,0.62,0.8,230,2772.0939765387093,1.1786969443416573,2351.8292720161576,2343.271762006335,2155.8100210458283,187.4617409605068,0.4311620042091656
M-145,2020-01-11 19:30:00.090,1250,138,0.1,200.0,3037.5,40,0.8,0.62,0.8,230,2741.620503329391,1.1513194028956797,2381.2857634761917,2380.876493642113,2142.7888442779013,238.08764936421127,0.4285577688555802
M-145,2020-01-11 20:00:00.000,1250,138,0.11,200.0,3037.5,40,0.8,0.62,0.8,230,2752.674963426885,1.13978541150136,2415.0817650850413,2418.332676119273,2152.316081746153,266.01659437312003,0.4304632163492306
M-145,2020-01-11 20:30:00.100,1250,138,0.13,200.0,3037.9,40,0.8,0.62,0.8,230,2732.7139787173446,1.1150929152043745,2450.660336422721,2462.222017730168,2142.133155425246,320.08886230492186,0.4284266310850492
M-145,2020-01-11 21:00:00.105,1250,138,0.08,200.0,3038.3,40,0.8,0.62,0.8,230,2729.757051912795,1.1478749066833889,2378.0962855961507,2378.7568645867727,2188.456315419831,190.30054916694183,0.4376912630839661
M-145,2020-01-11 21:30:00.000,1250,138,0.09,200.0,3038.2,40,0.8,0.62,0.8,230,2730.7493809659086,1.1651587561359371,2343.671509642173,2339.1067305957595,2128.5871248421413,210.51960575361835,0.4257174249684283
M-145,2020-03-11 11:30:00.000,975,138,0.83,200.0,3024.1,40,0.8,0.62,0.8,230,2125.47064465273,1.0680721853712796,1990.006549898012,2013.1699583392103,342.2388929176659,1670.9310654215446,0.0684477785835332
M-145,2020-03-11 11:59:59.990,975,138,0.82,200.0,3024.2,40,0.8,0.62,0.8,230,2139.067748362724,1.0794694962574558,1981.591657549304,2001.2049014081235,360.21688225346224,1640.988019154661,0.0720433764506924
M-145,2020-03-11 12:29:59.985,975,138,0.81,200.0,3024.1,40,0.8,0.62,0.8,230,2143.418446806943,1.0386029210442111,2063.7516064868664,2097.4971874591424,398.52446561723696,1698.9727218419057,0.0797048931234473
M-145,2020-03-11 12:59:59.980,975,138,0.83,200.0,3024.0,40,0.8,0.62,0.8,230,2154.888825883542,1.0439752127792534,2064.1187640335183,2096.049581182527,356.32842880102976,1739.7211523814974,0.0712656857602059
M-145,2020-03-11 13:29:59.975,975,138,0.82,200.0,3023.9,40,0.8,0.62,0.8,230,2147.1888069921315,1.053377690025454,2038.3845484142037,2066.821798177991,372.02792367203847,1694.7938745059523,0.0744055847344076
M-145,2020-03-11 13:59:59.970,975,138,0.82,200.0,3024.1,40,0.8,0.62,0.8,230,2128.583336332665,1.0348247404626436,2056.950566702754,2091.874183610451,376.5373530498812,1715.3368305605698,0.0753074706099762
M-145,2020-03-11 14:29:59.965,975,138,0.82,200.0,3024.3,40,0.8,0.62,0.8,230,2133.9474319273345,1.0398126006592168,2052.2423276794893,2085.390183473221,375.3702330251799,1710.0199504480415,0.0750740466050359
M-145,2020-03-11 14:59:59.960,975,138,0.85,200.0,3024.3,40,0.8,0.62,0.8,230,2134.924375125473,1.0707934665547616,1993.7779243223376,2016.1480785871424,302.4222117880713,1713.725866799071,0.0604844423576142
M-145,2020-03-11 15:29:59.955,975,138,0.83,200.0,3024.4,40,0.8,0.62,0.8,230,2136.046175499981,1.0560641253446366,2022.648174705208,2050.0,348.5,1701.5,0.0697
M-145,2020-03-11 15:59:59.950,975,138,0.85,200.0,3024.4,40,0.8,0.62,0.8,230,2125.952773606425,1.0224183981806123,2079.337360702376,2119.0,317.85000000000014,1801.15,0.06357
M-145,2020-03-11 16:29:59.945,975,138,0.82,200.0,3024.6,40,0.8,0.62,0.8,230,2138.8933765682177,1.1013592245382933,1942.0488146952007,1955.0,351.9000000000001,1603.1,0.07038
M-145,2020-03-11 16:59:59.940,975,138,0.84,200.0,3024.6,40,0.8,0.62,0.8,230,2125.996146155253,1.0426568329331571,2039.0180920547875,2071.0,331.3600000000001,1739.64,0.066272
M-145,2020-03-11 17:29:59.935,975,138,0.82,200.0,3024.5,40,0.8,0.62,0.8,230,2132.4378149041268,1.0563019316180573,2018.7767825413612,2046.0,368.2800000000002,1677.7199999999998,0.073656
M-145,2020-03-11 17:59:59.930,975,138,0.81,200.0,3024.8,40,0.8,0.62,0.8,230,2138.3114747375344,1.066412657654246,2005.1444995421475,2029.0,385.51,1643.49,0.077102
M-145,2020-03-11 18:29:59.925,975,138,0.82,200.0,3024.2,40,0.8,0.62,0.8,230,2114.418327032811,1.030694146411446,2051.4507959461616,2087.6993899576446,375.7858901923762,1711.9134997652684,0.0751571780384752
M-145,2020-03-11 18:59:59.920,975,138,0.82,200.0,3024.6,40,0.8,0.62,0.8,230,2143.2513215347067,1.0554826076710946,2030.588951402768,2058.235890502596,370.4824602904673,1687.753430212128,0.0740964920580934
M-54,2019-03-29 15:59:59.995,600,169,0.02,83.13367708441392,1395.3,40,0.8,0.62,0.8,232,1414.3788252776546,0.8058261910337631,1755.190934490728,1793.3036777472298,1757.437604192285,35.8660735549446,0.1461022502829274
M-54,2019-03-29 16:29:59.990,600,169,0.015,72.7526788550741,1395.7,40,0.8,0.62,0.8,232,1323.2347295100155,0.7600543236911796,1740.9738860293146,1797.7206818796108,1770.7548716514166,26.96581022819416,0.1288271605083134
M-54,2019-03-29 16:59:59.985,600,169,0.02,71.61188241621161,1396.0,40,0.8,0.62,0.8,232,1398.9719524101474,0.7803063466038307,1792.8496397587542,1842.3226676204267,1805.476214268018,36.84645335240854,0.1292935503614282
M-54,2019-03-29 17:29:59.980,600,169,0.03,91.11216036393328,1396.4,40,0.8,0.62,0.8,232,1291.8727066267895,0.7312254387250542,1766.7228712382675,1837.8940073617227,1782.757187140871,55.13682022085168,0.1624308587247336
M-54,2019-03-29 17:59:59.975,600,169,0.015,80.59404692395184,1396.7,40,0.8,0.62,0.8,232,1408.0561858673568,0.7792572101377604,1806.9209595358568,1857.2366968987196,1829.3781464452384,27.85855045348079,0.1474369881762595
M-54,2019-03-29 18:29:59.970,600,169,0.02,65.56094410576172,1396.7,40,0.8,0.62,0.8,232,1474.5388950669203,0.803257249413012,1835.6994551178395,1876.6105093540511,1839.07829916697,37.53221018708103,0.120571709577805
M-54,2019-03-29 18:59:59.965,600,169,0.03,75.60364544911745,1396.9,40,0.8,0.62,0.8,232,1484.387303614128,0.7997854189211614,1855.9819527798256,1898.7926666750257,1841.828886674775,56.96378000025077,0.1392489781261024
M-54,2019-03-29 19:29:59.960,600,169,0.02,64.64400782456222,1397.0,40,0.8,0.62,0.8,232,1433.1135369444034,0.7747743965862414,1849.7172122089885,1903.229098139216,1865.164516176432,38.06458196278432,0.120571709577805
M-54,2019-03-29 19:59:59.955,600,169,0.02,71.7969899814362,1397.3,40,0.8,0.62,0.8,232,1391.2687679582575,0.7687089790589005,1809.8770872450743,1864.9332253955267,1827.634560887616,37.29866450791054,0.1312186602577747
M-54,2019-03-29 20:29:59.950,600,169,0.02,71.7969899814362,1397.6,40,0.8,0.62,0.8,232,1479.242368416416,0.8097285619401428,1826.83733530665,1864.9332253955267,1827.634560887616,37.29866450791054,0.1312186602577747
M-54,2019-03-29 20:59:59.945,600,169,0.02,72.10416334153787,1398.0,40,0.8,0.62,0.8,232,1364.7237753112336,0.7578504971086929,1800.782318567908,1860.492908192203,1823.283050028359,37.20985816384406,0.1314662988571021
M-54,2019-03-29 21:29:59.940,600,169,0.02,72.04111839903673,1397.8,40,0.8,0.62,0.8,232,1462.7478243822447,0.8030676317012013,1821.4503569065423,1862.1210709835009,1824.8786495638303,37.242421419670016,0.1314662988571021
M-54,2019-03-29 21:59:59.935,600,169,0.03,77.77799556107712,1398.3,40,0.8,0.62,0.8,232,1429.8906954674385,0.7861343328080714,1818.8884975419776,1866.5652740168755,1810.5683157963688,55.996958220506265,0.1408223744290369
M-54,2019-03-29 22:29:59.930,600,169,0.03,79.50879912841158,1398.7,40,0.8,0.62,0.8,232,1483.7975003743882,0.8252865190982679,1797.9180151829314,1829.410687768947,1774.5283671358784,54.8823206330684,0.1410906194902747
M-54,2019-03-29 22:59:59.925,600,169,0.02,79.08137502159889,1399.3,40,0.8,0.62,0.8,232,1386.3088901170106,0.7821620934956326,1772.406131216779,1820.5300533623,1784.119452295054,36.410601067246,0.1410906194902747
M-54,2019-03-29 23:29:59.910,600,169,0.015,76.87388729969874,1399.7,40,0.8,0.62,0.8,232,1449.941001028791,0.7966583157035281,1820.0287029557333,1863.301214961471,1835.351696737049,27.949518224422064,0.1410906194902747
M-54,2019-03-29 23:59:59.900,600,169,0.02,77.41397342011389,1400.0,40,0.8,0.62,0.8,232,1427.7582277370727,0.7863060613686571,1815.7792466357105,1863.301214961471,1826.0351906622416,37.26602429922942,0.1413606397141193
M-54,2019-03-30 00:29:59.890,600,169,0.03,68.04560989983878,1400.0,40,0.8,0.62,0.8,232,1430.7454672292004,0.7908948835250493,1809.0210178782695,1854.428352033081,1798.7955014720883,55.63285056099242,0.1224001369827546
M-54,2019-03-30 00:59:59.880,600,169,0.015,77.20483011210837,1399.8,40,0.8,0.62,0.8,232,1294.9556284681976,0.7257720725993239,1784.245601832495,1858.8647834972808,1830.981811744822,27.882971752459216,0.1413606397141193
M-54,2019-03-30 01:29:59.870,600,169,0.02,67.31972254740171,1400.3,40,0.8,0.62,0.8,232,1290.9666022689694,0.7239060313117058,1783.3345025869712,1858.8647834972708,1821.6874878273252,37.177295669945416,0.1226354962486087
M-54,2019-03-30 01:59:59.860,600,169,0.03,73.29483973349943,1404.5,40,0.8,0.62,0.8,232,1490.386541691559,0.8155334364175215,1827.4990026632563,1863.301214961471,1807.402178512627,55.89903644884413,0.1324732530080607
M-54,2019-03-30 02:29:59.850,600,169,0.02,73.06885358838065,1405.8,40,0.8,0.62,0.8,232,1438.2782999985263,0.796044456574069,1806.781377749221,1849.9919205688911,1812.992082157513,36.99983841137782,0.1324732530080607
M-54,2019-03-30 02:59:59.840,600,169,0.02,73.03488124052724,1402.8,40,0.8,0.62,0.8,232,1484.7002830186705,0.8161949880396515,1819.0509679367724,1854.428352033081,1817.3397849924197,37.08856704066162,0.1327291953706066
M-54,2019-03-30 03:29:59.830,600,169,0.02,74.45995209400085,1402.4,40,0.8,0.62,0.8,232,1337.7528141940245,0.7595292307754637,1761.2920740762092,1818.936900319531,1782.5581623131404,36.37873800639062,0.1327291953706066
M-54,2019-03-30 03:59:59.820,600,169,0.02,77.71268399870804,1402.2,40,0.8,0.62,0.8,232,1445.5908504222052,0.7946281878704503,1819.2040912823527,1863.301214961471,1826.0351906622416,37.26602429922942,0.1419060957424553
M-54,2019-03-30 04:29:59.810,600,169,0.02,79.92292432801472,1401.8,40,0.8,0.62,0.8,232,1326.3937500519676,0.739001297454881,1794.846307604689,1863.301214961471,1826.0351906622416,37.26602429922942,0.1459420723635902
M-54,2019-03-30 04:59:59.800,600,169,0.03,81.06222066938919,1402.4,40,0.8,0.62,0.8,232,1357.856899496486,0.7561593069773193,1795.7286076718417,1856.052590988881,1800.3710132592146,55.68157772966643,0.1459420723635902
M-54,2019-03-30 05:29:59.790,600,169,0.03,80.86875474893716,1402.9,40,0.8,0.62,0.8,232,1297.6652805405206,0.7265084079631398,1786.166913303444,1860.4929081922044,1804.6781209464384,55.81478724576613,0.1459420723635902
M-54,2019-03-30 05:59:59.780,600,169,0.02,79.85298346115292,1403.2,40,0.8,0.62,0.8,232,1306.1745610686553,0.729031975343658,1791.6560661868614,1864.9332253955265,1827.634560887616,37.29866450791052,0.1459420723635902
M-54,2019-03-30 06:30:00.000,600,169,0.02,76.84493148934233,1403.8,40,0.8,0.62,0.8,232,1456.2882191001977,0.7920316821099784,1838.67419952272,1884.3420861503696,1846.6552444273625,37.68684172300739,0.1419060957424553
M-54,2019-03-30 07:00:00.000,600,169,0.02,71.70634138726913,1404.2,40,0.8,0.62,0.8,232,1412.9652372176265,0.7705052639907086,1833.816462069836,1888.7862891837428,1851.010563400068,37.77572578367486,0.1327291953706066
M-54,2019-03-30 07:29:59.990,600,169,0.02,71.87546011695608,1404.6,40,0.8,0.62,0.8,232,1454.1353440741614,0.7910381972996614,1838.2618551646317,1884.3420861503696,1846.6552444273625,37.68684172300739,0.1327291953706066
M-54,2019-03-30 07:59:59.985,600,169,0.02,77.86574396435294,1404.7,40,0.8,0.62,0.8,232,1293.2817760102112,0.7259057023299983,1781.611264189081,1856.052590988882,1818.9315391691043,37.12105181977764,0.1416324575176279
M-54,2019-03-30 08:29:59.980,600,169,0.02,67.42172182281759,1404.9,40,0.8,0.62,0.8,232,1408.0045494438405,0.7796536046819444,1805.936047737801,1856.052590988882,1818.9315391691043,37.12105181977764,0.1226354962486087
M-54,2019-03-30 08:59:59.975,600,169,0.02,71.86252817536504,1405.4,40,0.8,0.62,0.8,232,1359.7512688629984,0.7485820848216687,1816.43576093185,1881.046940818246,1843.426002001881,37.62093881636492,0.1324732530080607
M-54,2019-03-30 09:29:59.970,600,169,0.03,66.73947819216787,1405.4,40,0.8,0.62,0.8,232,1346.3766662184446,0.7380264813394635,1824.2931659780968,1894.3562352108283,1837.5255481545037,56.83068705632485,0.1226354962486087
M-54,2019-03-30 09:59:59.965,600,169,0.02,81.62012064966923,1405.7,40,0.8,0.62,0.8,232,1510.2789169218745,0.8192056936662576,1843.5893800527688,1878.2541770054956,1840.6890934653852,37.56508354010991,0.150237265887175
M-54,2019-03-30 10:29:59.960,600,169,0.03,77.80908608291112,1406.4,40,0.8,0.62,0.8,232,1430.6029343075795,0.7854649395766911,1821.345374216921,1869.3735425988505,1813.2923363208847,56.08120627796551,0.1410906194902747
M-54,2019-03-30 10:59:59.955,600,169,0.02,72.91704407377223,1406.9,40,0.8,0.62,0.8,232,1447.1984914743518,0.8014309278404537,1805.7682093377557,1846.7513278791257,1809.8163013215435,36.93502655758252,0.1319664550088944
M-54,2019-03-30 14:59:59.990,820,169,0.0,75.0,1486.0,40,0.8,0.62,0.8,232,1222.5582893259666,0.7447501123122052,1641.5684524441674,1701.6310100317633,1701.6310100317633,0.0,0.1319664550088944
M-54,2019-03-30 15:29:59.985,820,169,0.0,75.0,1486.2,40,0.8,0.62,0.8,232,1491.347139582782,0.876080735090255,1702.294183456895,1715.1919622477849,1715.1919622477849,0.0,0.1286393971685838
M-54,2019-03-30 15:59:59.980,820,169,0.0,75.0,1474.4,40,0.8,0.62,0.8,232,1472.5125544566538,0.8576338018509689,1716.9478992999536,1735.8826240262583,1735.8826240262583,0.0,0.1301911968019693
M-54,2019-03-30 17:29:59.965,600,169,0.01,75.0,1329.2,40,0.8,0.62,0.8,232,1586.318140862858,0.7619632008248552,2081.882877211925,2148.73232178852,2127.2449985706344,21.4873232178852,0.1595433748927975
M-54,2019-03-30 17:59:59.960,600,169,0.014,75.0,1319.4,40,0.8,0.62,0.8,232,1502.731519729409,0.7356291803502767,2042.7840002402695,2122.5814213205067,2092.8652814220195,29.716139898487093,0.1569648961066514
M-54,2019-03-30 18:29:59.955,600,169,0.01,75.0,1316.3,40,0.8,0.62,0.8,232,1496.550098603269,0.7541541432864213,1984.408773625065,2052.100306535669,2031.5793034703124,20.52100306535669,0.1523684477602734
M-54,2019-03-30 18:59:59.950,600,169,0.015,75.0,1316.0,40,0.8,0.62,0.8,232,1424.8854191094665,0.718691418348882,1982.610871273503,2069.564989995546,2038.521515145613,31.04347484993319,0.1528891136359209
M-54,2019-03-30 19:29:59.945,600,169,0.015,75.0,1316.3,40,0.8,0.62,0.8,232,1370.3112396541028,0.6938471121401557,1974.9469525460856,2076.467696351392,2045.3206809061207,31.147015445270878,0.153399051067959
M-54,2019-03-30 19:59:59.940,600,169,0.013,75.0,1317.4,40,0.8,0.62,0.8,232,1333.2578625345466,0.679505650761646,1962.0997427175491,2072.1053692582154,2045.1679994578587,26.9373698003568,0.1533875999593394
M-54,2019-03-30 20:29:59.935,600,169,0.016,75.0,1318.0,40,0.8,0.62,0.8,232,1558.4487256054658,0.7773522286761245,2004.816694562764,2061.5626535618057,2028.5776511048168,32.985002456988894,0.1521433238328612
M-54,2019-03-30 20:59:59.930,600,169,0.015,75.0,1318.6,40,0.8,0.62,0.8,232,1478.428933738415,0.7422843428802934,1991.728571293384,2065.92113697314,2034.932319918543,30.988817054597103,0.1526199239938907
M-54,2019-03-30 21:29:59.925,600,169,0.02,75.0,1319.3,40,0.8,0.62,0.8,232,1433.9080596711167,0.731822399423977,1959.3661806467755,2037.9714355031408,1997.2120067930775,40.759428710062814,0.1497909005094808
M-54,2019-03-30 21:59:59.920,600,169,0.02,75.0,1319.8,40,0.8,0.62,0.8,232,1332.2867706793766,0.6872503766032451,1938.5755410775369,2042.3260753225975,2001.4795538161457,40.84652150645196,0.1501109665362109
M-54,2019-03-30 22:29:59.915,600,169,0.01,75.0,1320.4,40,0.8,0.62,0.8,232,1464.0387236573788,0.7479138386115692,1957.496503040012,2027.4710839649904,2007.1963731253409,20.274710839649902,0.1505397279844005
M-54,2019-03-30 22:59:59.910,600,169,0.014,75.0,1320.8,40,0.8,0.62,0.8,232,1335.1905204425486,0.6976099583109935,1913.9499150431031,2010.067898694911,1981.9269481131823,28.14095058172876,0.1486445211084886
M-54,2019-03-30 23:30:00.000,600,169,0.01,75.0,1320.5,40,0.8,0.62,0.8,232,1344.8683366985592,0.698043102382126,1926.6264964285044,2023.120287647473,2002.8890847709984,20.23120287647473,0.1502166813578248
M-54,2019-03-30 23:59:59.900,620,169,0.015,75.0,1321.2,40,0.8,0.62,0.8,232,1437.923359153705,0.7393714258931032,1944.7916281276428,2018.7694913299504,1988.4879489600012,30.281542369949257,0.1491365961720001
M-54,2019-03-31 00:30:00.000,620,169,0.015,75.0,1321.4,40,0.8,0.62,0.8,232,1387.1902631923667,0.7124116439820559,1947.175168893375,2036.1726766000372,2005.630086451037,30.54259014900056,0.1504222564838278
M-54,2019-03-31 01:00:00.000,620,169,0.013,75.0,1322.1,40,0.8,0.62,0.8,232,1560.711328753705,0.7836790859422609,1991.518412000462,2044.8742692350809,2018.2909037350248,26.583365500056047,0.1513718177801268
M-54,2019-03-31 01:30:00.000,620,169,0.016,75.0,1323.0,40,0.8,0.62,0.8,232,1522.442243671207,0.7687858817378794,1980.3202423926527,2040.5234729175588,2007.875097350878,32.64837556668094,0.1505906323013158
M-54,2019-03-31 01:59:59.985,620,169,0.015,75.0,1323.3,40,0.8,0.62,0.8,232,1374.862351192134,0.7084041760251513,1940.7880384139924,2031.8218802825168,2001.344552078279,30.47732820423775,0.1501008414058709
M-54,2019-03-31 02:29:59.980,620,169,0.02,75.0,1324.0,40,0.8,0.62,0.8,232,1502.7617831466057,0.761767464845471,1972.73033110104,2036.1726766000368,1995.449223068036,40.72345353200074,0.1496586917301027
M-54,2019-03-31 02:59:59.975,620,169,0.01,75.0,1324.9,40,0.8,0.62,0.8,232,1460.4017345263096,0.7463539647029233,1956.714646927084,2027.471083964996,2007.1963731253456,20.27471083964996,0.1505397279844009
M-54,2019-03-31 03:29:59.970,620,169,0.014,75.0,1324.7,40,0.8,0.62,0.8,232,1508.0343605878213,0.7607126509261586,1982.3968468932487,2046.6807151420448,2018.0271851300563,28.65353001198863,0.1513520388847542
M-54,2019-03-31 03:59:59.965,620,169,0.01,75.0,1325.0,40,0.8,0.62,0.8,232,1471.0208787308698,0.7490017828903275,1963.9751364200208,2033.6167956836907,2013.2806277268537,20.336167956836903,0.150996047079514
M-54,2019-03-31 04:29:59.960,620,169,0.015,75.0,1325.2,40,0.8,0.62,0.8,232,1568.9706545519173,0.7880237425311799,1991.019521204131,2042.3260753225927,2011.6911841927545,30.63489112983889,0.1508768388144565
M-54,2019-03-31 04:59:59.955,620,169,0.015,75.0,1325.4,40,0.8,0.62,0.8,232,1541.3127793886051,0.7790582773124934,1978.43065695374,2033.6167956836932,2003.1125437484384,30.5042519352554,0.1502334407811328
M-54,2019-03-31 05:29:59.950,620,169,0.013,75.0,1325.6,40,0.8,0.62,0.8,232,1439.5656763534446,0.7342364012076038,1960.629674565005,2037.9714355031408,2011.4778068416,26.493628661540825,0.1508608355131199
M-54,2019-03-31 05:59:59.945,620,169,0.02,75.0,1325.9,40,0.8,0.62,0.8,232,1398.3542886454882,0.719212993492313,1944.283962189615,2029.262155864241,1988.6769127469563,40.585243117284826,0.1491507684560217
M-54,2019-03-31 06:30:00.000,620,169,0.014,75.0,1326.5,40,0.8,0.62,0.8,232,1471.7846486575213,0.7466446643496488,1971.1982405171173,2042.3260753225927,2013.7335102680768,28.592565054516307,0.1510300132701057
M-54,2019-03-31 07:00:00.000,620,169,0.01,75.0,1327.1,40,0.8,0.62,0.8,232,1511.9574468536582,0.7623794372188903,1983.2085875363832,2046.6807151420448,2026.2139079906244,20.46680715142045,0.1519660430992968
M-54,2019-03-31 07:29:59.990,620,169,0.015,75.0,1336.6,40,0.8,0.62,0.8,232,1531.7463413694677,0.7707870673070936,1987.2496651000447,2046.6807151420448,2015.980504414914,30.70021072713067,0.1511985378311185
M-54,2019-03-31 07:59:59.985,620,169,0.015,75.0,1343.7,40,0.8,0.62,0.8,232,1318.7531490220974,0.6851028702235281,1924.8980063268875,2029.262155864241,1998.8232235262776,30.438932337963617,0.1499117417644708
M-54,2019-03-31 08:29:59.980,620,169,0.013,75.0,1346.5,40,0.8,0.62,0.8,232,1406.4217669594095,0.7226700128397501,1946.1465703175363,2029.262155864241,2002.8817478380065,26.380408026235138,0.1502161310878504
M-54,2019-03-31 08:59:59.975,620,169,0.014,75.0,1347.4,40,0.8,0.62,0.8,232,1375.230648646084,0.6969238724973058,1973.2867575882904,2072.8085540587526,2043.78923430193,29.019319756822537,0.1532841925726447
M-54,2019-03-31 09:29:59.970,620,169,0.01,75.0,1348.3,40,0.8,0.62,0.8,232,1365.9309913112202,0.6812319796055287,2005.0893560548495,2116.3549522532594,2095.1914027307266,21.163549522532595,0.1571393552048045
M-54,2019-03-31 09:59:59.965,620,169,0.01,75.0,1348.9,40,0.8,0.62,0.8,232,1526.2557467542813,0.757601508252986,2014.5891080309443,2081.517833697657,2060.70265536068,20.81517833697657,0.154552699152051
M-54,2019-03-31 10:29:59.960,620,169,0.02,75.0,1349.4,40,0.8,0.62,0.8,232,1536.8057842806802,0.7788756810162712,1973.107932032834,2028.232175506933,1987.6675319967944,40.56464351013866,0.1490750648997595
M-54,2019-03-31 10:59:59.955,620,169,0.015,75.0,1349.7,40,0.8,0.62,0.8,232,1325.8273650447643,0.7238376010268214,1831.664123505013,1909.2771946430696,1880.638036723424,28.63915791964605,0.1410478527542567
M-54,2019-03-31 11:29:59.950,620,169,0.015,75.0,1349.9,40,0.8,0.62,0.8,232,1381.0214903520734,0.7391256039164221,1868.4530518688875,1939.6520591033027,1910.557278216753,29.09478088654954,0.1432917958662564
M-54,2019-03-31 11:59:59.945,620,169,0.02,75.0,1350.2,40,0.8,0.62,0.8,232,1468.1047582669644,0.7654790123055397,1917.890281335333,1977.7758981129075,1938.2203801506491,39.55551796225815,0.1453665285112987
M-54,2019-03-31 12:29:59.940,620,169,0.025,75.0,1350.6,40,0.8,0.62,0.8,232,1376.650461415696,0.7200176682118397,1911.9676116206988,1995.0868468928832,1945.209675720561,49.87717117232208,0.145890725679042
M-54,2019-03-31 12:59:59.935,620,169,0.02,75.0,1350.5,40,0.8,0.62,0.8,232,1569.5417236554097,0.783927312851384,2002.1521101829007,2055.6751676228228,2014.5616642703665,41.113503352456455,0.1510921248202774
M-54,2019-03-31 13:29:59.930,620,169,0.02,75.0,1350.3,40,0.8,0.62,0.8,232,1510.2749467599428,0.7639379359441961,1976.960268236064,2039.455185186915,1998.6660814831769,40.7891037037383,0.1498999561112382
M-54,2019-03-31 13:59:59.925,620,169,0.018,75.0,1350.8,40,0.8,0.62,0.8,232,1441.7326029760277,0.738662354389166,1951.8154599448385,2026.437386132533,1989.9615131821477,36.47587295038559,0.149247113488661
M-54,2019-03-31 14:29:59.920,620,169,0.02,75.0,1350.8,40,0.8,0.62,0.8,232,1518.2180662823166,0.7901378580482182,1921.459718475693,1970.026923563535,1930.6263850922644,39.4005384712707,0.1447969788819198
M-54,2019-03-31 14:59:59.915,620,169,0.02,75.0,1350.8,40,0.8,0.62,0.8,232,1410.3466649137142,0.738437088324354,1909.9076782749949,1983.044722617908,1943.3838281655496,39.66089445235816,0.1457537871124162
M-54,2019-03-31 15:29:59.910,620,169,0.01,75.0,1351.0,40,0.8,0.62,0.8,232,1555.3885224443964,0.8053308178634198,1931.3659529023296,1973.5166191181625,1953.7814529269808,19.735166191181623,0.1465336089695235
M-54,2019-03-31 15:59:59.905,620,169,0.01,75.0,1351.1,40,0.8,0.62,0.8,232,1538.2347802573845,0.8062431463873222,1907.904317884782,1949.1567502496064,1929.6651827471103,19.491567502496068,0.1447248887060332
M-54,2019-03-31 16:29:59.900,620,169,0.02,75.0,1351.3,40,0.8,0.62,0.8,232,1464.0312123305368,0.7645073734651943,1914.999466512261,1975.2615281547412,1935.756297591647,39.50523056309483,0.1451817223193735
M-54,2019-03-31 16:59:59.895,620,169,0.02,75.0,1351.6,40,0.8,0.62,0.8,232,1369.1781657608487,0.7240809916578178,1890.9185319532423,1970.910731837214,1931.4925172004696,39.41821463674428,0.1448619387900352
M-54,2019-03-31 17:29:59.890,620,169,0.018,75.0,1351.9,40,0.8,0.62,0.8,232,1559.8939648148398,0.783331508948467,1991.358635514125,2044.8742692350809,2008.0665323888493,36.80773684623145,0.1506049899291636
M-54,2019-03-31 17:59:59.885,620,169,0.01,75.0,1352.3,40,0.8,0.62,0.8,232,1332.5689827874476,0.6885828648135096,1935.234015950063,2037.9714355031408,2017.5917211481087,20.379714355031407,0.1513193790861081
M-54,2019-03-31 18:29:59.875,620,169,0.02,75.0,1352.9,40,0.8,0.62,0.8,232,1417.6582853648815,0.7241323961528865,1957.7335483076088,2040.5234729175631,1999.713003459212,40.810469458351264,0.1499784752594408
M-54,2019-03-31 18:59:59.870,620,169,0.01,75.0,1353.2,40,0.8,0.62,0.8,232,1470.5338871327633,0.7453319035229534,1972.9920055508217,2044.8742692350809,2024.4255265427296,20.448742692350805,0.1518319144907047
M-54,2019-03-31 19:29:59.865,620,169,0.01,75.0,1353.5,40,0.8,0.62,0.8,232,1562.476570716851,0.7821993341581855,1997.542701053832,2051.761771417999,2031.2441537038192,20.51761771417999,0.1523433115277864
M-54,2019-03-31 19:59:59.860,620,169,0.01,75.0,1353.6,40,0.8,0.62,0.8,232,1471.5504188226842,0.7627275162424415,1929.3265123988729,1990.9044307403428,1970.9953864329395,19.90904430740343,0.1478246539824704
M-54,2019-03-31 20:29:59.855,620,169,0.01,75.0,1354.0,40,0.8,0.62,0.8,232,1571.489045893196,0.8093880325193746,1941.5768244084816,1982.2105249292476,1962.388419679955,19.822105249292477,0.1471791314759966
M-54,2019-03-31 20:59:59.850,620,169,0.01,75.0,1354.4,40,0.8,0.62,0.8,232,1369.036663263354,0.720575291441231,1899.9217424249005,1982.2105249292576,1962.388419679965,19.822105249292576,0.1471791314759973
M-54,2019-04-11 20:00:00.000,560,169,0.05,75.0,1231.1,40,0.8,0.62,0.8,232,1397.8563727258354,0.8186971428613435,1707.4157213256326,1739.7055262789054,1652.7202499649602,86.98527631394529,0.123954018747372
M-54,2019-04-11 20:30:00.000,560,169,0.04,75.0,1228.0,40,0.8,0.62,0.8,232,1365.965210175923,0.7993258938323242,1708.8964847953036,1748.491917825769,1678.552241112738,69.93967671303076,0.1258914180834553
M-54,2019-04-11 21:00:00.000,560,169,0.05,75.0,1226.7,40,0.8,0.62,0.8,232,1264.0781397664375,0.7534297077722116,1677.7651939212,1735.312330505474,1648.5467139802,86.7656165252737,0.123641003548515
M-54,2019-04-11 21:30:00.000,560,169,0.05,75.0,1226.1,40,0.8,0.62,0.8,232,1318.5771260952986,0.779070623148921,1692.5001237573938,1739.7055262789054,1652.7202499649602,86.98527631394528,0.123954018747372
M-54,2019-04-11 22:00:00.000,560,169,0.04,75.0,1225.8,40,0.8,0.62,0.8,232,1237.609878884792,0.7370421947856836,1679.1574317460386,1744.098722052337,1674.3347731702436,69.76394888209349,0.1255751079877682
M-54,2019-04-11 22:30:00.000,560,169,0.04,75.0,1225.6,40,0.8,0.62,0.8,232,1393.872740999629,0.8167059854294214,1706.7007783305703,1739.7055262789067,1670.1173052277504,69.58822105115627,0.1252587978920812
M-54,2019-04-11 23:00:00.000,560,169,0.05,75.0,1225.9,40,0.8,0.62,0.8,232,1199.3485734579676,0.7204778156761288,1664.657186331886,1736.8032186711607,1649.9630577376026,86.84016093355804,0.1237472293303202
M-54,2019-04-11 23:30:00.000,560,169,0.05,75.0,1225.7,40,0.8,0.62,0.8,232,1224.738346132979,0.7363102707618907,1663.3454601491453,1728.009278323459,1641.608814407286,86.40046391617295,0.1231206610805464
M-54,2019-04-12 00:00:00.000,560,169,0.06,75.0,1225.6,40,0.8,0.62,0.8,232,1395.6289443100973,0.8169849843409542,1708.2675582292663,1741.2001888450109,1636.72817751431,104.47201133070064,0.1227546133135732
M-54,2019-04-12 00:30:00.000,560,169,0.05,75.0,1226.1,40,0.8,0.62,0.8,232,1243.952163113022,0.742809493622065,1674.6584067568929,1736.8032186711607,1649.9630577376026,86.84016093355804,0.1237472293303202
M-54,2019-04-12 01:00:00.000,560,169,0.05,75.0,1226.0,40,0.8,0.62,0.8,232,1341.8430988425353,0.7929479691601622,1692.2208657192557,1733.8934649081712,1647.1987916627627,86.69467324540858,0.1235399093747072
M-54,2019-04-12 01:30:00.000,560,169,0.06,75.0,1225.4,40,0.8,0.62,0.8,232,1324.347276220151,0.7824921838278707,1692.473488669984,1738.2942097429618,1633.996557158384,104.2976525845777,0.1225497417868788
M-54,2019-04-12 02:00:00.000,560,169,0.05,75.0,1225.8,40,0.8,0.62,0.8,232,1331.5600742410224,0.7861003177351602,1693.8805953893907,1738.2942097429618,1651.3794992558137,86.9147104871481,0.123853462444186
M-54,2019-04-12 02:30:00.000,560,169,0.04,75.0,1225.8,40,0.8,0.62,0.8,232,1321.5210046039529,0.7827562320943824,1688.2918978083687,1733.8934649081689,1664.537726311842,69.35573859632676,0.1248403294733881
M-54,2019-04-12 02:59:59.990,560,169,0.06,75.0,1225.8,40,0.8,0.62,0.8,232,1321.2704792950228,0.782630591102516,1688.2428240297995,1733.8934649081689,1629.8598570136787,104.03360789449012,0.1222394892760259
M-54,2019-04-12 03:29:59.985,560,169,0.05,75.0,1225.6,40,0.8,0.62,0.8,232,1180.9361463151135,0.710752124145657,1661.530238456382,1738.2942097429618,1651.3794992558137,86.9147104871481,0.123853462444186
M-54,2019-04-12 03:59:59.980,560,169,0.05,75.0,1225.6,40,0.8,0.62,0.8,232,1274.7693995683103,0.7576913205177802,1682.4389630030034,1738.2942097429618,1651.3794992558137,86.9147104871481,0.123853462444186
M-54,2019-04-12 04:29:59.975,560,169,0.04,75.0,1225.2,40,0.8,0.62,0.8,232,1326.0257270510072,0.7833318129616695,1692.80208605021,1738.2942097429618,1668.7624413532433,69.53176838971848,0.1251571831014932
M-54,2019-04-12 04:59:59.970,560,169,0.05,75.0,1224.8,40,0.8,0.62,0.8,232,1316.3376003942208,0.7807234259516276,1686.0485501504331,1732.4062484973088,1645.7859360724433,86.62031242486545,0.1234339452054332
M-54,2019-04-12 05:29:59.965,560,169,0.05,75.0,1224.1,40,0.8,0.62,0.8,232,1299.3637532354646,0.770552412850235,1686.2756271558255,1736.8032186711607,1649.9630577376026,86.84016093355804,0.1237472293303202
M-54,2019-04-12 05:59:59.960,560,169,0.04,75.0,1223.6,40,0.8,0.62,0.8,232,1234.6928534679732,0.7418533618932812,1664.335456156616,1726.525938958614,1657.4649014002694,69.06103755834457,0.1243098676050202
M-54,2019-04-12 06:29:59.955,560,169,0.05,75.0,1223.1,40,0.8,0.62,0.8,232,1298.6256880532806,0.7690982017843779,1688.50438739858,1739.7055262789067,1652.720249964961,86.98527631394535,0.1239540187473721
M-54,2019-04-12 06:59:59.950,560,169,0.05,75.0,1223.4,40,0.8,0.62,0.8,232,1306.685712143263,0.7787831001719737,1677.8557622202072,1724.768660649238,1638.530227616776,86.2384330324619,0.1228897670712582
M-54,2019-04-12 07:29:59.945,560,169,0.06,75.0,1223.6,40,0.8,0.62,0.8,232,1232.0980437767807,0.7383437341329757,1668.7323082975877,1732.6764130414126,1628.7158282589278,103.96058478248476,0.1221536871194195
M-54,2019-04-17 11:30:00.000,580,169,0.1,75.0,1314.3,40,0.8,0.62,0.8,232,1393.3709584572885,0.7774987406053172,1792.119891245724,1842.7821158747383,1658.5039042872645,184.27821158747383,0.1243877928215448
M-54,2019-04-17 12:00:00.000,580,169,0.15,75.0,1313.6,40,0.8,0.62,0.8,232,1426.6952755434331,0.7981869907469026,1787.4198553504418,1829.2957611333225,1554.9013969633238,274.3943641699983,0.1166176047722492
M-54,2019-04-17 12:30:00.000,580,169,0.08,75.0,1312.6,40,0.8,0.62,0.8,232,1453.6154069867746,0.8142897563952142,1785.1328664894377,1820.584828937449,1674.938042622453,145.64678631499592,0.1256203531966839
M-54,2019-04-17 13:00:00.000,580,169,0.1,75.0,1313.1,40,0.8,0.62,0.8,232,1431.2969014869473,0.7955490471428257,1799.1309355813798,1842.362159427132,1658.1259434844187,184.2362159427132,0.1243594457613314
M-54,2019-04-17 13:30:00.000,580,169,0.15,75.0,1313.3,40,0.8,0.62,0.8,232,1265.1350065878307,0.7199600036774882,1757.2295684838598,1833.651227231258,1558.603543146569,275.04768408468874,0.1168952657359927
M-54,2019-04-17 14:00:00.000,580,169,0.13,75.0,1313.4,40,0.8,0.62,0.8,232,1421.7516788778494,0.7936483393412191,1791.412655204442,1835.2391530110344,1596.6580631196,238.5810898914345,0.11974935473397
M-54,2019-04-17 14:30:00.000,580,169,0.15,75.0,1313.1,40,0.8,0.62,0.8,232,1446.2285370770765,0.8036220549327748,1799.6376881394294,1839.598390904172,1563.6586322685462,275.93975863562576,0.1172743974201409
M-54,2019-04-17 15:00:00.000,580,169,0.1,75.0,1313.2,40,0.8,0.62,0.8,232,1361.7428009535738,0.7682949738852193,1772.421852595659,1826.5206772247589,1643.8686095022829,182.6520677224759,0.1232901457126712
M-54,2019-05-27 12:00:00.000,520,169,0.14,75.0,1281.6,40,0.8,0.62,0.8,232,1152.5288295324096,0.7725596207167003,1491.831566945233,1535.7968075030285,1320.7852544526045,215.011553050424,0.0990588940839453
M-54,2019-05-27 12:30:00.000,520,169,0.15,75.0,1282.6,40,0.8,0.62,0.8,232,1268.193403336858,0.8320315136406466,1524.213184892164,1548.7753720734763,1316.4590662624548,232.31630581102144,0.0987344299696841
M-54,2019-05-27 13:00:00.000,520,169,0.13,75.0,1282.3,40,0.8,0.62,0.8,232,1174.3383176623852,0.7742986466327602,1516.6477724961835,1560.6997809704808,1357.8088094443185,202.8909715261625,0.1018356607083238
M-54,2019-05-27 13:29:59.990,520,169,0.13,75.0,1282.1,40,0.8,0.62,0.8,232,1207.7211052372654,0.7947674850740022,1519.590481390683,1556.3765128791497,1354.0475662048602,202.32894667428943,0.1015535674653645
M-54,2019-05-27 13:59:59.985,520,169,0.15,75.0,1282.3,40,0.8,0.62,0.8,232,1233.271915147702,0.8109623523544843,1520.7511317475062,1552.053244787819,1319.2452580696463,232.80798671817288,0.0989433943552234
M-54,2019-05-27 14:29:59.980,520,169,0.15,75.0,1282.3,40,0.8,0.62,0.8,232,1101.4568287851005,0.7353964280775699,1497.7728837553157,1556.3765128791497,1322.9200359472773,233.45647693187243,0.0992190026960457
M-54,2019-05-27 14:59:59.975,520,169,0.15,75.0,1282.3,40,0.8,0.62,0.8,232,1171.4427776321954,0.7702185261127614,1520.9226186033002,1566.6208400474875,1331.6277140403645,234.99312600712312,0.0998720785530273
M-54,2019-05-27 15:29:59.970,520,169,0.12,75.0,1282.3,40,0.8,0.62,0.8,232,1140.9098204290017,0.7693710774602487,1482.9122823218545,1527.7790010380463,1344.445520913481,183.3334801245656,0.100833414068511
M-54,2019-05-27 15:59:59.965,520,169,0.14,75.0,1282.1,40,0.8,0.62,0.8,232,1204.47052997963,0.7997869883558828,1505.9891540066849,1540.72628070786,1325.0246014087595,215.7016792991004,0.0993768451056569
M-54,2019-05-27 16:29:59.960,520,169,0.13,75.0,1281.9,40,0.8,0.62,0.8,232,1281.1026402615637,0.8390090600950496,1526.9234877111223,1549.3578004877363,1347.9412864243309,201.4165140634057,0.1010955964818248
M-54,2019-05-27 16:59:59.955,520,169,0.15,75.0,1281.8,40,0.8,0.62,0.8,232,1272.1007019266142,0.8312861312088494,1530.280193748374,1555.1751607113083,1321.8988866046122,233.27627410669623,0.0991424164953459
M-54,2019-05-27 17:29:59.950,520,169,0.12,75.0,1281.4,40,0.8,0.62,0.8,232,1223.6093504618498,0.8079947271334345,1514.377890562372,1546.535298707355,1360.9510628624723,185.58423584488256,0.1020713297146854
M-54,2019-05-27 17:59:59.945,520,169,0.14,75.0,1281.0,40,0.8,0.62,0.8,232,1159.703307574991,0.7684399212623876,1509.1658768454386,1555.1751607113083,1337.4506382117254,217.7245224995832,0.1003087978658794
SWM A-2x ST1,2019-12-27 19:30:00.000,1050,195,0.17,300.0,1410.7,45,0.8,0.58,0.85,230,1551.789279994585,0.7147520691351941,2171.087495937094,2188.0,1816.04,371.96,0.544812
SWM A-2x ST1,2019-12-27 20:00:00.000,1050,195,0.18,300.0,1411.1,45,0.8,0.58,0.85,230,1540.5021772707814,0.7057882701849352,2182.6689991137555,2202.70896848138,1806.221354154732,396.4876143266484,0.5418664062464196
SWM A-2x ST1,2019-12-27 20:30:00.000,1050,195,0.18,300.0,1406.6,45,0.8,0.58,0.85,230,1541.310149694101,0.7423287942958396,2076.3173428509685,2084.086026159249,1708.950541450584,375.1354847086648,0.5126851624351753
SWM A-2x ST1,2019-12-27 21:00:00.000,1050,195,0.19,300.0,1404.9,45,0.8,0.58,0.85,230,1548.269309112863,0.7538283861404327,2053.875043151309,2058.2906212523258,1667.215403214384,391.0752180379419,0.5001646209643152
SWM A-2x ST1,2019-12-27 21:30:00.000,1050,195,0.19,300.0,1403.9,45,0.8,0.58,0.85,230,1544.945920938505,0.7510119974886524,2057.1521175490257,2062.366444264706,1670.5168198544118,391.84962441029415,0.5011550459563235
SWM A-2x ST1,2019-12-27 22:00:00.000,1050,195,0.18,300.0,1402.9,45,0.8,0.58,0.85,230,1536.0133897877467,0.7352421681289072,2089.125809659007,2099.048851376134,1721.2200581284296,377.8287932477041,0.5163660174385288
SWM A-2x ST1,2019-12-27 22:30:00.000,1050,195,0.17,300.0,1402.7,45,0.8,0.58,0.85,230,1545.4712823552325,0.7316300380673353,2112.367182787806,2123.5037894504185,1762.5081452438474,360.9956442065712,0.5287524435731542
SWM A-2x ST1,2019-12-27 23:00:00.000,1050,195,0.18,300.0,1403.3,45,0.8,0.58,0.85,230,1546.1995601097565,0.7332147853076072,2108.794845784617,2119.4279664380383,1737.9309324791914,381.4970339588469,0.5213792797437574
SWM A-2x ST1,2019-12-27 23:30:00.000,1050,195,0.17,300.0,1399.6,45,0.8,0.58,0.85,230,1541.774304535735,0.7301918978818627,2111.4645465227795,2123.038784057004,1762.122190767313,360.9165932896907,0.5286366572301938
SWM A-2x ST1,2019-12-28 00:00:00.000,1050,195,0.18,300.0,1398.0,45,0.8,0.58,0.85,230,1531.0599814621496,0.7144500527461313,2142.990927885323,2159.783686088761,1771.022622592784,388.76106349597694,0.5313067867778353
SWM A-2x ST1,2019-12-28 00:30:00.000,1050,195,0.17,300.0,1396.1,45,0.8,0.58,0.85,230,1533.1583087753525,0.7190138836235251,2132.306960540017,2147.5353854115065,1782.4543698915504,365.0810155199561,0.5347363109674652
SWM A-2x ST1,2019-12-28 01:00:00.000,1050,195,0.18,300.0,1395.2,45,0.8,0.58,0.85,230,1538.8155817907918,0.7214087105043852,2133.0704209475134,2147.5353854115065,1760.9790160374353,386.5563693740712,0.5282937048112305
SWM A-2x ST1,2019-12-28 01:30:00.000,1050,195,0.18,300.0,1395.7,45,0.8,0.58,0.85,230,1549.2487837484089,0.7385350673961388,2097.7321892251,2106.707716487336,1727.500327519615,379.2073889677204,0.5182500982558845
SWM A-2x ST1,2019-12-28 02:00:00.000,1050,195,0.19,300.0,1395.2,45,0.8,0.58,0.85,230,1533.471953148803,0.7330119233684695,2092.015019485514,2102.624949594917,1703.1262091718827,399.49874042303423,0.5109378627515648
SWM A-2x ST1,2019-12-28 02:30:00.000,1050,195,0.18,300.0,1392.6,45,0.8,0.58,0.85,230,1514.9266559267696,0.7207020539302162,2102.0151776526727,2116.4925521968835,1735.5238928014444,380.96865939543903,0.5206571678404333
SWM A-2x ST1,2019-12-28 03:00:00.000,1050,195,0.18,300.0,1391.4,45,0.8,0.58,0.85,230,1529.5514148237044,0.7208553316536392,2121.8562833057217,2136.4214420284416,1751.865582463322,384.5558595651195,0.5255596747389966
SWM A-2x ST1,2019-12-28 03:30:00.005,1050,195,0.17,300.0,1391.1,45,0.8,0.58,0.85,230,1526.0797040235277,0.7193780478811842,2121.3876466182937,2136.4214420284416,1773.2297968836065,363.1916451448351,0.531968939065082
SWM A-2x ST1,2019-12-28 04:00:00.010,1050,195,0.17,300.0,1392.3,45,0.8,0.58,0.85,230,1528.9043581467463,0.720579995836877,2121.7690845984234,2136.4214420284416,1773.2297968836065,363.1916451448351,0.531968939065082
SWM A-2x ST1,2019-12-28 04:30:00.015,1050,195,0.18,300.0,1392.7,45,0.8,0.58,0.85,230,1521.2851519307023,0.7179177076090144,2119.024417153965,2134.5094994528936,1750.2977895513727,384.2117099015208,0.5250893368654118
SWM A-2x ST1,2019-12-28 05:00:00.020,1050,195,0.19,300.0,1393.4,45,0.8,0.58,0.85,230,1520.0972743353352,0.719911448113095,2111.5059057881995,2126.299847531919,1722.3028765008544,403.9969710310646,0.5166908629502563
SWM A-2x ST1,2019-12-28 05:30:00.025,1050,195,0.18,300.0,1393.1,45,0.8,0.58,0.85,230,1527.5181055411929,0.7256155286006216,2105.134255446644,2118.0901956109483,1736.8339604009775,381.2562352099706,0.5210501881202932
SWM A-2x ST1,2019-12-28 06:00:00.030,1050,195,0.17,300.0,1393.1,45,0.8,0.58,0.85,230,1523.9262357120451,0.7240738868824916,2104.655703402489,2118.0901956109483,1758.0148623570872,360.07533325386123,0.5274044587071262
SWM A-2x ST1,2019-12-28 06:30:00.035,1050,195,0.17,300.0,1392.9,45,0.8,0.58,0.85,230,1512.9530289255074,0.7181081288463649,2106.8596331809454,2122.195021571435,1761.421867904291,360.773153667144,0.5284265603712873
SWM A-2x ST1,2019-12-28 07:00:00.040,1050,195,0.18,300.0,1392.8,45,0.8,0.58,0.85,230,1520.612035915552,0.721389040146476,2107.894563530929,2122.195021571435,1740.1999176885768,381.9951038828583,0.522059975306573
SWM A-2x ST1,2019-12-28 07:30:00.040,1050,195,0.17,300.0,1393.7,45,0.8,0.58,0.85,230,1527.575692050659,0.7011760566669425,2178.590779770814,2200.1867148206748,1826.15497330116,374.0317415195148,0.547846491990348
SWM A-2x ST1,2019-12-28 08:00:00.045,1050,195,0.18,300.0,1394.9,45,0.8,0.58,0.85,230,1526.2284262936146,0.6867596158759774,2222.361931324217,2249.629112906533,1844.695872583357,404.933240323176,0.5534087617750071
SWM A-2x ST1,2019-12-28 08:30:00.050,1050,195,0.18,300.0,1396.1,45,0.8,0.58,0.85,230,1523.0659496428475,0.7143323386001923,2132.153155249071,2148.899451134598,1762.0975499303704,386.8019012042277,0.5286292649791111
SWM A-2x ST1,2019-12-28 09:00:00.055,1050,195,0.17,300.0,1396.0,45,0.8,0.58,0.85,230,1537.756798291268,0.7205472952590795,2134.1510937715107,2148.8994511346004,1783.5865444417184,365.3129066928821,0.5350759633325156
SWM A-2x ST1,2019-12-28 09:30:00.060,1050,195,0.18,300.0,1395.5,45,0.8,0.58,0.85,230,1542.4512944489586,0.7063753322455797,2183.614325185278,2203.461351261063,1806.838308034072,396.62304322699134,0.5420514924102217
SWM A-2x ST1,2019-12-28 10:00:00.065,1050,195,0.18,300.0,1393.9,45,0.8,0.58,0.85,230,1549.1220641809011,0.7146955028299331,2167.527370813086,2184.430912635822,1791.233348361374,393.197564274448,0.5373700045084122
SWM A-2x ST1,2019-12-28 10:30:00.070,1050,195,0.17,300.0,1395.5,45,0.8,0.58,0.85,230,1539.1805173444857,0.7112185046291499,2164.145768601816,2182.181277779836,1811.210460557264,370.9708172225721,0.5433631381671792
SWM A-2x ST1,2019-12-28 11:00:00.075,1050,195,0.18,300.0,1395.5,45,0.8,0.58,0.85,230,1564.814934781783,0.7206440851783478,2171.411612147648,2186.385865983652,1792.8364101065945,393.5494558770573,0.5378509230319783
SWM A-2x ST1,2019-12-28 11:30:00.080,1050,195,0.17,300.0,1396.1,45,0.8,0.58,0.85,230,1546.2167315870784,0.7141497727449067,2165.115485010992,2182.181277779836,1811.210460557264,370.9708172225721,0.5433631381671792
SWM A-2x ST1,2019-12-28 12:00:00.085,1050,195,0.18,300.0,1396.4,45,0.8,0.58,0.85,230,1558.9999037647056,0.721987684859619,2159.3164765238794,2173.7721013722094,1782.4931231252117,391.27897824699767,0.5347479369375635
SWM A-2x ST1,2019-12-28 12:30:00.090,1050,195,0.18,300.0,1395.8,45,0.8,0.58,0.85,230,1558.7252776476118,0.7206143920004462,2163.050439945483,2177.976689576021,1785.9408854523372,392.03580412368376,0.5357822656357011
SWM A-2x ST1,2019-12-28 13:00:00.095,1050,195,0.17,300.0,1395.9,45,0.8,0.58,0.85,230,1559.599944930289,0.7159911310033138,2178.2391951487325,2194.7950423912785,1821.679885184761,373.1151572065174,0.5465039655554282
SWM A-2x ST1,2019-12-28 13:30:00.100,1050,195,0.18,300.0,1395.9,45,0.8,0.58,0.85,230,1544.8252920881837,0.7074291666601304,2183.717275019228,2203.2042187989146,1806.62745941511,396.5767593838046,0.541988237824533
SWM A-2x ST1,2019-12-28 14:00:00.105,1050,195,0.17,300.0,1395.4,45,0.8,0.58,0.85,230,1563.1421115022374,0.7262587115539063,2152.321323840277,2165.3629249645783,1797.2512277206,368.1116972439783,0.53917536831618
SWM A-2x ST1,2019-12-28 14:30:00.110,1050,195,0.18,300.0,1395.1,45,0.8,0.58,0.85,230,1560.5621035688512,0.7157311128200801,2180.37483017892,2197.0333986702576,1801.5673869096115,395.4660117606464,0.5404702160728834
SWM A-2x ST1,2019-12-28 15:00:00.115,1050,195,0.18,300.0,1395.7,45,0.8,0.58,0.85,230,1566.8637517808525,0.7208274396463246,2173.701590147064,2188.631741313969,1794.6780278774547,393.9537134365144,0.5384034083632364
SWM A-2x ST1,2019-12-28 15:30:00.120,1050,195,0.17,300.0,1395.7,45,0.8,0.58,0.85,230,1552.785596006881,0.7095699834718217,2188.347354279741,2207.14434006792,1831.9298022563733,375.2145378115465,0.549578940676912
SWM A-2x ST1,2019-12-28 16:00:00.125,1050,195,0.18,300.0,1396.3,45,0.8,0.58,0.85,230,1551.8303778478962,0.7128570220277295,2176.9167306982517,2194.5080175102767,1799.4965743584269,395.0114431518498,0.539848972307528
SWM A-2x ST1,2019-12-28 16:30:00.130,1050,195,0.19,300.0,1397.2,45,0.8,0.58,0.85,230,1559.0484745823107,0.7103548405118718,2194.746041934313,2213.330337195369,1792.7975731282488,420.53276406712007,0.5378392719384746
SWM A-2x ST1,2019-12-28 17:00:00.135,1050,195,0.17,300.0,1395.7,45,0.8,0.58,0.85,230,1545.3223374341585,0.7157876899123319,2158.9115867910864,2175.3875314148827,1805.5716510743523,369.8158803405301,0.5416714953223057
SWM A-2x ST1,2019-12-28 17:30:00.140,1050,195,0.17,300.0,1396.9,45,0.8,0.58,0.85,230,1551.593627638705,0.7133331818406381,2175.13171563823,2192.549212919567,1819.8158467232404,372.7333661963264,0.5459447540169722
SWM A-2x ST1,2019-12-28 18:00:00.145,1050,195,0.18,300.0,1398.2,45,0.8,0.58,0.85,230,1552.5307544841753,0.7106086112866286,2184.790234490913,2203.2042187989146,1806.62745941511,396.5767593838046,0.541988237824533
SWM A-2x ST1,2019-12-28 18:30:00.150,970,195,0.18,300.0,1399.2,45,0.8,0.58,0.85,230,1556.4385979381009,0.7146816912808918,2177.806731201643,2194.7950423912816,1799.731934760851,395.0631076304307,0.5399195804282553
SWM A-2x ST1,2019-12-28 19:00:00.155,970,195,0.17,300.0,1398.3,45,0.8,0.58,0.85,230,1550.1025161016837,0.7147092398991235,2168.85752914076,2185.766882707432,1814.186512647169,371.5803700602635,0.5442559537941506
SWM A-2x ST1,2019-12-28 19:30:00.160,970,195,0.17,300.0,1394.9,45,0.8,0.58,0.85,230,1542.2302386247766,0.7028070898224088,2194.386284598353,2215.5685551063484,1838.9219007382687,376.6466543680793,0.5516765702214808
SWM A-2x ST1,2019-12-28 20:00:00.165,970,195,0.18,300.0,1397.9,45,0.8,0.58,0.85,230,1540.412382012859,0.7056867778537077,2182.855666784498,2202.9322325487083,1806.404430689941,396.5278018587675,0.5419213292069823
SWM A-2x ST1,2019-12-28 20:30:00.170,970,195,0.17,300.0,1400.0,45,0.8,0.58,0.85,230,1540.7056708796688,0.6997205358719456,2201.887170511214,2224.227159817985,1846.108542648928,378.1186171690575,0.5538325627946783
SWM A-2x ST1,2019-12-28 21:00:00.175,970,195,0.18,300.0,1398.9,45,0.8,0.58,0.85,230,1548.751604671835,0.6969420627161109,2222.2099763014244,2245.751382747256,1841.5161338527491,404.235248894506,0.5524548401558248
SWM A-2x ST1,2019-12-28 21:30:00.180,970,195,0.17,300.0,1398.5,45,0.8,0.58,0.85,230,1547.011065168973,0.7326972805469731,2111.3918479594986,2122.1962680265906,1761.4229024620702,360.7733655645204,0.5284268707386212
SWM A-2x ST1,2019-12-28 22:00:00.185,970,195,0.17,300.0,1399.7,45,0.8,0.58,0.85,230,1541.2208999323177,0.7261263776342595,2122.524325522589,2135.426888462014,1772.404317423472,363.02257103854254,0.5317212952270416
SWM A-2x ST1,2019-12-28 22:30:00.190,970,195,0.18,300.0,1399.8,45,0.8,0.58,0.85,230,1537.6068961672495,0.7207746960874917,2133.2698061040232,2147.939155386597,1761.3101074170097,386.6290479695875,0.5283930322251029
SWM A-2x ST1,2019-12-28 23:00:00.195,970,195,0.17,300.0,1398.4,45,0.8,0.58,0.85,230,1532.3996148149408,0.7038649730363766,2177.1215695027126,2197.771793966482,1824.15058899218,373.621204974302,0.547245176697654
SWM A-2x ST1,2019-12-28 23:30:00.200,970,195,0.18,300.0,1396.8,45,0.8,0.58,0.85,230,1536.1646134777916,0.7085679618690952,2167.98485980882,2186.945428474365,1793.2952513489795,393.6501771253857,0.5379885754046938
SWM A-2x ST1,2019-12-29 00:00:00.205,970,195,0.18,300.0,1395.9,45,0.8,0.58,0.85,230,1547.770586116696,0.7178707765138068,2156.057380735191,2171.8284266013816,1780.899309813133,390.9291167882487,0.53426979294394
SWM A-2x ST1,2019-12-29 00:30:00.210,970,195,0.17,300.0,1395.3,45,0.8,0.58,0.85,230,1525.3604401565678,0.7005250899447275,2177.452973564332,2199.264282020565,1825.389354077069,373.8749279434961,0.5476168062231208
SWM A-2x ST1,2019-12-29 01:00:00.215,970,195,0.19,300.0,1395.6,45,0.8,0.58,0.85,230,1536.143407876762,0.7140680108665733,2151.256441263264,2168.239974039005,1756.2743789715942,411.96559506741096,0.5268823136914782
SWM A-2x ST1,2019-12-29 01:30:00.220,970,195,0.18,300.0,1397.0,45,0.8,0.58,0.85,230,1535.631807042461,0.707698121658004,2169.8966834117964,2189.168931317369,1795.1185236802428,394.05040763712645,0.5385355571040729
SWM A-2x ST1,2019-12-29 02:00:00.225,970,195,0.17,300.0,1397.1,45,0.8,0.58,0.85,230,1532.9505130087678,0.7011860496980977,2186.225059196192,2207.893181620671,1832.5513407451567,375.3418408755141,0.549765402223547
SWM A-2x ST1,2019-12-29 02:30:00.230,970,195,0.17,300.0,1396.4,45,0.8,0.58,0.85,230,1534.3735313069335,0.700010129032165,2191.93047024671,2214.067622378867,1837.6761265744597,376.3914958044074,0.5513028379723378
SWM A-2x ST1,2019-12-29 03:00:00.235,970,195,0.18,300.0,1398.3,45,0.8,0.58,0.85,230,1518.713751840566,0.7098028180477791,2139.6276729607694,2157.928702975018,1769.501536439515,388.42716653550326,0.5308504609318544
SWM A-2x ST1,2019-12-29 03:30:00.240,970,195,0.17,300.0,1395.9,45,0.8,0.58,0.85,230,1539.6604261089071,0.7117485674076602,2163.2083246990974,2181.058700476244,1810.278721395283,370.7799790809616,0.5430836164185848
SWM A-2x ST1,2019-12-29 04:00:00.245,970,195,0.18,300.0,1395.5,45,0.8,0.58,0.85,230,1523.6046236619245,0.7020638027908805,2170.1797152982567,2191.3849619358643,1796.9356687874088,394.4492931484556,0.5390807006362226
SWM A-2x ST1,2019-12-29 04:30:00.250,970,195,0.18,300.0,1395.2,45,0.8,0.58,0.85,230,1530.170327889531,0.7109030569672281,2152.431773774283,2170.4748000853406,1779.7893360699793,390.6854640153613,0.5339368008209938
SWM A-2x ST1,2019-12-29 05:00:00.255,970,195,0.17,300.0,1394.3,45,0.8,0.58,0.85,230,1529.8017852771577,0.700393468069006,2184.203387125869,2206.1283407116,1831.0865227906277,375.041817920972,0.5493259568371882
SWM A-2x ST1,2019-12-29 05:30:00.260,970,195,0.17,300.0,1394.0,45,0.8,0.58,0.85,230,1530.106008691491,0.7017152614308719,2180.522631888385,2201.9500673390435,1827.618555891406,374.3315114476374,0.5482855667674218
SWM A-2x ST1,2019-12-29 06:00:00.265,970,195,0.18,300.0,1394.9,45,0.8,0.58,0.85,230,1533.36102706588,0.7064887295343361,2170.3970112538886,2190.0852369840613,1795.8698943269303,394.21534265713103,0.5387609682980791
SWM A-2x ST1,2019-12-29 06:30:00.270,970,195,0.18,300.0,1395.2,45,0.8,0.58,0.85,230,1534.101711574349,0.7106589458239543,2158.7031593554016,2176.8804271036825,1785.0419502250195,391.8384768786629,0.535512585067506
SWM A-2x ST1,2019-12-29 07:00:00.275,970,195,0.17,300.0,1395.2,45,0.8,0.58,0.85,230,1528.944063912078,0.705421133485667,2167.420270437849,2187.44557862952,1815.579830262501,371.8657483670184,0.5446739490787503
SWM A-2x ST1,2019-12-29 07:30:00.280,970,195,0.18,300.0,1395.7,45,0.8,0.58,0.85,230,1528.769643574146,0.7077829313054249,2159.9413830939734,2179.096549703452,1786.8591707568307,392.2373789466214,0.5360577512270492
SWM A-2x ST1,2019-12-29 08:00:00.285,970,195,0.17,300.0,1394.3,45,0.8,0.58,0.85,230,1527.6660256848522,0.7078968921027817,2158.034655508907,2177.1344448772898,1807.0215892481503,370.1128556291393,0.5421064767744451
SWM A-2x ST1,2019-12-29 08:30:00.290,970,195,0.17,300.0,1395.9,45,0.8,0.58,0.85,230,1524.7665244599966,0.7079850010699003,2153.670659909156,2172.702153731121,1803.3427875968305,369.3593661342906,0.5410028362790492
SWM A-2x ST1,2019-12-29 09:00:00.295,970,195,0.18,300.0,1395.0,45,0.8,0.58,0.85,230,1527.7244168299444,0.7092226272484221,2154.0830172848146,2172.702153731122,1781.61576605952,391.086387671602,0.534484729817856
SWM A-2x ST1,2019-12-29 09:30:00.300,970,195,0.17,300.0,1394.1,45,0.8,0.58,0.85,230,1536.9906300671776,0.7081905903529626,2170.306483881889,2189.415247221363,1817.2146551937317,372.2005920276318,0.5451643965581194
SWM A-2x ST1,2019-12-29 10:00:00.305,970,195,0.18,300.0,1393.6,45,0.8,0.58,0.85,230,1538.5133785860803,0.7058218637790536,2179.747408714003,2199.749026676082,1803.7942018743872,395.9548248016947,0.5411382605623162
SWM A-2x ST1,2019-12-29 10:30:00.310,970,195,0.17,300.0,1392.6,45,0.8,0.58,0.85,230,1525.6160869918992,0.6999255778824263,2179.6832909114987,2201.726305684393,1827.4328337180464,374.2934719663468,0.5482298501154139
SWM A-2x ST1,2019-12-29 11:00:00.315,970,195,0.18,300.0,1392.8,45,0.8,0.58,0.85,230,1545.5949288495794,0.7174493454519109,2154.291363770124,2170.1872259573165,1779.5535252849995,390.6337006723169,0.5338660575854999
SWM A-2x ST1,2019-12-29 11:30:00.320,970,195,0.17,300.0,1393.4,45,0.8,0.58,0.85,230,1543.3102395404485,0.7109631928613898,2170.7315583091427,2188.9077630336565,1816.7934433179348,372.1143197157217,0.5450380329953805
SWM A-2x ST1,2019-12-29 12:00:00.325,970,195,0.18,300.0,1394.4,45,0.8,0.58,0.85,230,1537.362472866893,0.708573507675506,2169.658414001747,2188.631741313969,1794.6780278774547,393.9537134365144,0.5384034083632364
SWM A-2x ST1,2019-12-29 12:30:00.330,970,195,0.17,300.0,1396.2,45,0.8,0.58,0.8,230,1448.571135938064,0.6723103567129591,2154.6167204985168,2186.385865983652,1814.700268766431,371.6855972172209,0.5444100806299293
SWM A-2x ST1,2019-12-29 13:00:00.335,970,195,0.18,300.0,1396.1,45,0.8,0.58,0.8,230,1455.5718037046431,0.6723637373224576,2164.8576847721465,2196.757560737072,1801.341199804399,395.4163609326729,0.5404023599413197
SWM A-2x ST1,2019-12-29 13:30:00.340,970,195,0.17,300.0,1395.9,45,0.8,0.58,0.8,230,1452.3812879786628,0.6693587119598119,2169.810091402625,2202.9322325487105,1828.4337530154296,374.4984795332808,0.548530125904629
SWM A-2x ST1,2019-12-29 14:00:00.345,970,195,0.18,300.0,1396.6,45,0.8,0.58,0.8,230,1456.2639533116244,0.6762206437062017,2153.5337125027627,2183.819266032762,1790.7317981468643,393.0874678858971,0.5372195394440593
SWM A-2x ST1,2019-12-29 14:30:00.350,970,195,0.17,300.0,1396.7,45,0.8,0.58,0.8,230,1453.9449143551494,0.6758856165569138,2151.170077803717,2181.54725552074,1810.6842220822143,370.86303343852586,0.5432052666246643
SWM A-2x ST1,2019-12-29 15:00:00.355,970,195,0.17,300.0,1396.9,45,0.8,0.58,0.8,230,1445.845734698709,0.6725105392680177,2149.9227897192727,2181.547255520736,1810.6842220822105,370.8630334385251,0.5432052666246632
SWM A-2x ST1,2019-12-29 15:30:00.360,970,195,0.18,300.0,1398.1,45,0.8,0.58,0.8,230,1449.447689733644,0.6752785174529152,2146.444248220452,2176.980811221635,1785.1242652017409,391.8565460198943,0.5355372795605223
SWM A-2x ST1,2019-12-29 16:00:00.365,970,195,0.17,300.0,1399.3,45,0.8,0.58,0.8,230,1457.8071794647535,0.6748003824868325,2160.3532204476783,2191.267222103188,1818.751794345646,372.515427757542,0.5456255383036938
SWM A-2x ST1,2019-12-29 16:30:00.370,970,195,0.17,300.0,1399.2,45,0.8,0.58,0.8,230,1455.5194712754833,0.6699274660634027,2172.652331793978,2205.5991668857973,1830.647308515212,374.9518583705856,0.5491941925545635
SWM A-2x ST1,2019-12-29 17:00:00.375,970,195,0.18,300.0,1401.6,45,0.8,0.58,0.8,230,1444.008391478048,0.6610727607009657,2184.34108515816,2220.9362173734417,1821.1676982462225,399.76851912721946,0.5463503094738668
SWM A-2x ST1,2019-12-29 17:30:00.380,970,195,0.17,300.0,1403.0,45,0.8,0.58,0.8,230,1454.2173486547415,0.6663096456844224,2182.4948176474218,2216.995450387104,1840.106223821296,376.8892265658077,0.5520318671463889
SWM A-2x ST1,2019-12-29 18:00:00.385,970,195,0.17,300.0,1401.5,45,0.8,0.58,0.8,230,1455.0073273047533,0.6651296326629965,2187.554509456004,2222.598004395515,1844.7563436482772,377.8416607472376,0.5534269030944832
SWM A-2x ST1,2019-12-29 18:30:00.390,970,195,0.18,300.0,1399.8,45,0.8,0.58,0.8,230,1458.9677482490763,0.6662219198375285,2189.9125573725864,2224.5648347707474,1824.1431645120128,400.42167025873454,0.5472429493536038
SWM A-2x ST1,2019-12-29 19:00:00.395,970,195,0.18,300.0,1387.2,45,0.8,0.58,0.8,230,1444.2486206044985,0.6590804506676837,2191.308540772826,2228.81830481811,1827.63100995085,401.18729486725977,0.548289302985255
SWM A-2x ST1,2019-12-29 19:30:00.400,970,195,0.17,300.0,1408.7,45,0.8,0.58,0.8,230,1440.8505040670498,0.658818124845256,2187.023170325617,2224.564834770748,1846.3888128597207,378.1760219110272,0.5539166438579163
SWM A-2x ST1,2019-12-29 20:00:00.405,970,195,0.18,300.0,1424.6,45,0.8,0.58,0.8,230,1455.048085879555,0.6578758367227329,2211.736629708133,2250.085655054924,1845.0702371450373,405.0154179098863,0.5535210711435112
SWM A-2x ST1,2019-12-29 20:30:00.410,970,195,0.17,300.0,1423.7,45,0.8,0.58,0.8,230,1456.0558880781332,0.6610381485687644,2202.6805733234733,2239.5968419052338,1858.865378781344,380.73146312388974,0.5576596136344032
SWM A-2x ST1,2019-12-29 21:00:00.415,970,195,0.17,300.0,1416.2,45,0.8,0.58,0.8,230,1446.0197098863964,0.6542281469022158,2210.2682630414643,2250.085655054924,1867.5710936955868,382.51456135933705,0.560271328108676
SWM A-2x ST1,2019-12-29 21:30:00.420,970,195,0.18,300.0,1408.5,45,0.8,0.58,0.8,230,1453.9556820208134,0.654121877787172,2222.7595978587324,2262.846065197015,1855.5337734615523,407.3122917354627,0.5566601320384656
SWM A-2x ST1,2019-12-29 22:00:00.425,970,195,0.19,300.0,1404.8,45,0.8,0.58,0.8,230,1442.6733594874463,0.660170677600628,2185.3036016849505,2222.274480375307,1800.0423291039988,422.23215127130834,0.5400126987311996
SWM A-2x ST1,2019-12-29 22:30:00.430,970,195,0.17,300.0,1403.2,45,0.8,0.58,0.8,230,1443.7078955161433,0.6594646443191929,2189.211973610161,2226.5317111806294,1848.0213202799223,378.510390900707,0.5544063960839767
SWM A-2x ST1,2019-12-29 23:00:00.435,970,195,0.18,300.0,1402.7,45,0.8,0.58,0.8,230,1435.424341671537,0.6594637217405235,2176.6539907351075,2213.7600187646763,1815.2832153870345,398.4768033776417,0.5445849646161103
SWM A-2x ST1,2019-12-29 23:30:00.440,970,195,0.17,300.0,1402.4,45,0.8,0.58,0.8,230,1440.3777802709233,0.6581049612387995,2188.674854478523,2226.5317111806244,1848.0213202799184,378.51039090070617,0.5544063960839755
SWM A-2x ST1,2019-12-30 00:00:00.445,970,195,0.18,300.0,1401.3,45,0.8,0.58,0.8,230,1440.6147434046334,0.6615951844962384,2177.4867428963644,2213.7600187646763,1815.2832153870345,398.4768033776417,0.5445849646161103
SWM A-2x ST1,2019-12-30 00:30:00.450,970,195,0.17,300.0,1401.4,45,0.8,0.58,0.8,230,1445.039183478777,0.6544210090658789,2208.118571164803,2247.817865207208,1865.6888281219824,382.1290370852254,0.5597066484365948
SWM A-2x ST1,2019-12-30 01:00:00.455,970,195,0.18,300.0,1402.1,45,0.8,0.58,0.8,230,1432.316029552741,0.6503745445724078,2202.2941111485607,2243.560634401895,1839.719720209554,403.84091419234113,0.5519159160628663
SWM A-2x ST1,2019-12-30 01:30:00.460,970,195,0.18,300.0,1402.2,45,0.8,0.58,0.8,230,1434.9754744253512,0.6503509166647929,2206.46336870618,2247.817865207208,1843.2106494699103,404.6072157372974,0.5529631948409731
SWM A-2x ST1,2019-12-30 02:00:00.465,970,195,0.17,300.0,1402.2,45,0.8,0.58,0.8,230,1442.142255201099,0.6456789090736643,2233.5285153887035,2277.3778805424663,1890.223640850247,387.1542396922193,0.567067092255074
SWM A-2x ST1,2019-12-30 02:30:00.470,970,195,0.18,300.0,1402.9,45,0.8,0.58,0.8,230,1438.0062844873432,0.6461858988169538,2225.3755260213284,2268.848375371893,1860.455667804952,408.3927075669407,0.5581367003414857
SWM A-2x ST1,2019-12-30 03:00:00.475,970,195,0.17,300.0,1403.2,45,0.8,0.58,0.8,230,1445.678628756225,0.6598368513761608,2190.96375981594,2228.1641030108294,1849.3762054989884,378.787897511841,0.5548128616496965
SWM A-2x ST1,2019-12-30 03:30:00.480,970,195,0.17,300.0,1402.4,45,0.8,0.58,0.8,230,1446.9055881257354,0.6604300341678535,2190.8537063261315,2227.814711918932,1849.086210892713,378.7285010262184,0.5547258632678139
SWM A-2x ST1,2019-12-30 04:00:00.485,970,195,0.18,300.0,1401.5,45,0.8,0.58,0.8,230,1450.0935208008282,0.6561060960417342,2210.1509642254405,2249.19489149588,1844.3398110266207,404.8550804692583,0.5533019433079863
SWM A-2x ST1,2019-12-30 04:30:00.490,970,195,0.17,300.0,1399.9,45,0.8,0.58,0.8,230,1439.3617066711083,0.6589992536864817,2184.162878211518,2221.582853014593,1843.913768002112,377.6690850124809,0.5531741304006337
SWM A-2x ST1,2019-12-30 05:00:00.495,970,195,0.18,300.0,1397.7,45,0.8,0.58,0.8,230,1437.7402963053958,0.6483262654911224,2217.61846285261,2260.033325470619,1853.227326885908,406.80599858471135,0.5559681980657724
SWM A-2x ST1,2019-12-30 05:30:00.500,970,195,0.17,300.0,1385.6,45,0.8,0.58,0.8,230,1427.8247358444992,0.6493080787973946,2198.9942562997544,2240.642819665094,1859.733540322028,380.909279343066,0.5579200620966085
SWM A-2x ST1,2019-12-30 06:00:00.505,970,195,0.18,300.0,1383.5,45,0.8,0.58,0.8,230,1429.9577086035877,0.6452722104476967,2216.0534507002367,2259.732922374807,1852.9809963473415,406.7519260274652,0.5558942989042025
SWM A-2x ST1,2019-12-30 06:30:00.510,970,195,0.17,300.0,1385.4,45,0.8,0.58,0.8,230,1437.1281507808574,0.6593182101988506,2179.718576781641,2216.934950360125,1840.056008798904,376.8789415612213,0.5520168026396711
SWM A-2x ST1,2019-12-30 07:00:00.515,970,195,0.18,300.0,1388.2,45,0.8,0.58,0.8,230,1430.7360764996645,0.6544405071739765,2186.1973102458305,2225.49454476306,1824.905526705709,400.5890180573508,0.5474716580117127
SWM A-2x ST1,2019-12-30 07:30:00.520,970,195,0.17,300.0,1391.2,45,0.8,0.58,0.8,230,1440.9619115331816,0.6541243877680065,2202.886696290304,2242.613733568929,1861.3693988622117,381.244334706718,0.5584108196586633
SWM A-2x ST1,2019-12-30 08:00:00.525,970,195,0.18,300.0,1391.4,45,0.8,0.58,0.8,230,1432.6662590604788,0.6518720123534534,2197.772310991116,2238.3339363674627,1835.4338278213197,402.90010854614326,0.5506301483463958
SWM A-2x ST1,2019-12-30 08:30:00.530,970,195,0.18,300.0,1391.9,45,0.8,0.58,0.8,230,1436.628629668687,0.6534813142721014,2198.423425877014,2238.3339363674627,1835.4338278213197,402.90010854614326,0.5506301483463958
SWM A-2x ST1,2019-12-30 09:00:00.535,970,195,0.18,300.0,1394.8,45,0.8,0.58,0.8,230,1443.5473399418893,0.6469512445310313,2231.307771868192,2274.569603624371,1865.1470749719845,409.4225286523868,0.5595441224915954
SWM A-2x ST1,2019-12-30 09:30:00.540,970,195,0.17,300.0,1396.4,45,0.8,0.58,0.8,230,1450.9844972074443,0.651017893546878,2228.793573249094,2270.286045048809,1884.3374173905115,385.9486276582976,0.5653012252171534
SWM A-2x ST1,2019-12-30 10:00:00.545,970,195,0.17,300.0,1396.8,45,0.8,0.58,0.8,230,1442.9777918271866,0.6489040393383776,2223.7152249790997,2266.0024864732463,1880.7820637727943,385.2204227004519,0.5642346191318384
SWM A-2x ST1,2019-12-30 10:30:00.550,970,195,0.18,300.0,1397.4,45,0.8,0.58,0.8,230,1448.598242917022,0.6709829034607746,2158.91975107784,2191.25616715132,1796.8300570640822,394.4261100872376,0.5390490171192246
SWM A-2x ST1,2019-12-30 11:00:00.555,970,195,0.17,300.0,1398.2,45,0.8,0.58,0.8,230,1448.727765084777,0.6811139782552058,2126.997553032093,2155.122101357271,1788.7513441265348,366.3707572307361,0.5366254032379604
SWM A-2x ST1,2019-12-30 11:30:00.560,970,195,0.17,300.0,1399.9,45,0.8,0.58,0.8,230,1453.5761125139115,0.6688996320482241,2173.0855316259413,2206.4345323419698,1831.3406618438348,375.0938704981349,0.5494021985531504
SWM A-2x ST1,2019-12-30 12:00:00.565,970,195,0.17,300.0,1399.9,45,0.8,0.58,0.8,230,1447.5789355980642,0.6528734893323345,2217.2426346771117,2257.746963326664,1873.929979561131,383.8169837655329,0.5621789938683394
SWM A-2x ST1,2019-12-30 12:30:00.570,970,195,0.17,300.0,1399.5,45,0.8,0.58,0.8,230,1461.6551652239225,0.6590594761741764,2217.789468271959,2255.7610507532822,1872.2816721252243,383.479378628058,0.5616845016375673
SWM A-2x ST1,2019-12-30 13:00:00.575,970,195,0.18,300.0,1401.7,45,0.8,0.58,0.8,230,1456.3635196107698,0.6541251631271285,2226.42943844025,2266.5807254765423,1858.5961948907648,407.9845305857776,0.5575788584672294
SWM A-2x ST1,2019-12-30 13:30:00.580,970,195,0.17,300.0,1401.2,45,0.8,0.58,0.8,230,1452.6938388455956,0.6547831584155863,2218.587665511673,2258.3255751841875,1874.4102274028755,383.9153477813119,0.5623230682208626
SWM A-2x ST1,2019-12-30 14:00:00.585,970,195,0.18,300.0,1401.7,45,0.8,0.58,0.8,230,1455.449932409775,0.6547892503142023,2222.7761553986625,2262.586566835479,1855.3209848050928,407.2655820303862,0.5565962954415279
SWM A-2x ST1,2019-12-30 14:30:00.590,970,195,0.17,300.0,1412.0,45,0.8,0.58,0.8,230,1461.656133786801,0.658321376018018,2220.2774921694117,2258.5925951496465,1874.6318539742065,383.9607411754399,0.5623895561922619
SWM A-2x ST1,2019-12-30 15:00:00.595,970,195,0.17,300.0,1424.9,45,0.8,0.58,0.8,230,1458.4864144556466,0.6591950382650846,2212.526384139954,2250.35286162354,1867.792875147538,382.5599864760018,0.5603378625442614
SWM A-2x ST1,2019-12-30 15:30:00.600,970,195,0.18,300.0,1433.5,45,0.8,0.58,0.8,230,1456.646515116675,0.6502671327187137,2240.074027771563,2282.0939356795247,1871.3170272572104,410.7769084223144,0.5613951081771632
SWM A-2x ST1,2019-12-30 16:00:00.605,970,195,0.18,300.0,1429.8,45,0.8,0.58,0.8,230,1459.6998634439624,0.6636437596417222,2199.52322648525,2235.3471325278024,1832.984648672798,402.3624838550044,0.5498953946018393
SWM A-2x ST1,2019-12-30 16:30:00.610,970,195,0.17,300.0,1414.8,45,0.8,0.58,0.8,230,1460.043802561825,0.6626569117030585,2203.317850876173,2239.5968419052315,1858.865378781342,380.7314631238894,0.5576596136344026
SWM A-2x ST1,2019-12-30 17:00:00.615,970,195,0.18,300.0,1410.4,45,0.8,0.58,0.8,230,1449.113195023461,0.6494241770170315,2231.381655175824,2273.594516924666,1864.3475038782265,409.2470130464399,0.5593042511634679
SWM A-2x ST1,2019-12-30 17:30:00.620,970,195,0.17,300.0,1406.6,45,0.8,0.58,0.8,230,1456.0568075829497,0.6598478760986952,2206.6552918102648,2244.117611558725,1862.6176175937417,381.4999939649833,0.5587852852781225
SWM A-2x ST1,2019-12-30 18:00:00.625,970,195,0.18,300.0,1402.7,45,0.8,0.58,0.8,230,1447.6367215417797,0.6564369035033346,2205.294543642953,2244.1176115587277,1840.1764414781564,403.9411700805709,0.552052932443447
SWM A-2x ST1,2019-12-30 18:30:00.630,970,195,0.17,300.0,1400.3,45,0.8,0.58,0.8,230,1445.5827869929751,0.6567139557621584,2201.236587572262,2239.8754232571027,1859.0966013033956,380.7788219537075,0.5577289803910186
SWM A-2x ST1,2019-12-30 19:00:00.635,970,195,0.17,300.0,1400.1,45,0.8,0.58,0.8,230,1440.3557562850476,0.654523655439194,2200.6168063070995,2240.139148708434,1859.315493428,380.8236552804338,0.5577946480284001
SWM A-2x ST1,2019-12-30 19:30:00.640,970,195,0.16,300.0,1400.3,45,0.8,0.58,0.8,230,1444.8309655061423,0.6602080064725695,2188.4481123240857,2225.457265083239,1869.3841026699208,356.0731624133182,0.5608152308009762
SWM A-2x ST1,2019-12-30 20:00:00.645,970,195,0.17,300.0,1407.5,45,0.8,0.58,0.8,230,1448.160624632075,0.6609708540330359,2190.9598824151703,2227.706577696702,1848.9964594882624,378.7101182084394,0.5546989378464787
SWM A-2x ST1,2019-12-30 20:30:00.650,970,195,0.18,300.0,1408.2,45,0.8,0.58,0.8,230,1442.7938848116564,0.6581888543557142,2192.0667225882667,2229.948416501291,1828.557701531059,401.3907149702324,0.5485673104593176
SWM A-2x ST1,2019-12-30 21:00:00.655,970,195,0.17,300.0,1406.5,45,0.8,0.58,0.8,230,1434.7624268459078,0.6560245366124267,2187.0560425296294,2225.725029348826,1847.3517743595253,378.3732549893005,0.5542055323078576
SWM A-2x ST1,2019-12-30 21:30:00.660,970,195,0.17,300.0,1405.5,45,0.8,0.58,0.8,230,1442.5494489619969,0.6503945792302743,2217.960442827211,2259.512126568543,1875.3950650518907,384.1170615166523,0.5626185195155672
SWM A-2x ST1,2019-12-30 22:00:00.665,970,195,0.17,300.0,1404.1,45,0.8,0.58,0.8,230,1438.8846483913128,0.6511498723357763,2209.759549256777,2250.8427091716403,1868.1994486124613,382.6432605591789,0.5604598345837384
SWM A-2x ST1,2019-12-30 22:30:00.670,970,195,0.18,300.0,1403.1,45,0.8,0.58,0.8,230,1441.4440533443335,0.6595000912605342,2185.661643487012,2222.9066700506105,1822.7834694415003,400.12320060910986,0.5468350408324502
SWM A-2x ST1,2019-12-30 23:00:00.675,970,195,0.17,300.0,1402.8,45,0.8,0.58,0.8,230,1432.9598839662062,0.6487569243721443,2208.7777873862387,2250.842709171638,1868.1994486124595,382.6432605591785,0.5604598345837379
SWM A-2x ST1,2019-12-30 23:30:00.680,970,195,0.17,300.0,1402.9,45,0.8,0.58,0.8,230,1427.7218403186776,0.6558919524306268,2176.7637718800743,2215.3042730142893,1838.70254660186,376.6017264124292,0.551610763980558
SWM A-2x ST1,2019-12-31 00:00:00.685,970,195,0.18,300.0,1402.2,45,0.8,0.58,0.8,230,1428.953200268161,0.6608202454201484,2162.3931926595787,2198.720125029496,1802.9505025241865,395.7696225053092,0.540885150757256
SWM A-2x ST1,2019-12-31 00:30:00.690,970,195,0.17,300.0,1403.0,45,0.8,0.58,0.8,230,1424.9217921053823,0.6523970998872866,2184.132627737866,2224.227159817983,1846.108542648926,378.1186171690572,0.5538325627946779
SWM A-2x ST1,2019-12-31 01:00:00.695,970,195,0.18,300.0,1402.9,45,0.8,0.58,0.8,230,1428.2895791046626,0.6509508813229108,2194.158760799258,2235.034171833217,1832.7280209032376,402.306150929979,0.5498184062709714
SWM A-2x ST1,2019-12-31 01:30:00.700,970,195,0.18,300.0,1402.2,45,0.8,0.58,0.8,230,1439.789046996803,0.6501856006882989,2214.4277656604745,2256.0007212875576,1849.9205914557967,406.0801298317604,0.5549761774367392
SWM A-2x ST1,2019-12-31 02:00:00.705,970,195,0.17,300.0,1403.1,45,0.8,0.58,0.8,230,1430.1754353377332,0.657753553569971,2174.3332705318376,2212.0827322499285,1836.0286677674408,376.0540644824879,0.5508086003302322
SWM A-2x ST1,2019-12-31 02:30:00.710,970,195,0.17,300.0,1406.5,45,0.8,0.58,0.8,230,1445.0929969233075,0.6599482155168943,2189.706651136954,2226.8410544184367,1848.2780751673024,378.5629792511343,0.5544834225501907
SWM A-2x ST1,2019-12-31 03:00:00.715,970,195,0.17,300.0,1409.5,45,0.8,0.58,0.8,230,1431.4817115336543,0.6577056414266329,2176.477775724441,2214.2836800514124,1837.855454442672,376.42822560874015,0.5513566363328016
SWM A-2x ST1,2019-12-31 03:30:00.720,970,195,0.17,300.0,1411.4,45,0.8,0.58,0.8,230,1428.9857751288082,0.6566809158615408,2176.0732505132,2214.2836800514124,1837.855454442672,376.42822560874015,0.5513566363328016
SWM A-2x ST1,2019-12-31 04:00:00.725,970,195,0.18,300.0,1412.3,45,0.8,0.58,0.8,230,1429.38888806234,0.6502649617816305,2198.16378256953,2239.398428785456,1836.3067116040736,403.0917171813821,0.5508920134812221
SWM A-2x ST1,2019-12-31 04:30:00.730,970,195,0.17,300.0,1412.8,45,0.8,0.58,0.8,230,1423.868440445523,0.6552217113430985,2173.1093701501786,2211.85548974206,1835.8400564859096,376.01543325615023,0.5507520169457729
SWM A-2x ST1,2019-12-31 05:00:00.735,970,195,0.18,300.0,1414.0,45,0.8,0.58,0.8,230,1421.9170759376627,0.6522697047067301,2179.952657125134,2220.022571614168,1820.4185087236172,399.60406289055015,0.5461255526170852
SWM A-2x ST1,2019-12-31 05:30:00.740,970,195,0.17,300.0,1413.8,45,0.8,0.58,0.8,230,1418.8327303172882,0.6538046946717966,2170.1170730037784,2209.3826041895863,1833.7875614773568,375.5950427122297,0.5501362684432071
SWM A-2x ST1,2019-12-31 06:00:00.745,970,195,0.17,300.0,1415.0,45,0.8,0.58,0.8,230,1427.7959025516134,0.6486748534054392,2201.0964276723744,2243.0493867296163,1861.7309909855812,381.3183957440348,0.5585192972956744
SWM A-2x ST1,2019-12-31 06:30:00.750,970,195,0.17,300.0,1416.6,45,0.8,0.58,0.8,230,1427.2474606436515,0.6462445540575075,2208.5253201478354,2251.6441714861608,1868.8646623335133,382.77950915264734,0.560659398700054
SWM A-2x ST1,2019-12-31 07:00:00.755,970,195,0.17,300.0,1417.3,45,0.8,0.58,0.8,230,1439.0570253720762,0.6609350276471473,2177.3048260052938,2213.836713382843,1837.4844721077595,376.3522412750833,0.5512453416323279
SWM A-2x ST1,2019-12-31 07:30:00.760,970,195,0.18,300.0,1417.1,45,0.8,0.58,0.8,230,1431.735253990096,0.6496125773371895,2203.983272397351,2245.59913728402,1841.3912925728964,404.2078447111236,0.552417387771869
SWM A-2x ST1,2019-12-31 08:00:00.765,970,195,0.17,300.0,1417.9,45,0.8,0.58,0.8,230,1430.124413653925,0.6560405653626304,2179.9329022640773,2218.469471507088,1841.3296613508828,377.1398101562049,0.5523988984052648
SWM A-2x ST1,2019-12-31 08:30:00.770,970,195,0.17,300.0,1419.1,45,0.8,0.58,0.8,230,1421.4558439297482,0.6574454629687005,2162.089365574374,2199.7490266760838,1825.791692141149,373.9573345349342,0.5477375076423446
SWM A-2x ST1,2019-12-31 09:00:00.775,970,195,0.17,300.0,1420.8,45,0.8,0.58,0.8,230,1438.33061401461,0.661048306082183,2175.832841232322,2212.295123786404,1836.2049527427148,376.0901710436887,0.5508614858228144
SWM A-2x ST1,2019-12-31 09:30:00.780,970,195,0.18,300.0,1420.8,45,0.8,0.58,0.8,230,1445.1905338956635,0.6627467254149377,2180.607581260921,2216.47715615651,1817.511268048338,398.9658881081718,0.5452533804145014
SWM A-2x ST1,2019-12-31 10:00:00.785,970,195,0.17,300.0,1421.3,45,0.8,0.58,0.8,230,1446.686671625151,0.6656079453493262,2173.4816745102053,2208.113091416297,1832.7338658755264,375.3792255407705,0.549820159762658
SWM A-2x ST1,2019-12-31 10:30:00.790,970,195,0.18,300.0,1421.6,45,0.8,0.58,0.8,230,1451.2648516220024,0.6686265667782303,2170.5162847699967,2203.9310590461896,1807.2234684178757,396.7075906283141,0.5421670405253626
SWM A-2x ST1,2019-12-31 11:00:00.795,970,195,0.17,300.0,1421.4,45,0.8,0.58,0.8,230,1454.412131853622,0.6676566294991819,2178.383419849505,2212.295123786402,1836.2049527427137,376.0901710436884,0.5508614858228141
SWM A-2x ST1,2019-12-31 11:30:00.800,970,195,0.17,300.0,1422.9,45,0.8,0.58,0.8,230,1461.99847433546,0.6753513855737623,2164.796734804033,2195.5669943059797,1822.3206052739629,373.2463890320165,0.5466961815821888
SWM A-2x ST1,2019-12-31 12:00:00.805,970,195,0.18,300.0,1423.3,45,0.8,0.58,0.8,230,1454.4477866711536,0.6654201650760394,2185.758507190641,2220.6591885266125,1820.940534591822,399.7186539347903,0.5462821603775467
SWM A-2x ST1,2019-12-31 12:30:00.810,970,195,0.17,300.0,1422.5,45,0.8,0.58,0.8,230,1472.350769853669,0.6790262435533763,2168.3267529525638,2197.771793966482,1824.15058899218,373.621204974302,0.547245176697654
SWM A-2x ST1,2019-12-31 13:00:00.815,970,195,0.18,300.0,1422.4,45,0.8,0.58,0.8,230,1448.2562801143488,0.6611921721248553,2190.3711827986817,2227.019707574404,1826.156160211011,400.8635473633926,0.5478468480633033
SWM A-2x ST1,2020-04-11 17:59:59.990,1900,204,0.56,450.0,1474.8,48,0.8,0.54,0.8,230,953.0882390760956,0.5651107735460237,1686.551174906019,1750.0,769.9999999999999,980.0,0.3464999999999999
SWM A-2x ST1,2020-04-11 18:29:59.985,1900,204,0.54,450.0,1473.5,48,0.8,0.54,0.8,230,958.2400396662202,0.5624022819608969,1703.8338399431414,1769.1374323416553,813.8032188771614,955.334213464494,0.3662114484947226
SWM A-2x ST1,2020-04-11 18:59:59.980,1900,204,0.55,450.0,1472.5,48,0.8,0.54,0.8,230,956.07911799684,0.5559965077126177,1719.5775598126888,1788.413745262014,804.7861853679062,983.6275598941075,0.3621537834155578
SWM A-2x ST1,2020-04-11 19:29:59.975,1900,204,0.56,450.0,1472.1,48,0.8,0.54,0.8,230,955.7572145695112,0.5553448075283403,1721.0158474755117,1790.2121988035426,787.6933674735586,1002.518831329984,0.3544620153631014
SWM A-2x ST1,2020-04-11 19:59:59.970,1900,204,0.56,450.0,1472.8,48,0.8,0.54,0.8,230,957.9777467910106,0.5574518087195044,1718.4942838225516,1786.615302560583,786.1107331266563,1000.5045694339263,0.3537498299069953
SWM A-2x ST1,2020-04-11 20:29:59.965,1900,204,0.54,450.0,1474.8,48,0.8,0.54,0.8,230,953.1403659936076,0.5657701780548479,1684.677635838923,1747.767978324241,803.9732700291509,943.7947082950902,0.3617879715131179
SWM A-2x ST1,2020-04-11 20:59:59.960,2000,204,0.55,450.0,1477.2,48,0.8,0.54,0.8,230,951.084152802491,0.5888845699001353,1615.0604064286802,1666.3088618333345,749.8389878250005,916.469874008334,0.3374275445212502
SWM A-2x ST1,2020-04-11 21:29:59.955,2000,204,0.54,450.0,1476.1,48,0.8,0.54,0.8,230,949.3080527816628,0.5642738692184701,1682.353382935262,1746.0104093205696,803.164788287462,942.8456210331076,0.3614241547293579
SWM A-2x ST1,2020-04-11 21:59:59.950,2000,204,0.55,450.0,1480.3,48,0.8,0.54,0.8,230,948.5827429117832,0.589400371684609,1609.4030280309605,1660.2759549530265,747.1241797288618,913.1517752241648,0.3362058808779878
SWM A-2x ST1,2020-04-11 22:29:59.945,2000,204,0.55,450.0,1486.2,48,0.8,0.54,0.8,230,940.3787523147164,0.5735634014473909,1639.537581968557,1697.6805152526038,763.9562318636716,933.724283388932,0.3437803043386522
SWM A-2x ST1,2020-04-11 22:59:59.940,2000,204,0.54,450.0,1429.4,48,0.8,0.54,0.8,230,1102.3836347511203,0.6345103382685393,1737.3769476464645,1775.285362809605,816.6312668924182,958.6540959171869,0.3674840701015882
SWM A-2x ST1,2020-04-11 23:29:59.935,2000,204,0.55,450.0,1351.2,48,0.8,0.54,0.8,230,1075.0632975041156,0.6077960059548719,1768.7896711580852,1817.288078819049,817.7796354685718,999.5084433504768,0.3680008359608572
SWM A-2x ST1,2020-04-11 23:59:59.930,2000,204,0.54,450.0,1306.7,48,0.8,0.54,0.8,230,1154.560472928052,0.5425524797842534,2128.0162121591707,2221.1298741121705,1021.7197420915984,1199.410132020572,0.4597738839412193
SWM A-2x ST1,2020-04-12 00:29:59.925,1500,204,0.55,450.0,1268.2,48,0.8,0.54,0.8,230,1250.520471146471,0.5908320327622802,2116.5414226104,2182.732091039062,982.2294409675778,1200.5026500714844,0.44200324843541
SWM A-2x ST1,2020-04-12 00:59:59.920,1300,204,0.54,450.0,1230.9,48,0.8,0.54,0.8,230,1268.999350929295,0.5985283422130439,2120.199264477937,2182.732091039062,1004.0567618779684,1178.6753291610935,0.4518255428450858
SWM A-2x ST1,2020-04-12 01:29:59.915,1200,204,0.53,450.0,1193.4,48,0.8,0.54,0.8,230,1206.1354502536526,0.546340247000185,2207.663551928006,2301.898233170795,1081.8921695902734,1220.0060635805214,0.486851476315623
SWM A-2x ST1,2020-04-12 01:59:59.910,1200,204,0.54,450.0,1156.5,48,0.8,0.54,0.8,230,1214.310622755009,0.5679148174197732,2138.1914778558303,2217.083543887441,1019.8584301882228,1197.225113699218,0.4589362935847003
SWM A-2x ST1,2020-04-12 02:29:59.905,1000,204,0.55,450.0,1130.0,48,0.8,0.54,0.8,230,1218.4627987580825,0.5889444083992097,2068.892719552166,2134.512744502529,960.530735026138,1173.982009476391,0.4322388307617621
SWM A-2x ST1,2020-04-12 02:59:59.900,900,204,0.55,450.0,1108.4,48,0.8,0.54,0.8,230,1203.4489969691265,0.5639118342104712,2134.108426105415,2215.0603952384736,996.7771778573132,1218.2832173811605,0.4485497300357909
SWM A-2x ST1,2020-04-12 03:29:59.895,900,204,0.56,450.0,1090.5,48,0.8,0.54,0.8,230,1201.3397686810752,0.5542417821974406,2167.5373587282443,2255.3342206064463,992.3470570668362,1262.98716353961,0.4465561756800763
SWM A-2x ST1,2020-04-12 03:59:59.890,900,204,0.54,450.0,1075.4,48,0.8,0.54,0.8,230,1191.388480172028,0.550230569209734,2165.253162657164,2255.3342206064463,1037.4537414789652,1217.880479127481,0.4668541836655343
SWM A-2x ST1,2020-04-12 04:29:59.885,900,204,0.56,450.0,1063.5,48,0.8,0.54,0.8,230,1192.848937782503,0.5600089781813891,2130.053238889564,2213.0372575651054,973.7363933286464,1239.3008642364591,0.4381813769978908
SWM A-2x ST1,2020-04-12 04:59:59.880,900,204,0.56,450.0,1053.7,48,0.8,0.54,0.8,230,1176.1608697279128,0.5621009976754183,2092.4369011831564,2172.800216518467,956.0320952681254,1216.7681212503417,0.4302144428706564
SWM A-2x ST1,2020-04-12 05:29:59.875,900,204,0.55,450.0,1045.5,48,0.8,0.54,0.8,230,1174.6394965470283,0.5439121590424819,2159.612498118991,2253.274298611744,1013.9734343752848,1239.3008642364591,0.4562880454688782
SWM A-2x ST1,2020-04-12 05:59:59.870,900,204,0.54,450.0,1039.1,48,0.8,0.54,0.8,230,1161.5769711997114,0.5471628047007449,2122.909235095033,2213.0372575651054,1017.9971384799484,1195.040119085157,0.4580987123159768
SWM A-2x ST1,2020-04-12 06:29:59.860,900,204,0.57,450.0,1033.7,48,0.8,0.54,0.8,230,1164.0717450243606,0.5481876298348332,2123.4914501355875,2213.0372575651054,951.6060207529954,1261.43123681211,0.4282227093388479
SWM A-2x ST1,2020-04-12 06:59:59.855,900,204,0.56,450.0,1025.2,48,0.8,0.54,0.8,230,1167.9993627112308,0.5679067512172662,2056.674551249321,2132.5631754718293,938.3277972076048,1194.2353782642244,0.4222475087434221
SWM A-2x ST1,2020-04-12 07:29:59.850,900,204,0.56,450.0,1015.5,48,0.8,0.54,0.8,230,1180.480896804447,0.5929619196862219,1990.8207552841216,2052.089093378552,902.9192010865628,1149.1698922919893,0.4063136404889533
SWM A-2x ST1,2020-04-12 07:59:59.845,900,204,0.54,450.0,1008.5,48,0.8,0.54,0.8,230,1165.9624709509758,0.5968607507466124,1953.491613399733,2011.8520523319144,925.4519440726806,1086.4001082592338,0.4164533748327063
SWM A-2x ST1,2020-04-12 08:29:59.840,900,204,0.54,450.0,1001.2,48,0.8,0.54,0.8,230,1183.0673698880234,0.615499899651391,1922.1243911787687,1971.615011285276,906.9429051912266,1064.672106094049,0.4081243073360519
SWM A-2x ST1,2020-04-12 08:59:59.835,900,204,0.55,450.0,994.2,48,0.8,0.54,0.8,230,1192.952583622856,0.5629556130672959,2119.088176637916,2200.0,990.0,1210.0,0.4455
SWM A-2x ST1,2020-04-12 09:29:59.830,900,204,0.56,450.0,991.7,48,0.8,0.54,0.8,230,1181.495824317035,0.5780138753828643,2044.0613532580628,2114.2869615637983,930.2862630880712,1184.0006984757272,0.418628818389632
SWM A-2x ST1,2020-04-12 09:59:59.825,900,204,0.56,450.0,991.9,48,0.8,0.54,0.8,230,1171.589681213978,0.5457681197690547,2146.680318575119,2238.656782832257,985.0089844461928,1253.647798386064,0.4432540430007868
SWM A-2x ST1,2020-04-12 10:29:59.820,900,204,0.56,450.0,991.7,48,0.8,0.54,0.8,230,1179.324982650298,0.523703576053977,2251.894080113647,2363.0266041007158,1039.7317058043143,1323.2948982964008,0.4678792676119415
SWM A-2x ST1,2020-04-12 10:59:59.815,1100,204,0.54,450.0,1019.7,48,0.8,0.54,0.8,230,1031.8008711028654,0.481006288133032,2145.0881133127723,2282.205452798545,1049.814508287331,1232.3909445112145,0.4724165287292988
SWM A-2x ST1,2020-04-12 11:29:59.810,1400,207,0.56,450.0,1063.1,48,0.8,0.54,0.8,230,1015.5511280744364,0.5335278375632955,1903.4641804495452,1991.7429406241847,876.3668938746412,1115.3760467495435,0.3943651022435885
SWM A-2x ST1,2020-04-12 11:59:59.805,1400,210,0.53,450.0,1099.2,48,0.8,0.54,0.8,230,995.0030069137912,0.5654353402945427,1759.7113869739394,1825.764362238836,858.1092502522529,967.655111986583,0.3861491626135138
SWM A-2x ST1,2020-04-12 12:29:59.800,1400,213,0.54,450.0,1126.9,48,0.8,0.54,0.8,230,1028.287426683217,0.5597471975124286,1837.0568557610063,1908.7536514315104,878.0266796584947,1030.7269717730155,0.3951120058463226
SWM A-2x ST1,2020-04-12 12:59:59.795,1400,213,0.54,450.0,1149.3,48,0.8,0.54,0.8,230,1038.7795900738754,0.5344538782627899,1943.6281264350928,2033.2375852205216,935.28928920144,1097.948296019082,0.420880180140648
SWM A-2x ST1,2020-04-12 13:29:59.790,1450,213,0.53,450.0,1165.8,48,0.8,0.54,0.8,230,1053.966794996314,0.5140571331256198,2050.2911584708168,2157.721519009533,1014.1291139344804,1143.5924050750525,0.4563581012705162
SWM A-2x ST1,2020-04-12 13:59:59.785,1450,213,0.54,450.0,1172.0,48,0.8,0.54,0.8,230,1039.8816276747648,0.5260657519363348,1976.7141727952912,2072.830354474312,953.5019630581832,1119.3283914161284,0.4290758833761824
SWM A-2x ST1,2020-04-12 14:29:59.780,1450,213,0.53,450.0,1176.1,48,0.8,0.54,0.8,230,1037.2776490864094,0.5082308166039919,2040.9577994847275,2151.7877001328507,1011.3402190624396,1140.447481070411,0.4551030985780979
SWM A-2x ST1,2020-04-12 14:59:59.775,1450,210,0.53,450.0,1176.3,48,0.8,0.54,0.8,230,1056.345781936484,0.5005491319566702,2110.3738164666843,2230.440792786525,1048.3071726096666,1182.1336201768584,0.47173822767435
SWM A-2x ST1,2020-04-12 15:29:59.770,1450,210,0.51,450.0,1174.9,48,0.8,0.54,0.8,230,1029.7614378640749,0.5058566295591511,2035.6784466015624,2147.831874535172,1052.437618522234,1095.3942560129376,0.4735969283350053
SWM A-2x ST1,2020-04-12 15:59:59.765,1450,210,0.51,450.0,1177.1,48,0.8,0.54,0.8,230,1044.0152394007123,0.5118896908758093,2039.531676472077,2147.831874535172,1052.437618522234,1095.3942560129376,0.4735969283350053
SWM A-2x ST1,2020-04-12 16:29:59.760,1450,210,0.51,450.0,1182.0,48,0.8,0.54,0.8,230,1038.2732575186567,0.4999797620952276,2076.6305683406927,2195.184198816718,1075.6402574201918,1119.5439413965262,0.4840381158390863
SWM A-2x ST1,2020-04-12 16:59:59.755,1450,210,0.53,450.0,1186.4,48,0.8,0.54,0.8,230,1040.3659576450189,0.5173315360764501,2011.0236571606877,2114.2869615637983,993.7148719349852,1120.572089628813,0.4471716923707434
SWM A-2x ST1,2020-04-12 17:29:59.750,1450,210,0.54,450.0,1190.6,48,0.8,0.54,0.8,230,1041.5866539819292,0.4922007315642037,2116.1826612321124,2242.7648447155666,1031.6718285691609,1211.093016146406,0.4642523228561223
SWM A-2x ST1,2020-04-12 17:59:59.745,1450,210,0.55,450.0,1193.3,48,0.8,0.54,0.8,230,1033.8772281064348,0.4887348740839778,2115.415295550992,2244.590664304622,1010.0657989370798,1234.524865367542,0.4545296095216858
SWM A-2x ST1,2020-04-12 18:29:59.740,1450,210,0.53,450.0,1195.2,48,0.8,0.54,0.8,230,1036.838113775715,0.4898913803849657,2116.46531310869,2244.818892372332,1055.064879414996,1189.754012957336,0.4747791957367481
SWM A-2x ST1,2020-04-12 18:59:59.735,1450,210,0.53,450.0,1195.3,48,0.8,0.54,0.8,230,1034.5370982396569,0.5050733594848703,2048.290765711326,2161.6774519140977,1015.9884023996258,1145.689049514472,0.4571947810798316
SWM A-2x ST1,2020-04-12 19:29:59.730,1450,210,0.53,450.0,1196.1,48,0.8,0.54,0.8,230,1034.42777605024,0.5050273841667335,2048.2607646256392,2161.6774519140977,1015.9884023996258,1145.689049514472,0.4571947810798316
SWM A-2x ST1,2020-04-12 19:59:59.725,1450,210,0.53,450.0,1196.3,48,0.8,0.54,0.8,230,1038.3568056427246,0.4901219886108297,2118.5680907436463,2246.872951172506,1056.0302870510775,1190.8426641214282,0.475213629172985
SWM A-2x ST1,2020-04-12 20:29:59.720,1450,210,0.53,450.0,1194.2,48,0.8,0.54,0.8,230,1050.2513071018054,0.5112781722725277,2054.1680909897864,2163.6554344624133,1016.9180541973342,1146.737380265079,0.4576131243888004
SWM A-2x ST1,2020-04-12 20:59:59.710,1450,210,0.56,450.0,1193.1,48,0.8,0.54,0.8,230,1038.881058347626,0.5057041635490931,2054.3256971756628,2167.6114317511096,953.7490299704882,1213.8624017806214,0.4291870634867197
SWM A-2x ST1,2020-04-12 21:29:59.705,1450,210,0.55,450.0,1192.7,48,0.8,0.54,0.8,230,1025.1598682278625,0.4995575451281303,2052.1356913244526,2169.589446491491,976.3152509211708,1193.27419557032,0.4393418629145268
SWM A-2x ST1,2020-04-12 21:59:59.700,1450,210,0.54,450.0,1193.4,48,0.8,0.54,0.8,230,1028.4473266009777,0.4708849374208734,2184.073528097925,2332.220614490757,1072.821482665748,1259.399131825009,0.4827696671995866
SWM A-2x ST1,2020-04-12 22:29:59.695,1400,210,0.53,450.0,1193.2,48,0.8,0.54,0.8,230,1036.8451959184902,0.4811312190563079,2155.0154196024964,2292.6659374290584,1077.5529905916574,1215.112946837401,0.4848988457662458
SWM A-2x ST1,2020-04-12 22:59:59.690,1400,210,0.54,450.0,1188.8,48,0.8,0.54,0.8,230,1040.3765515034056,0.482908266763514,2154.397891086198,2290.5738178034217,1053.6639561895738,1236.909861613848,0.4741487802853082
SWM A-2x ST1,2020-04-12 23:29:59.685,1450,210,0.55,450.0,1185.6,48,0.8,0.54,0.8,230,1029.6805664019298,0.4786632069693494,2151.1587926745838,2290.5738178034217,1030.7582180115396,1259.815599791882,0.4638411981051928
SWM A-2x ST1,2020-04-12 23:59:59.680,1500,210,0.56,450.0,1186.0,48,0.8,0.54,0.8,230,1027.77654087195,0.4779075306901009,2150.576157249156,2290.5738178034217,1007.8524798335054,1282.7213379699162,0.4535336159250774
SWM A-2x ST1,2020-04-13 00:29:59.675,1500,210,0.51,450.0,1189.7,48,0.8,0.54,0.8,230,1011.3331279267978,0.4865278800967221,2078.6745617244874,2207.2802244287523,1081.567309970089,1125.7129144586636,0.4867052894865399
SWM A-2x ST1,2020-04-13 00:59:59.670,1500,210,0.54,450.0,1198.3,48,0.8,0.54,0.8,230,999.4761996268692,0.4743907896347084,2106.862572935888,2246.872951172506,1033.5615575393526,1213.311393633153,0.4651027008927086
SWM A-2x ST1,2020-04-13 01:29:59.665,1000,210,0.52,450.0,1193.3,48,0.8,0.54,0.8,230,1196.6613206596971,0.5286896668167342,2263.4475303155677,2371.699226237645,1138.4156285940696,1233.2835976435756,0.5122870328673313
SWM A-2x ST1,2020-04-13 01:59:59.660,1000,210,0.52,450.0,1165.7,48,0.8,0.54,0.8,230,1202.1877732835371,0.5475646539634921,2195.517487444854,2288.4817095275525,1098.471220573225,1190.0104889543277,0.4943120492579512
SWM A-2x ST1,2020-04-13 02:29:59.655,1000,210,0.52,450.0,1140.8,48,0.8,0.54,0.8,230,1209.3466889254405,0.54096867091267,2235.520750000453,2334.350772655041,1120.4883708744198,1213.8624017806217,0.5042197668934889
SWM A-2x ST1,2020-04-13 02:59:59.650,1000,210,0.54,450.0,1118.7,48,0.8,0.54,0.8,230,1204.1778722626173,0.5470468711603773,2201.2334513646992,2294.758068404461,1055.5887114660522,1239.1693569384092,0.4750149201597235
SWM A-2x ST1,2020-04-13 03:29:59.645,1000,210,0.55,450.0,1099.8,48,0.8,0.54,0.8,230,1183.4473971356815,0.5304622492788413,2230.9738322464377,2336.4809423754514,1051.4164240689531,1285.0645183064985,0.4731373908310289
SWM A-2x ST1,2020-04-13 03:59:59.640,1000,210,0.56,450.0,1083.6,48,0.8,0.54,0.8,230,1178.9683480377394,0.5287195161187019,2229.8559294585434,2336.4809423754514,1028.0516146451985,1308.429327730253,0.4626232265903393
SWM A-2x ST1,2020-04-13 04:29:59.635,1000,210,0.56,450.0,1070.2,48,0.8,0.54,0.8,230,1169.1015160265076,0.5160867142717176,2265.3199233704363,2382.540268564734,1048.3177181684828,1334.222550396251,0.4717429731758172
SWM A-2x ST1,2020-04-13 04:59:59.630,1000,210,0.56,450.0,1058.6,48,0.8,0.54,0.8,230,1171.6083516388371,0.5174504342702089,2264.1943537862257,2380.3720365743447,1047.3636960927115,1333.0083404816332,0.4713136632417202
SWM A-2x ST1,2020-04-13 05:29:59.625,1000,210,0.55,450.0,1048.8,48,0.8,0.54,0.8,230,1171.1024313337489,0.5510124793095841,2125.36462477426,2213.3283848849173,995.9977731982126,1217.3306116867047,0.4481989979391956
SWM A-2x ST1,2020-04-13 05:59:59.620,900,210,0.52,450.0,1040.9,48,0.8,0.54,0.8,230,1165.6909385304157,0.5313792532387274,2193.708037010465,2296.850210729631,1102.4881011502227,1194.362109579408,0.4961196455176002
SWM A-2x ST1,2020-04-13 06:29:59.615,900,210,0.52,450.0,1034.3,48,0.8,0.54,0.8,230,1174.0584706794707,0.5272260068789612,2226.85993361668,2334.350772655041,1120.4883708744198,1213.8624017806217,0.5042197668934889
SWM A-2x ST1,2020-04-13 06:59:59.610,900,210,0.53,450.0,1027.7,48,0.8,0.54,0.8,230,1168.997675315553,0.5095566751348926,2294.146524537412,2417.720443107007,1136.328608260293,1281.391834846714,0.511347873717132
SWM A-2x ST1,2020-04-13 07:29:59.605,900,210,0.54,450.0,1023.3,48,0.8,0.54,0.8,230,1163.0008298294686,0.5157873367612315,2254.8068689166857,2371.699226237645,1090.9816440693166,1280.7175821683286,0.4909417398311925
SWM A-2x ST1,2020-04-13 07:59:59.600,900,210,0.55,450.0,1019.3,48,0.8,0.54,0.8,230,1162.4592446332683,0.5326284969371115,2182.495400298724,2284.2975270251145,1027.9338871613015,1256.363639863813,0.4625702492225857
SWM A-2x ST1,2020-04-13 08:29:59.595,900,210,0.55,450.0,1015.5,48,0.8,0.54,0.8,230,1173.9482983701073,0.5216350869427282,2250.5163624068077,2363.0266041007158,1063.3619718453217,1299.6646322553936,0.4785128873303947
SWM A-2x ST1,2020-04-13 09:00:00.000,900,210,0.55,450.0,1012.8,48,0.8,0.54,0.8,230,1171.5664450583788,0.520718753123751,2249.9025395767744,2363.0266041007158,1063.3619718453217,1299.6646322553936,0.4785128873303947
SWM A-2x ST1,2020-04-13 09:30:00.000,900,210,0.54,450.0,1008.0,48,0.8,0.54,0.8,230,1186.289853630121,0.5263830638260402,2253.662655875584,2363.0266041007158,1086.992237886329,1276.0343662143864,0.489146507048848
SWM A-2x ST1,2020-04-13 10:00:00.000,1450,210,0.55,450.0,1029.7,48,0.8,0.54,0.8,230,1027.668979065611,0.5815962777301167,1766.9799797833118,1826.1362857611064,821.7613285924979,1004.3749571686088,0.369792597866624
SWM A-2x ST1,2020-04-13 10:30:00.000,1450,210,0.54,450.0,1075.6,48,0.8,0.54,0.8,230,1017.638010930068,0.4681260170015249,2173.854846710545,2323.700097394882,1068.9020448016456,1254.7980525932364,0.4810059201607405
SWM A-2x ST1,2020-04-13 11:00:00.000,1500,210,0.55,450.0,1119.9,48,0.8,0.54,0.8,230,997.4525809353898,0.5167950931371683,1930.0736291446267,2029.5099196607396,913.2794638473326,1116.2304558134067,0.4109757587312996
SWM A-2x ST1,2020-04-13 11:30:00.000,1500,210,0.56,450.0,1151.3,48,0.8,0.54,0.8,230,1007.6143332338324,0.5028519977171984,2003.7990060855043,2116.2268744131966,931.1398247418064,1185.08704967139,0.4190129211338129
SWM A-2x ST1,2020-04-13 12:00:00.000,1500,210,0.56,450.0,1176.3,48,0.8,0.54,0.8,230,1028.2901748609574,0.4871931721182816,2110.641597028185,2240.710808202208,985.9127556089712,1254.7980525932364,0.4436607400240371
SWM A-2x ST1,2020-04-13 12:30:00.000,1500,210,0.54,450.0,1192.9,48,0.8,0.54,0.8,230,1031.9153483978057,0.4886639608939512,2111.7074942666977,2240.710808202208,1030.7269717730155,1209.9838364291925,0.4638271372978569
SWM A-2x ST1,2020-04-13 13:00:00.000,1500,210,0.54,450.0,1202.0,48,0.8,0.54,0.8,230,1032.0260250720476,0.473754976121942,2178.396169091445,2323.700097394882,1068.9020448016456,1254.7980525932364,0.4810059201607405
SWM A-2x ST1,2020-04-13 13:30:00.000,1500,210,0.54,450.0,1208.1,48,0.8,0.54,0.8,230,1036.3680555630417,0.4828255747655288,2146.4647063617663,2282.205452798545,1049.814508287331,1232.3909445112145,0.4724165287292988
SWM A-2x ST1,2020-04-13 14:00:00.000,1500,210,0.56,450.0,1210.5,48,0.8,0.54,0.8,230,1038.3453276002997,0.4758552056078441,2182.061508130286,2325.830209334661,1023.365292107251,1302.4649172274103,0.4605143814482629
SWM A-2x ST1,2020-04-13 14:30:00.000,1500,210,0.57,450.0,1210.1,48,0.8,0.54,0.8,230,1054.776330411668,0.4822775468531817,2187.0732678599497,2325.830209334661,1000.1069900139046,1325.723219320757,0.4500481455062571
SWM A-2x ST1,2020-04-13 15:00:00.000,1500,210,0.54,450.0,1208.3,48,0.8,0.54,0.8,230,1056.5726327755035,0.4829796626578468,2187.6130911209866,2325.830209334661,1069.8818962939442,1255.9483130407173,0.4814468533322749
SWM A-2x ST1,2020-04-13 15:30:00.000,1500,210,0.55,450.0,1202.5,48,0.8,0.54,0.8,230,1042.997979139334,0.4705216033344245,2216.6845724998952,2367.3628916442094,1065.313301239894,1302.0495904043153,0.4793909855579524
SWM A-2x ST1,2020-04-13 16:00:00.000,1500,210,0.56,450.0,1204.2,48,0.8,0.54,0.8,230,1047.042655215061,0.4792547063264397,2184.731086400386,2325.830209334661,1023.365292107251,1302.4649172274103,0.4605143814482629
SWM A-2x ST1,2020-04-13 16:30:00.000,1450,210,0.57,450.0,1205.6,48,0.8,0.54,0.8,230,1051.5864568464503,0.4738196642417857,2219.381203878942,2367.3628916442094,1017.96604340701,1349.3968482371993,0.4580847195331545
SWM A-2x ST1,2020-04-13 17:00:00.000,1450,210,0.56,450.0,1207.5,48,0.8,0.54,0.8,230,1038.1716649711218,0.4757873265697265,2182.0078152480546,2325.830209334661,1023.365292107251,1302.4649172274103,0.4605143814482629
SWM A-2x ST1,2020-04-13 17:30:00.000,1450,210,0.56,450.0,1209.2,48,0.8,0.54,0.8,230,1052.473368801948,0.4888569835227139,2152.926938299628,2284.2975270251145,1005.0909118910502,1279.2066151340644,0.4522909103509726
SWM A-2x ST1,2020-04-13 18:00:00.000,1450,210,0.55,450.0,1210.0,48,0.8,0.54,0.8,230,1036.438467084307,0.4751098762398464,2181.4711057723603,2325.830209334661,1046.6235942005976,1279.206615134064,0.470980617390269
SWM A-2x ST1,2020-04-13 18:30:00.000,1450,210,0.54,450.0,1209.2,48,0.8,0.54,0.8,230,1044.7961385018043,0.4935016763363502,2117.107577542888,2242.7648447155666,1031.6718285691609,1211.093016146406,0.4642523228561223
SWM A-2x ST1,2020-04-13 19:00:00.000,1450,210,0.56,450.0,1209.7,48,0.8,0.54,0.8,230,1051.916171166855,0.4811596042116354,2186.210483921205,2325.830209334661,1023.365292107251,1302.4649172274103,0.4605143814482629
SWM A-2x ST1,2020-04-13 19:30:00.000,1450,210,0.57,450.0,1209.6,48,0.8,0.54,0.8,230,1043.8903060935909,0.4617997926393768,2260.482405432289,2422.1329494967013,1041.5171682835817,1380.6157812131196,0.4686827257276117
SWM A-2x ST1,2020-04-13 20:00:00.000,1450,210,0.56,450.0,1209.6,48,0.8,0.54,0.8,230,1049.0537308407638,0.4706454433180592,2228.9682089449657,2380.3720365743447,1047.3636960927115,1333.0083404816332,0.4713136632417202
SWM A-2x ST1,2020-04-13 20:30:00.000,1450,210,0.58,450.0,1209.0,48,0.8,0.54,0.8,230,1042.1190351669716,0.4676348075038391,2228.4890227261712,2382.540268564734,1000.6669127971884,1381.8733557675455,0.4503001107587348
SWM A-2x ST1,2020-04-13 20:59:59.990,1400,210,0.57,450.0,1210.8,48,0.8,0.54,0.8,230,1029.3078754697945,0.4620329884038444,2227.780053163905,2386.8767678329687,1026.3570101681769,1360.519757664792,0.4618606545756795
SWM A-2x ST1,2020-04-13 21:29:59.985,1400,209,0.55,450.0,1211.0,48,0.8,0.54,0.8,230,1041.8943770666813,0.4596310282454325,2266.8060096898707,2430.958105902232,1093.9311476560042,1337.0269582462274,0.4922690164452019
SWM A-2x ST1,2020-04-13 21:59:59.980,1400,209,0.55,450.0,1209.3,48,0.8,0.54,0.8,230,1033.6937765787886,0.4640614168221113,2227.493472001001,2384.7085123176084,1073.1188305429237,1311.5896817746848,0.4829034737443156
SWM A-2x ST1,2020-04-13 22:29:59.975,1400,209,0.54,450.0,1209.6,48,0.8,0.54,0.8,230,1032.3297949107837,0.4578140753156334,2254.910564291975,2419.926690317432,1113.1662775460186,1306.7604127714137,0.5009248248957083
SWM A-2x ST1,2020-04-13 22:59:59.970,1450,209,0.56,450.0,1212.1,48,0.8,0.54,0.8,230,1029.3429410067458,0.4716008489389181,2182.657099372751,2330.0904678825987,1025.2398058683432,1304.8506620142557,0.4613579126407544
SWM A-2x ST1,2020-04-13 23:29:59.965,1450,209,0.57,450.0,1213.5,48,0.8,0.54,0.8,230,1021.9651104461128,0.4679946810898328,2183.710951727556,2334.350772655041,1003.770832241668,1330.5799404133736,0.4516968745087505
SWM A-2x ST1,2020-04-13 23:59:59.960,1500,210,0.56,450.0,1216.3,48,0.8,0.54,0.8,230,996.5368981324352,0.5135336039360896,1940.548564873384,2042.556926073161,898.7250474721909,1143.8318786009704,0.4044262713624859
SWM A-2x ST1,2020-04-14 00:29:59.955,1550,210,0.55,450.0,1221.3,48,0.8,0.54,0.8,230,1052.457551600383,0.5592482594597801,1881.914755741987,1955.6116426871813,880.0252392092316,1075.5864034779495,0.3960113576441542
SWM A-2x ST1,2020-04-14 00:59:59.950,900,209,0.56,450.0,1201.7,48,0.8,0.54,0.8,230,1156.540339120383,0.5749129306076954,2011.679121389555,2082.339834366747,916.2295271213684,1166.1103072453784,0.4123032872046158
SWM A-2x ST1,2020-04-14 01:29:59.945,900,210,0.55,450.0,1182.0,48,0.8,0.54,0.8,230,1141.6445113907118,0.4996636481538137,2284.826033690716,2415.5142078654267,1086.9813935394418,1328.5328143259849,0.4891416270927488
SWM A-2x ST1,2020-04-14 01:59:59.940,900,210,0.54,450.0,1164.9,48,0.8,0.54,0.8,230,1144.272295233228,0.5237283535898063,2184.8584049154674,2292.6659374290584,1054.626331217367,1238.0396062116915,0.4745818490478151
SWM A-2x ST1,2020-04-14 02:29:59.935,900,210,0.55,450.0,1149.8,48,0.8,0.54,0.8,230,1123.6346087428722,0.5063942315001915,2218.892986624488,2340.7413164846507,1053.3335924180926,1287.407724066558,0.4740001165881417
SWM A-2x ST1,2020-04-14 02:59:59.930,900,210,0.55,450.0,1136.1,48,0.8,0.54,0.8,230,1127.7603592091184,0.5072008233909138,2223.498675868517,2345.001736818355,1055.2507815682595,1289.750955250095,0.4748628517057168
SWM A-2x ST1,2020-04-14 03:29:59.925,900,210,0.56,450.0,1124.6,48,0.8,0.54,0.8,230,1124.7994791915714,0.5147893069942571,2184.9705576812216,2298.9423644045683,1011.53464033801,1287.4077240665583,0.4551905881521044
SWM A-2x ST1,2020-04-14 03:59:59.920,900,210,0.55,450.0,1114.8,48,0.8,0.54,0.8,230,1117.8670115077575,0.4965374865401623,2251.324505823266,2382.540268564734,1072.1431208541303,1310.3971477106038,0.4824644043843586
SWM A-2x ST1,2020-04-14 04:29:59.915,900,210,0.55,450.0,1106.3,48,0.8,0.54,0.8,230,1117.8434021590135,0.4899388678822788,2281.597716447363,2419.926690317432,1088.9670106428443,1330.9596796745875,0.4900351547892799
SWM A-2x ST1,2020-04-14 04:59:59.910,900,209,0.56,450.0,1098.8,48,0.8,0.54,0.8,230,1118.8599117176925,0.4839514555229344,2311.9259151906194,2457.1610045527614,1081.1508420032148,1376.0101625495463,0.4865178789014467
SWM A-2x ST1,2020-04-14 05:29:59.905,900,210,0.56,450.0,1092.5,48,0.8,0.54,0.8,230,1114.3243646451938,0.4826503078312398,2308.761325880726,2454.9167429477384,1080.1633668970048,1374.7533760507336,0.4860735151036522
SWM A-2x ST1,2020-04-14 05:59:59.900,900,210,0.57,450.0,1087.0,48,0.8,0.54,0.8,230,1128.1661195690924,0.5016457042322173,2248.9300915987747,2376.035607881024,1021.6953113888404,1354.3402964921836,0.4597628901249783
SWM A-2x ST1,2020-04-14 06:29:59.895,900,210,0.54,450.0,1082.3,48,0.8,0.54,0.8,230,1124.198945696526,0.5161759903124872,2177.937305871101,2290.5738178034217,1053.6639561895738,1236.909861613848,0.4741487802853082
SWM A-2x ST1,2020-04-14 06:59:59.890,900,209,0.56,450.0,1078.4,48,0.8,0.54,0.8,230,1118.28765638476,0.5208136964493931,2147.193255493469,2255.089297807274,992.2392910352004,1262.8500067720736,0.4465076809658401
SWM A-2x ST1,2020-04-14 07:29:59.885,900,210,0.57,450.0,1074.3,48,0.8,0.54,0.8,230,1117.1208308889577,0.4978100735260671,2244.0703599592007,2373.867411178092,1020.7629868065796,1353.1044243715123,0.4593433440629608
SWM A-2x ST1,2020-04-14 07:59:59.880,900,210,0.55,450.0,1071.1,48,0.8,0.54,0.8,230,1125.0899510321478,0.5097608399305518,2207.0937249425174,2325.830209334661,1046.6235942005976,1279.206615134064,0.470980617390269
SWM A-2x ST1,2020-04-14 08:29:59.875,900,210,0.54,450.0,1068.1,48,0.8,0.54,0.8,230,1114.7646862474833,0.5149141948852296,2164.952330545006,2277.79300749123,855.7930074912301,1422.0,0.3851068533710536
SWM A-2x ST1,2020-04-14 08:59:59.870,900,210,0.54,450.0,1065.6,48,0.8,0.54,0.8,230,1153.077899770452,0.5302053973769574,2174.775861345399,2277.79300749123,1047.7847834459658,1230.0082240452643,0.4715031525506846
SWM A-2x ST1,2020-04-14 09:29:59.865,900,210,0.54,450.0,1059.5,48,0.8,0.54,0.8,230,1070.4254998156666,0.5582260425833965,1917.5484806510967,1993.163014394695,916.8549866215596,1076.308027773135,0.4125847439797018
SWM A-2x ST1,2020-04-14 09:59:59.860,1400,210,0.54,450.0,1099.8,48,0.8,0.54,0.8,230,995.4181042545986,0.5242459910285953,1898.7614999239984,1992.1486753757529,916.388390672846,1075.7602847029066,0.4123747758027807
SWM A-2x ST1,2020-04-14 10:29:59.855,1400,210,0.54,450.0,1144.3,48,0.8,0.54,0.8,230,1005.3417802665508,0.5195033338027077,1935.197937821801,2033.2375852205216,935.28928920144,1097.948296019082,0.420880180140648
SWM A-2x ST1,2020-04-14 10:59:59.850,1500,210,0.54,450.0,1171.4,48,0.8,0.54,0.8,230,1026.1428836915009,0.5108115114079832,2008.848392752693,2116.2268744131966,973.4643622300704,1142.7625121831263,0.4380589630035316
SWM A-2x ST1,2020-04-14 11:29:59.845,1500,210,0.54,450.0,1187.1,48,0.8,0.54,0.8,230,1027.5600855380517,0.5029314622287884,2043.141387465245,2157.721519009533,992.5518987443852,1165.1696202651478,0.4466483544349733
SWM A-2x ST1,2020-04-14 11:59:59.840,1550,210,0.54,450.0,1195.3,48,0.8,0.54,0.8,230,1050.0358230819418,0.5124009366240028,2049.2464943569234,2157.721519009533,992.5518987443852,1165.1696202651478,0.4466483544349733
SWM A-2x ST1,2020-04-14 12:29:59.835,1500,210,0.54,450.0,1198.2,48,0.8,0.54,0.8,230,1052.4589603635254,0.5058544825411413,2080.5567543387906,2195.184198816718,1009.7847314556902,1185.3994673610275,0.4544031291550606
SWM A-2x ST1,2020-04-14 12:59:59.830,1500,210,0.54,450.0,1196.7,48,0.8,0.54,0.8,230,1044.0358017668152,0.5014197527962047,2082.1593005554164,2200.0,1012.0,1188.0,0.4554
SWM A-2x ST1,2020-04-14 13:29:59.825,1450,210,0.54,450.0,1191.6,48,0.8,0.54,0.8,230,1068.3182292033352,0.503433170683937,2122.065631376606,2240.710808202208,1030.7269717730155,1209.9838364291925,0.4638271372978569
SWM A-2x ST1,2020-04-14 13:59:59.820,1450,210,0.54,450.0,1193.5,48,0.8,0.54,0.8,230,1048.3047688750717,0.488347413730788,2146.6372901750888,2278.0213383947075,1047.8898156615653,1230.1315227331422,0.4715504170477044
SWM A-2x ST1,2020-04-14 14:29:59.815,1450,210,0.54,450.0,1192.6,48,0.8,0.54,0.8,230,1050.0322481985124,0.4890367996123483,2147.1436281090832,2278.0213383947075,1047.8898156615653,1230.1315227331422,0.4715504170477044
SWM A-2x ST1,2020-04-14 14:59:59.810,1450,210,0.54,450.0,1193.5,48,0.8,0.54,0.8,230,1050.0557426487983,0.4890461755522524,2147.1505046799093,2278.0213383947075,1047.8898156615653,1230.1315227331422,0.4715504170477044
SWM A-2x ST1,2020-04-14 15:29:59.805,1450,210,0.54,450.0,1180.7,50,0.8,0.65,0.8,230,1284.8659586576766,0.5922473918085296,2169.4750815771717,2236.6027686057128,1028.837273558628,1207.7654950470849,0.4629767731013825
SWM A-2x ST1,2020-04-14 15:59:59.800,1450,210,0.54,450.0,1166.2,50,0.8,0.65,0.8,230,1282.22542321666,0.5902186160679761,2172.458455747836,2240.710808202208,1030.7269717730155,1209.9838364291925,0.4638271372978569
SWM A-2x ST1,2020-04-14 16:29:59.795,1450,210,0.54,450.0,1152.6,50,0.8,0.65,0.8,230,1286.32065987988,0.582391387304183,2208.687641886494,2282.205452798545,1049.814508287331,1232.3909445112145,0.4724165287292988
SWM A-2x ST1,2020-04-14 16:59:59.790,1450,210,0.54,450.0,1141.5,50,0.8,0.65,0.8,230,1270.251475723799,0.5669548652747587,2240.4807746172314,2323.700097394882,1068.9020448016456,1254.7980525932364,0.4810059201607405
SWM A-2x ST1,2020-04-14 17:29:59.785,1450,210,0.54,450.0,1131.5,50,0.8,0.65,0.8,230,1264.6812503474478,0.5654526719125188,2236.581969044275,2320.52483065747,1067.441422102436,1253.083408555034,0.4803486399460962
SWM A-2x ST1,2020-04-14 17:59:59.780,1500,210,0.54,450.0,1122.5,50,0.8,0.65,0.8,230,1270.4446468105762,0.5677105453301595,2237.8387318342525,2320.52483065747,1067.441422102436,1253.083408555034,0.4803486399460962
SWM A-2x ST1,2020-04-14 18:29:59.775,1500,210,0.54,450.0,1114.1,50,0.8,0.65,0.8,230,1272.9990045358395,0.5635698898069741,2258.8130195739323,2344.696964310152,1078.5606035826695,1266.1363607274825,0.4853522716122013
SWM A-2x ST1,2020-04-14 18:59:59.770,1500,210,0.54,450.0,1106.5,50,0.8,0.65,0.8,230,1274.3252805374502,0.5549344105090841,2296.3529678550904,2388.9365296744945,1098.910803650267,1290.0257260242272,0.4945098616426203
SWM A-2x ST1,2020-04-14 19:29:59.765,1500,210,0.54,450.0,1100.0,50,0.8,0.65,0.8,230,1262.7857639166978,0.5436387972241339,2322.839669215276,2423.760605833229,1114.929878683285,1308.8307271499436,0.5017184454074783
SWM A-2x ST1,2020-04-14 19:59:59.760,1500,210,0.54,450.0,1094.0,50,0.8,0.65,0.8,230,1271.4338617932572,0.5561609223113992,2286.0898901512005,2377.5028230801418,1093.6512986168652,1283.8515244632763,0.4921430843775893
SWM A-2x ST1,2020-04-14 20:29:59.755,1500,210,0.54,450.0,1089.1,50,0.8,0.65,0.8,230,1278.215824179282,0.558754155972819,2287.617569401062,2377.5028230801418,1093.6512986168652,1283.8515244632763,0.4921430843775893
SWM A-2x ST1,2020-04-14 20:59:59.750,1500,210,0.55,450.0,1083.9,50,0.8,0.65,0.8,230,1269.0281136980925,0.5686372026911501,2231.700823815696,2313.6298601817016,1041.1334370817656,1272.496423099936,0.4685100466867944
SWM A-2x ST1,2020-04-14 21:29:59.745,1500,210,0.57,450.0,1080.0,50,0.8,0.65,0.8,230,1262.417250012269,0.5486347080407117,2301.016015776003,2397.7618550974,1031.037597691882,1366.7242574055178,0.4639669189613469
SWM A-2x ST1,2020-04-14 21:59:59.740,1500,210,0.57,450.0,1076.3,50,0.8,0.65,0.8,230,1259.6347215867986,0.5569983570636251,2261.469366314329,2351.388783063614,1011.0971767173542,1340.29160634626,0.4549937295228093
SWM A-2x ST1,2020-04-14 22:29:59.735,1500,210,0.57,450.0,1073.0,50,0.8,0.65,0.8,230,1261.4891227229282,0.5581623868413195,2260.075477070006,2349.2352633003206,1010.171163219138,1339.0641000811827,0.454577023448612
SWM A-2x ST1,2020-04-14 22:59:59.730,1500,210,0.57,450.0,1070.2,50,0.8,0.65,0.8,230,1252.1145170565865,0.5460340582169414,2293.1069925296065,2391.185893002112,1028.2099339909084,1362.9759590112037,0.4626944702959088
SWM A-2x ST1,2020-04-14 23:29:59.725,1500,210,0.56,450.0,1068.6,50,0.8,0.65,0.8,230,1262.9807466794148,0.5596372888351674,2256.78447786814,2344.9282588230835,1031.7684338821566,1313.159824940927,0.4642957952469705
SWM A-2x ST1,2020-04-15 12:00:00.000,1500,210,0.57,450.0,1066.7,50,0.8,0.65,0.8,230,1253.72668328791,0.5470843141230606,2291.6516721879507,2388.9939294205037,1027.2673896508163,1361.7265397696867,0.4622703253428674
SWM A-2x ST1,2020-04-15 12:30:00.000,1550,210,0.56,450.0,1066.7,50,0.8,0.65,0.8,230,1236.616040223676,0.596417696964495,2073.406014807257,2135.559664285308,939.6462522855354,1195.9134119997725,0.4228408135284909
SWM A-2x ST1,2020-04-15 13:00:00.000,1550,210,0.57,450.0,1066.4,50,0.8,0.65,0.8,230,1240.2744658921592,0.6090295835017954,2036.4765513701896,2091.7631911688745,899.4581722026162,1192.3050189662583,0.4047561774911772
SWM A-2x ST1,2020-04-15 13:30:00.000,1100,210,0.58,450.0,1068.5,50,0.8,0.65,0.8,230,1232.1516287540687,0.5394113789180418,2284.252199546725,2386.2605267552626,1002.2294212372104,1384.0311055180523,0.4510032395567446
SWM A-2x ST1,2020-04-15 14:00:00.000,1100,209,0.57,450.0,1053.2,50,0.8,0.65,0.8,230,1482.8975407982157,0.6131693516810999,2418.414320175364,2481.893850013098,1067.2143555056325,1414.6794945074655,0.4802464599775345
SWM A-2x ST1,2020-04-15 14:30:00.000,1100,209,0.57,450.0,1029.4,50,0.8,0.65,0.8,230,1492.624756737418,0.5988066757845416,2492.6655247819645,2566.025844928796,1103.3911133193826,1462.6347316094136,0.4965260009937222
SWM A-2x ST1,2020-04-15 15:00:00.000,1100,209,0.58,450.0,1003.9,50,0.8,0.65,0.8,230,1358.095039088909,0.5600606279017886,2424.907182240032,2519.345124711015,1058.1249523786264,1461.2201723323888,0.4761562285703818
SWM A-2x ST1,2020-04-15 15:30:00.000,1100,209,0.58,450.0,984.8,50,0.8,0.65,0.8,230,1384.2115145662526,0.5784160785724433,2393.106910137333,2475.0871524056947,1039.5366040103918,1435.550548395303,0.4677914718046763
SWM A-2x ST1,2020-04-15 16:00:00.000,1100,209,0.56,450.0,970.6,50,0.8,0.65,0.8,230,1292.0509138383436,0.5366563800522564,2407.594434473194,2517.0377821074862,1107.496624127294,1409.5411579801923,0.4983734808572822
SWM A-2x ST1,2020-04-15 16:30:00.000,1100,209,0.58,450.0,963.7,50,0.8,0.65,0.8,230,1391.0887471215033,0.5818805257604869,2390.67761428074,2470.549415545748,1037.6307545292143,1432.918661016534,0.4669338395381464
SWM A-2x ST1,2020-04-15 17:00:00.000,1100,209,0.58,450.0,956.5,50,0.8,0.65,0.8,230,1357.2488896960574,0.560654028547878,2420.8314229211906,2514.7304520215826,1056.1867898490648,1458.5436621725178,0.4752840554320791
SWM A-2x ST1,2020-04-15 17:30:00.000,1100,209,0.58,450.0,948.0,50,0.8,0.65,0.8,230,1378.5765092671636,0.5772763832105794,2388.0701677073203,2470.549415545748,1037.6307545292143,1432.918661016534,0.4669338395381464
SWM A-2x ST1,2020-04-15 18:00:00.000,1100,209,0.56,450.0,938.2,50,0.8,0.65,0.8,230,1403.8606372874497,0.587055054755931,2391.3611268897203,2468.280565579272,1086.0434488548794,1382.2371167243923,0.4887195519846958
SWM A-2x ST1,2020-04-15 18:30:00.000,1100,209,0.58,450.0,929.5,50,0.8,0.65,0.8,230,1323.8530981559638,0.5494610680543088,2409.36651407141,2510.115829402649,1054.2486483491127,1455.8671810535363,0.4744118917571007
SWM A-2x ST1,2020-04-15 19:00:00.000,1100,209,0.59,450.0,923.4,50,0.8,0.65,0.8,230,1421.5110861028168,0.5763901142064549,2466.230858348225,2551.951093226027,1046.299948222671,1505.651145003356,0.4708349767002019
SWM A-2x ST1,2020-04-15 19:30:00.000,1100,209,0.57,450.0,915.7,50,0.8,0.65,0.8,230,1371.959542299895,0.5757704849589076,2382.8236739120293,2466.011727921793,1060.385043006371,1405.626684915422,0.4771732693528669
SWM A-2x ST1,2020-04-15 20:00:00.000,1100,209,0.59,450.0,911.2,50,0.8,0.65,0.8,230,1341.3670192954146,0.5553579583286137,2415.319703587839,2512.423134453304,1030.0934851258546,1482.329649327449,0.4635420683066345
SWM A-2x ST1,2020-04-15 20:30:00.000,1100,209,0.56,450.0,907.3,50,0.8,0.65,0.8,230,1322.6387868563013,0.5566929151775255,2375.8857905251425,2470.549415545748,1087.041742840129,1383.5076727056191,0.489168784278058
SWM A-2x ST1,2020-06-06 15:00:00.000,1500,215,0.72,600.0,891.9,50,0.8,0.65,0.8,230,1141.9908207750964,0.6208290284676379,1839.461056764399,1884.7472078950173,527.7292182106048,1357.0179896844124,0.3166375309263629
SWM A-2x ST1,2020-06-06 15:30:00.000,1500,215,0.73,600.0,891.2,50,0.8,0.65,0.8,230,1143.4308006059773,0.6103456370658606,1873.4152112610136,1923.7363544747843,519.4088157081919,1404.3275387665926,0.3116452894249151
SWM A-2x ST1,2020-06-06 16:00:00.000,1500,215,0.65,600.0,890.3,50,0.8,0.65,0.8,230,1154.100067474155,0.5906183114519441,1954.0539890085315,2015.2611931683923,705.3414176089373,1309.919775559455,0.4232048505653624
SWM A-2x ST1,2020-06-06 16:30:00.000,1500,215,0.66,600.0,888.5,50,0.8,0.65,0.8,230,1161.8873227432596,0.5951779934227863,1952.167814642148,2011.2442176219404,683.8230339914596,1327.4211836304808,0.4102938203948758
SWM A-2x ST1,2020-06-06 17:00:00.000,1500,215,0.69,600.0,886.6,50,0.8,0.65,0.8,230,1164.681614901153,0.6454122834882923,1804.5544602999173,1840.0744969732648,570.4230940617122,1269.6514029115524,0.3422538564370272
SWM A-2x ST1,2020-06-06 17:30:00.000,1500,215,0.68,600.0,885.3,50,0.8,0.65,0.8,230,1149.2520965510732,0.6791568667151993,1692.1747432364632,1715.115909079483,548.8370909054345,1166.2788181740482,0.3293022545432607
SWM A-2x ST1,2020-06-06 18:30:00.000,1500,215,0.7,600.0,883.7,50,0.8,0.65,0.8,230,1158.021921729857,0.6654400110567225,1740.2348859229426,1768.015554924325,530.4046664772975,1237.6108884470275,0.3182427998863785
SWM A-2x ST1,2020-06-06 19:00:00.000,1500,215,0.69,600.0,883.3,50,0.8,0.65,0.8,230,1155.12466148579,0.6639502770202679,1739.7758559117651,1768.015554924325,548.0848220265409,1219.930732897784,0.3288508932159245
SWM A-2x ST1,2020-06-06 19:29:59.990,1500,215,0.68,600.0,882.7,50,0.8,0.65,0.8,230,1146.0733176498718,0.7058195757702543,1623.748273628105,1638.6485631005935,524.3675401921898,1114.2810229084037,0.3146205241153139
SWM A-2x ST1,2020-06-06 19:59:59.985,1500,215,0.71,600.0,882.2,50,0.8,0.65,0.8,230,1144.145666056103,0.7538359847863119,1517.7647248830012,1521.02616245384,441.0975871116136,1079.9285753422264,0.2646585522669681
SWM A-2x ST1,2020-06-06 20:29:59.980,1500,215,0.72,600.0,881.4,50,0.8,0.65,0.8,230,1144.9226620539202,0.7925965133162125,1444.521446686133,1440.4148989159385,403.3161716964628,1037.0987272194757,0.2419897030178776
SWM A-2x ST1,2020-06-06 20:59:59.975,1500,215,0.7,600.0,880.5,50,0.8,0.65,0.8,230,1142.3840643488074,0.7497152767732689,1523.7572178941882,1527.8911671956512,458.3673501586954,1069.5238170369555,0.2750204100952172
SWM A-2x ST1,2020-06-06 21:29:59.970,1500,215,0.7,600.0,879.6,50,0.8,0.65,0.8,230,1133.7582498332788,0.7085048090908168,1600.2124971997932,1614.223265597448,484.2669796792345,1129.9562859182136,0.2905601878075407
SWM A-2x ST1,2020-06-06 21:59:59.965,1500,215,0.7,600.0,878.7,50,0.8,0.65,0.8,230,1129.0347377514786,0.7399663583178173,1525.7919837303675,1532.0100828865925,459.6030248659779,1072.4070580206146,0.2757618149195867
SWM A-2x ST1,2020-06-06 22:29:59.960,1500,215,0.69,600.0,878.2,50,0.8,0.65,0.8,230,1104.9302764488996,0.7431894605293987,1486.7410467067452,1492.1238795228185,462.5584026520737,1029.5654768707448,0.2775350415912442
SWM A-2x ST1,2020-06-06 22:59:59.955,1500,215,0.69,600.0,877.8,50,0.8,0.65,0.8,230,1126.7194954847955,0.7564647530259294,1489.4540571491436,1492.1238795228185,462.5584026520737,1029.5654768707448,0.2775350415912442
SWM A-2x ST1,2020-06-06 23:29:59.950,1500,215,0.68,600.0,877.1,50,0.8,0.65,0.8,230,1115.2783548798295,0.7121902326145471,1565.9837832730325,1578.7991813567032,505.215738034145,1073.5834433225582,0.303129442820487
SWM A-2x ST1,2020-06-06 23:59:59.945,1500,215,0.7,600.0,876.2,50,0.8,0.65,0.8,230,1128.2542632896573,0.6857955405356173,1645.1758528620244,1665.6270245275723,499.6881073582717,1165.9389171693006,0.2998128644149631
SWM A-2x ST1,2020-06-07 00:29:59.940,1500,215,0.7,600.0,875.2,50,0.8,0.65,0.8,230,1119.5242501067485,0.7140594317607547,1567.830631893179,1580.2102540389783,474.06307621169367,1106.1471778272848,0.2844378457270162
SWM A-2x ST1,2020-06-07 00:59:59.935,1500,215,0.7,600.0,874.7,50,0.8,0.65,0.8,230,1131.8749476954897,0.7398508197656337,1529.8691539654433,1536.1289332119272,460.8386799635782,1075.290253248349,0.2765032079781469
SWM A-2x ST1,2020-06-07 01:29:59.930,1500,215,0.71,600.0,874.0,50,0.8,0.65,0.8,230,1128.6344419320149,0.757631452674969,1489.687945170631,1492.1238795228185,432.7159250616173,1059.4079544612011,0.2596295550369704
SWM A-2x ST1,2020-06-07 01:59:59.925,1500,215,0.73,600.0,873.8,50,0.8,0.65,0.8,230,1115.9981996347544,0.7131795808980901,1564.8207401415004,1577.3881012098363,425.8947873266559,1151.4933138831805,0.2555368723959935
SWM A-2x ST1,2020-06-07 02:29:59.920,1500,215,0.72,600.0,873.6,50,0.8,0.65,0.8,230,1120.3257118677902,0.7324238581760167,1529.6138968735677,1537.501868794682,430.500523262511,1107.001345532171,0.2583003139575066
SWM A-2x ST1,2020-06-07 02:59:59.915,1500,215,0.69,600.0,873.6,50,0.8,0.65,0.8,230,1104.1105972565608,0.7046253015030259,1566.9471347415408,1581.621319256663,490.30260896956565,1091.3187102870972,0.2941815653817394
SWM A-2x ST1,2020-06-07 03:29:59.910,1500,215,0.7,600.0,873.7,50,0.8,0.65,0.8,230,1119.3428624794003,0.7306628326278177,1531.9553869377764,1540.2477181716554,462.0743154514967,1078.1734027201587,0.277244589270898
SWM A-2x ST1,2020-06-07 03:59:59.905,1500,215,0.68,600.0,873.5,50,0.8,0.65,0.8,230,1110.4842349013138,0.7254342595202268,1530.7854851461575,1540.2477181716554,492.8792698149296,1047.3684483567258,0.2957275618889577
SWM A-2x ST1,2020-06-07 04:29:59.900,1500,215,0.73,600.0,873.8,50,0.8,0.65,0.8,230,1112.566735436228,0.6761508316593081,1645.4416431108034,1668.60169468596,450.5224575652092,1218.0792371207508,0.2703134745391255
SWM A-2x ST1,2020-06-07 04:59:59.895,1500,215,0.72,600.0,874.0,50,0.8,0.65,0.8,230,1109.4146203217329,0.6744334900048428,1644.9577857021404,1668.60169468596,467.20847451206873,1201.3932201738912,0.2803250847072412
SWM A-2x ST1,2020-06-07 05:29:59.890,1500,215,0.71,600.0,874.4,50,0.8,0.65,0.8,230,1100.3075705789795,0.7188493919166727,1530.6510417226932,1541.6206319658745,447.0699832701037,1094.5506486957709,0.2682419899620622
SWM A-2x ST1,2020-06-07 05:59:59.885,1500,215,0.71,600.0,874.9,50,0.8,0.65,0.8,230,1106.4477469333715,0.7048359119621006,1569.7947964275493,1584.4434272982598,459.48859391649535,1124.9548333817645,0.2756931563498972
SWM A-2x ST1,2020-06-07 06:29:59.880,1500,215,0.71,600.0,875.5,50,0.8,0.65,0.8,230,1103.8815158477828,0.7395557107453385,1492.6279383810986,1498.7978366334892,434.651372623712,1064.1464640097772,0.2607908235742271
SWM A-2x ST1,2020-06-07 06:59:59.875,1500,215,0.72,600.0,876.7,50,0.8,0.65,0.8,230,1110.9477954971298,0.7251239133801264,1532.0799314402775,1541.6206319658745,431.6537769504448,1109.9668550154297,0.2589922661702669
SWM A-2x ST1,2020-06-07 07:29:59.870,1500,215,0.69,600.0,877.7,50,0.8,0.65,0.8,230,1101.512834071514,0.7020044543394572,1569.0966449891964,1584.4434272982598,491.1774624624607,1093.2659648357992,0.2947064774774764
SWM A-2x ST1,2020-06-07 07:59:59.865,1500,215,0.68,600.0,879.1,50,0.8,0.65,0.8,230,1108.239925858375,0.7052984215580742,1571.3064030544165,1585.8544701221715,507.47343043909495,1078.3810396830768,0.304484058263457
SWM A-2x ST1,2020-06-07 08:29:59.860,1500,215,0.71,600.0,880.3,50,0.8,0.65,0.8,230,1119.789430331183,0.7309264076161512,1532.0139191348585,1540.2477181716554,446.6718382697802,1093.5758799018752,0.2680031029618681
SWM A-2x ST1,2020-06-07 08:59:59.855,1500,215,0.69,600.0,881.8,50,0.8,0.65,0.8,230,1101.8204277650282,0.7220643630072512,1525.9310446733173,1536.1289332119272,476.19996929569743,1059.9289639162298,0.2857199815774184
SWM A-2x ST1,2020-06-07 09:29:59.850,1500,215,0.7,600.0,883.7,50,0.8,0.65,0.8,230,1112.6571854387853,0.7472912718182065,1488.9203546183817,1493.4586850671517,448.0376055201455,1045.4210795470062,0.2688225633120872
SWM A-2x ST1,2020-06-07 09:59:59.845,1500,215,0.71,600.0,884.6,50,0.8,0.65,0.8,230,1123.1113850056008,0.7008097440545862,1602.5909949649922,1618.5709869388763,469.3855862122741,1149.1854007266022,0.2816313517273645
SWM A-2x ST1,2020-06-07 10:29:59.840,1500,215,0.7,600.0,886.0,50,0.8,0.65,0.8,230,1109.34559412227,0.7104914413510506,1561.377842937516,1574.5659185223312,472.3697755566996,1102.1961429656317,0.2834218653340197
SWM A-2x ST1,2020-06-07 10:59:59.835,1500,215,0.7,600.0,887.0,50,0.8,0.65,0.8,230,1124.7837791029474,0.7383207243630108,1523.4351982647638,1530.0,459.0,1071.0,0.2754
SWM A-2x ST1,2020-06-07 11:29:59.830,1500,215,0.7,600.0,888.7,50,0.8,0.65,0.8,230,1130.7345603298577,0.7422959512039107,1523.2934498645025,1529.0,458.7000000000001,1070.3,0.27522
SWM A-2x ST1,2020-06-07 11:59:59.825,1500,215,0.71,600.0,889.7,50,0.8,0.65,0.8,230,1118.465372453926,0.7172225984919425,1559.4396702023205,1571.0,455.59000000000015,1115.41,0.2733540000000001
SWM A-2x ST1,2020-06-07 12:29:59.820,1500,215,0.7,600.0,890.7,50,0.8,0.65,0.8,230,1129.7820188237297,0.7237712046893869,1560.9656912346848,1571.0,471.3000000000002,1099.6999999999998,0.2827800000000001
SWM A-2x ST1,2020-06-07 12:59:59.815,1500,215,0.7,600.0,891.7,50,0.8,0.65,0.8,230,1137.678390158011,0.7111984389099988,1599.663789900392,1613.0,483.9000000000001,1129.1,0.29034
SWM A-2x ST1,2020-06-07 13:29:59.810,1500,215,0.7,600.0,892.9,50,0.8,0.65,0.8,230,1133.9513965398878,0.7450916214442387,1521.8952460395512,1527.0,458.10000000000014,1068.9,0.27486
SWM A-2x ST1,2020-06-07 13:59:59.805,1500,215,0.71,600.0,893.1,50,0.8,0.65,0.8,230,1130.447902374697,0.726245154054741,1556.5651571831197,1566.0,454.1400000000001,1111.86,0.272484
SWM A-2x ST1,2020-06-07 14:29:59.800,1500,215,0.67,600.0,893.7,50,0.8,0.65,0.8,230,1137.4490464912856,0.7294672115557082,1559.2874202878693,1568.0,517.4399999999998,1050.5600000000002,0.3104639999999999
SWM A-2x ST1,2020-06-07 14:59:59.795,1500,215,0.69,600.0,893.5,50,0.8,0.65,0.8,230,1134.7293951929091,0.7287306369400377,1557.1314525181383,1566.0,485.46,1080.54,0.291276
SWM A-2x ST1,2020-06-07 15:29:59.790,1500,215,0.7,600.0,893.2,50,0.8,0.65,0.8,230,1130.804587215543,0.7264106385472882,1556.701577880222,1566.0991913096336,469.8297573928901,1096.2694339167435,0.281897854435734
SWM A-2x ST1,2020-06-07 15:59:59.785,1500,215,0.71,600.0,892.7,50,0.8,0.65,0.8,230,1138.6795752682149,0.7487309555889954,1520.8127388996,1525.145187087464,442.2921042553646,1082.8530828320995,0.2653752625532187
SWM A-2x ST1,2020-06-07 16:29:59.780,1500,215,0.7,600.0,891.7,50,0.8,0.65,0.8,230,1140.235466573031,0.7312892280644374,1559.2127202406427,1567.5103311732269,470.2530993519681,1097.2572318212588,0.2821518596111808
SWM A-2x ST1,2020-06-07 16:59:59.775,1500,215,0.71,600.0,890.1,50,0.8,0.65,0.8,230,1136.14521341236,0.7289170510584564,1558.67558834379,1567.5103311732269,454.5779960402358,1112.932335132991,0.2727467976241415
SWM A-2x ST1,2020-06-07 17:29:59.770,1500,215,0.7,600.0,888.0,50,0.8,0.65,0.8,230,1146.3462354335577,0.7511326413746626,1526.156862702181,1530.0,459.0,1071.0,0.2754
SWM A-2x ST1,2020-06-07 17:59:59.765,1500,215,0.69,600.0,885.9,50,0.8,0.65,0.8,230,1144.8898073676298,0.7493791878516673,1527.784365949392,1532.0,474.9200000000001,1057.08,0.284952
SWM A-2x ST1,2020-06-07 18:29:59.760,1500,215,0.71,600.0,884.4,50,0.8,0.65,0.8,230,1146.0826608880354,0.7323606662937268,1564.9156401149182,1573.0,456.1700000000001,1116.83,0.273702
SWM A-2x ST1,2020-06-07 18:59:59.755,1500,215,0.7,600.0,883.4,50,0.8,0.65,0.8,230,1137.0717955691523,0.7642254078815265,1487.874891154399,1489.0,446.7000000000001,1042.3,0.26802
SWM A-2x ST1,2020-06-07 19:29:59.750,1500,215,0.67,600.0,882.0,50,0.8,0.65,0.8,230,1135.8500880677138,0.7616215600485379,1491.3575818354282,1493.0,492.69,1000.31,0.2956139999999999
SWM A-2x ST1,2020-07-08 08:30:00.000,300,218,0.23,234.50222892187176,681.9,53,0.8,0.6,0.8,230,860.9990341897212,0.393547616864223,2187.7887129647456,2419.2000000000003,1862.784,556.416,0.436827
SWM A-2x ST1,2020-07-08 09:00:00.000,300,218,0.23,110.1279293148594,681.2,53,0.8,0.6,0.8,230,1003.4225772778516,0.4550904858915336,2204.885859813399,2368.8,1823.976,544.8240000000001,0.2008707
SWM A-2x ST1,2020-07-08 09:30:00.005,300,218,0.23,100.4152550348203,681.8,53,0.8,0.6,0.8,230,995.430952447329,0.4603283426059231,2162.4368093699923,2318.399999999999,1785.1679999999992,533.2319999999999,0.1792581
SWM A-2x ST1,2020-07-08 10:00:00.010,300,218,0.23,93.0419040601411,684.0,53,0.8,0.6,0.8,230,990.9114865543904,0.4502890172831621,2200.612159126369,2368.800000000001,1823.9760000000008,544.8240000000003,0.1697062
SWM A-2x ST1,2020-07-08 10:30:00.015,300,218,0.23,88.86038316841892,685.7,53,0.8,0.6,0.8,230,986.2187015952572,0.4406028670617099,2238.3392740318445,2419.199999999999,1862.7839999999992,556.4159999999998,0.1655277
SWM A-2x ST1,2020-07-08 11:00:00.020,300,218,0.23,90.55186962795656,687.7,53,0.8,0.6,0.8,230,994.8713958298124,0.4601089292889345,2162.251876674759,2318.4000000000005,1785.1680000000003,533.2320000000002,0.1616503
SWM A-2x ST1,2020-07-08 11:30:00.025,300,218,0.23,89.8889568722395,689.5,53,0.8,0.6,0.8,230,1001.476293338846,0.4543435469201305,2204.2269558521903,2368.800000000001,1823.9760000000008,544.8240000000003,0.1639553
SWM A-2x ST1,2020-07-08 12:00:00.030,300,218,0.23,85.55264593211025,691.5,53,0.8,0.6,0.8,230,1001.7849581874656,0.4464523802712639,2243.878636236147,2419.199999999999,1862.7839999999992,556.4159999999998,0.1593661
SWM A-2x ST1,2020-07-08 12:30:00.035,300,218,0.23,89.69928880643164,693.4,53,0.8,0.6,0.8,230,986.5308860805426,0.456838448961879,2159.4742918910133,2318.4000000000005,1785.1680000000003,533.2320000000002,0.1601283
SWM A-2x ST1,2020-07-08 13:00:00.040,300,218,0.23,84.78401145811863,694.9,53,0.8,0.6,0.8,230,998.2905509788696,0.4451392462492747,2242.6477992907285,2419.199999999999,1862.7839999999992,556.4159999999998,0.1579343
SWM A-2x ST1,2020-07-08 13:30:00.045,300,218,0.23,85.49579554043838,696.5,53,0.8,0.6,0.8,230,992.6665753271268,0.4430258595355064,2240.6515420293867,2419.2000000000003,1862.784,556.416,0.1592602
SWM A-2x ST1,2020-07-08 14:00:00.050,300,218,0.23,84.09995414368595,697.8,53,0.8,0.6,0.8,230,992.9449410873202,0.4355155568392821,2279.92990260448,2469.5999999999995,1901.592,568.0079999999999,0.1599238
SWM A-2x ST1,2020-07-08 14:30:00.055,300,218,0.23,83.02643258911478,698.7,53,0.8,0.6,0.8,230,991.8188653567051,0.4351010341596374,2279.5139231795283,2469.600000000001,1901.5920000000008,568.0080000000003,0.1578824
SWM A-2x ST1,2020-07-08 15:00:00.060,300,218,0.23,81.71552257266542,700.0,53,0.8,0.6,0.8,230,996.129073940817,0.4293539227780725,2320.0651516015223,2520.0,1940.4,579.6,0.1585608
SWM A-2x ST1,2020-07-08 15:30:00.065,300,218,0.23,83.18077694899854,700.8,53,0.8,0.6,0.8,230,992.130892229446,0.4352158951870918,2279.6292672236755,2469.5999999999995,1901.592,568.0079999999999,0.1581759
SWM A-2x ST1,2020-07-08 16:00:00.070,300,218,0.23,83.3920735888666,701.7,53,0.8,0.6,0.8,230,990.9448246319764,0.4347792887445801,2279.190500295719,2469.5999999999995,1901.592,568.0079999999999,0.1585777
SWM A-2x ST1,2020-07-08 16:30:00.075,300,218,0.23,81.25994640280348,702.8,53,0.8,0.6,0.8,230,995.3446222481092,0.4290709315469365,2319.767080607341,2520.0000000000027,1940.400000000002,579.6000000000007,0.1576768
SWM A-2x ST1,2020-07-08 17:00:00.080,300,218,0.23,83.47811662543808,703.4,53,0.8,0.6,0.8,230,995.0485085396126,0.4439209462705977,2241.499341040483,2419.199999999999,1862.7839999999992,556.4159999999998,0.1555017
SWM A-2x ST1,2020-07-08 17:30:00.085,300,218,0.23,82.35972805943645,704.1,53,0.8,0.6,0.8,230,988.7059142203474,0.4339551175826583,2278.3598445109287,2469.600000000002,1901.5920000000017,568.0080000000005,0.1566146
SWM A-2x ST1,2020-07-08 18:00:00.090,300,218,0.23,79.55364873222015,705.0,53,0.8,0.6,0.8,230,998.940703271962,0.4303682190735794,2321.130276353363,2520.0,1940.4,579.6,0.1543659
SWM A-2x ST1,2020-07-08 18:30:00.095,300,218,0.23,76.26737563712352,706.3,53,0.8,0.6,0.8,230,988.7884104009124,0.4197115448606909,2355.876130901063,2570.4000000000005,1979.2080000000003,591.1920000000001,0.150949
SWM A-2x ST1,2020-07-08 19:00:00.100,300,218,0.23,73.57900036471467,707.4,53,0.8,0.6,0.8,230,977.4708541750658,0.4090605416025175,2389.5505793488883,2620.8,2018.016,602.784,0.1484836
SWM A-2x ST1,2020-07-08 19:30:00.105,300,218,0.23,74.71413110698823,706.6,53,0.8,0.6,0.8,230,1041.6256366987338,0.4457668242058924,2336.705156455573,2520.0,1940.4,579.6,0.1449753
SWM A-2x ST1,2020-07-08 20:00:00.110,300,218,0.23,72.63612515713359,702.6,53,0.8,0.6,0.8,230,1031.068281620595,0.4346649554440042,2372.0989435814377,2570.399999999999,1979.2079999999992,591.1919999999999,0.143762
SWM A-2x ST1,2020-07-08 20:30:00.115,300,218,0.23,75.93884290312859,698.8,53,0.8,0.6,0.8,230,1031.9555310153812,0.4279599327808929,2411.3367910629195,2620.800000000001,2018.0160000000008,602.7840000000003,0.1532458
SWM A-2x ST1,2020-08-07 10:00:00.000,1500,222,0.84,600.0,609.2,53,0.8,0.6,0.8,230,901.1012758152218,0.5369907374116616,1678.0573910056664,1754.1739319161527,280.6678291065846,1473.506102809568,0.1684006974639507
SWM A-2x ST1,2020-08-07 10:30:00.000,1500,222,0.86,600.0,611.3,53,0.8,0.6,0.8,230,896.064402873252,0.5333054513076874,1680.208594673211,1758.2439410389277,246.15415174545,1512.0897892934777,0.14769249104727
SWM A-2x ST1,2020-08-07 11:00:00.005,1500,222,0.85,600.0,613.2,53,0.8,0.6,0.8,230,907.02090016774,0.5394043054338871,1681.523286022251,1756.618857459714,263.4928286189572,1493.1260288407568,0.1580956971713743
SWM A-2x ST1,2020-08-07 11:30:00.010,1500,222,0.82,600.0,615.1,53,0.8,0.6,0.8,230,904.6534954706214,0.5370978736405533,1684.336393549103,1760.6851048149454,316.92331886669035,1443.761785948255,0.1901539913200142
SWM A-2x ST1,2020-08-07 12:00:00.015,1500,222,0.88,600.0,616.8,53,0.8,0.6,0.8,230,898.7166158276117,0.5355373217574328,1678.1587002720194,1754.9937826972607,210.5992539236713,1544.3945287735894,0.1263595523542028
SWM A-2x ST1,2020-08-07 12:30:00.020,1500,222,0.84,600.0,618.6,53,0.8,0.6,0.8,230,908.4626628495936,0.5416776434449826,1677.127852410369,1750.9312970891665,280.1490075342668,1470.7822895548998,0.16808940452056
SWM A-2x ST1,2020-08-07 13:00:00.025,1500,222,0.82,600.0,619.9,53,0.8,0.6,0.8,230,912.892122384899,0.5453068786024639,1674.0887713070824,1746.0339136706011,314.2861044607082,1431.747809209893,0.1885716626764249
SWM A-2x ST1,2020-08-07 13:30:00.030,1500,222,0.83,600.0,621.9,53,0.8,0.6,0.8,230,904.022261373304,0.5464843247212028,1654.251037913127,1724.796340175817,293.2153778298889,1431.580962345928,0.1759292266979333
SWM A-2x ST1,2020-08-07 14:00:00.035,1500,222,0.87,600.0,622.9,53,0.8,0.6,0.8,230,906.4802680343493,0.5417630925998278,1673.2041743270229,1746.7940664856878,227.08322864313936,1519.7108378425485,0.1362499371858836
SWM A-2x ST1,2020-08-07 14:30:00.040,1500,222,0.85,600.0,623.9,53,0.8,0.6,0.8,230,904.1589440345224,0.5390258171367519,1677.3945055866134,1752.4891943322689,262.8733791498403,1489.6158151824284,0.1577240274899041
SWM A-2x ST1,2020-08-07 15:00:00.045,1500,222,0.83,600.0,624.9,53,0.8,0.6,0.8,230,915.756001763697,0.540220310585001,1695.1528549010511,1770.458309453064,300.9779126070209,1469.480396846043,0.1805867475642125
SWM A-2x ST1,2020-08-07 15:30:00.050,1500,222,0.85,600.0,625.6,53,0.8,0.6,0.8,230,908.6466727515811,0.5318742221350667,1708.3863720713186,1788.4575284493872,268.2686292674082,1520.188899181979,0.1609611775604449
SWM A-2x ST1,2020-08-07 16:00:00.055,1500,222,0.82,600.0,625.0,53,0.8,0.6,0.8,230,918.9144672846626,0.5339087170997391,1721.107818348283,1800.7352689192917,324.1323484054726,1476.602920513819,0.1944794090432836
SWM A-2x ST1,2020-08-07 16:30:00.060,1500,222,0.8,600.0,623.7,53,0.8,0.6,0.8,230,933.1292227487312,0.5406523303008752,1725.932120239713,1802.390509499109,360.4781018998217,1441.9124075992872,0.216286861139893
SWM A-2x ST1,2020-08-07 17:00:00.065,1500,222,0.82,600.0,622.4,53,0.8,0.6,0.8,230,909.358240682993,0.527202776945342,1724.873768594112,1808.1458630568236,325.46625535022827,1482.679607706595,0.1952797532101369
SWM A-2x ST1,2020-08-07 17:30:00.070,1500,222,0.84,600.0,621.1,53,0.8,0.6,0.8,230,924.2058765044626,0.5327673112865852,1734.7270692576624,1815.5715409602176,290.4914465536349,1525.0800944065827,0.1742948679321809
SWM A-2x ST1,2020-08-07 18:00:00.075,1500,222,0.8,600.0,619.9,53,0.8,0.6,0.8,230,922.0751087135944,0.5312779319173168,1735.5795400459017,1817.2343414442707,363.44686828885415,1453.7874731554166,0.2180681209733125
SWM A-2x ST1,2020-08-07 18:30:00.080,1500,222,0.82,600.0,618.1,53,0.8,0.6,0.8,230,916.7552663981814,0.5388037836708248,1701.4640471757734,1777.7456316969296,319.99421370544746,1457.7514179914822,0.1919965282232685
SWM A-2x ST1,2020-08-07 19:00:00.085,1500,222,0.83,600.0,616.9,53,0.8,0.6,0.8,230,912.0321527258913,0.5229552394968617,1743.9965867888857,1830.468149044258,311.17958533752403,1519.288563706734,0.1867077512025144
SWM A-2x ST1,2020-08-07 19:30:00.090,1500,222,0.85,600.0,615.9,53,0.8,0.6,0.8,230,908.552543594982,0.5255349909370204,1728.8145589983412,1813.1578786399136,271.973681795987,1541.1841968439269,0.1631842090775921
SWM A-2x ST1,2020-08-07 20:00:00.095,1500,222,0.82,600.0,615.1,53,0.8,0.6,0.8,230,905.3730404627888,0.519024030128644,1744.3759593142258,1833.011921845054,329.9421459321097,1503.0697759129444,0.1979652875592658
SWM A-2x ST1,2020-08-07 20:30:00.100,1500,222,0.85,600.0,614.9,53,0.8,0.6,0.8,230,906.7679811589288,0.5350540848311482,1694.7220979447072,1772.5562578933118,265.8834386839967,1506.672819209315,0.159530063210398
SWM A-2x ST1,2020-08-07 21:00:00.105,1500,222,0.82,600.0,613.2,53,0.8,0.6,0.8,230,909.3318437986608,0.5305653065510012,1713.8923947173885,1794.8927129028016,323.0806883225044,1471.8120245802972,0.1938484129935026
SWM A-2x ST1,2020-08-07 21:30:00.110,1500,222,0.8,600.0,612.8,53,0.8,0.6,0.8,230,906.9722334359876,0.5194085403818578,1746.1634973679895,1834.6785566512551,366.935711330251,1467.742845321004,0.2201614267981506
SWM A-2x ST1,2020-08-07 22:00:00.115,1500,222,0.82,600.0,612.2,53,0.8,0.6,0.8,230,907.4579073637072,0.5256099317508609,1726.4854648786247,1810.6754846119477,325.92158723015064,1484.7538973817968,0.1955529523380903
SWM A-2x ST1,2020-08-07 22:30:00.120,1500,222,0.84,600.0,611.4,53,0.8,0.6,0.8,230,902.1007174105438,0.514610266490974,1752.978469632545,1844.5178240142168,295.1228518422747,1549.3949721719423,0.1770737111053648
SWM A-2x ST1,2020-08-07 23:00:00.125,1500,222,0.8,600.0,610.5,53,0.8,0.6,0.8,230,907.0431641915426,0.5190554022107154,1747.488149296479,1836.2649478441292,367.2529895688258,1469.0119582753036,0.2203517937412954
SWM A-2x ST1,2020-08-07 23:30:00.130,1500,222,0.84,600.0,610.3,53,0.8,0.6,0.8,230,904.6855632292668,0.513315845690246,1762.434514392895,1855.204205112425,296.83267281798794,1558.371532294437,0.1780996036907927
SWM A-2x ST1,2020-08-08 00:00:00.135,1500,222,0.86,600.0,610.1,53,0.8,0.6,0.8,230,908.869396388253,0.5339229333951724,1702.248282554238,1780.996036907928,249.33944516710997,1531.6565917408182,0.1496036671002659
SWM A-2x ST1,2020-08-08 00:30:00.140,1500,222,0.85,600.0,608.8,53,0.8,0.6,0.8,230,899.6038505711717,0.5192143604438907,1732.6251334845122,1820.559969474928,273.08399542123925,1547.4759740536883,0.1638503972527435
SWM A-2x ST1,2020-08-08 01:00:00.145,1500,222,0.82,600.0,608.2,53,0.8,0.6,0.8,230,907.012933039176,0.5123201448642755,1770.4026322827167,1864.163822126639,335.5494879827952,1528.6143341438435,0.2013296927896771
SWM A-2x ST1,2020-08-08 01:30:00.150,1500,222,0.88,600.0,607.9,53,0.8,0.6,0.8,230,903.6325697279888,0.521638595326563,1732.296225439923,1818.897150949172,218.26765811390052,1600.6294928352715,0.1309605948683403
SWM A-2x ST1,2020-08-08 02:00:00.155,1500,222,0.84,600.0,607.8,53,0.8,0.6,0.8,230,903.1662027279638,0.5259447463241933,1717.2263988568309,1800.7887817931892,288.12620508691043,1512.6625767062787,0.1728757230521462
SWM A-2x ST1,2020-08-08 02:30:00.160,1500,222,0.82,600.0,607.3,53,0.8,0.6,0.8,230,905.6488942973568,0.5251199086296854,1724.6516070218554,1809.0115616187293,325.62208109137146,1483.3894805273578,0.1953732486548229
SWM A-2x ST1,2020-08-08 03:00:00.165,1500,222,0.83,600.0,606.9,53,0.8,0.6,0.8,230,902.3486097056524,0.516180399562631,1748.1264505010822,1838.531945191556,312.55043068256464,1525.981514508991,0.1875302584095387
SWM A-2x ST1,2020-08-08 03:30:00.170,1500,222,0.8,600.0,606.9,53,0.8,0.6,0.8,230,909.548989114522,0.5329677139713912,1706.5742732088745,1786.0051412309365,357.2010282461872,1428.804112984749,0.2143206169477123
SWM A-2x ST1,2020-08-08 04:00:00.175,1500,222,0.82,600.0,607.3,53,0.8,0.6,0.8,230,907.8957104464856,0.5306456447936585,1710.9265276256451,1791.745447065377,322.514180471768,1469.231266593609,0.1935085082830608
SWM A-2x ST1,2020-08-08 04:30:00.180,1500,222,0.84,600.0,606.9,53,0.8,0.6,0.8,230,908.2054558416334,0.5160892043510117,1759.7838671779862,1850.8435430388183,296.13496688621103,1554.7085761526075,0.1776809801317266
SWM A-2x ST1,2020-08-08 05:00:00.185,1500,222,0.8,600.0,607.1,53,0.8,0.6,0.8,230,905.3204283960574,0.5249548431479865,1724.5681989847735,1809.0115616187293,361.8023123237458,1447.2092492949837,0.2170813873942474
SWM A-2x ST1,2020-08-08 05:30:00.190,1500,222,0.82,600.0,606.0,53,0.8,0.6,0.8,230,906.7404084563856,0.5171223691452196,1753.434897730662,1843.588062500521,331.8458512500938,1511.7422112504269,0.1991075107500562
SWM A-2x ST1,2020-08-08 06:00:00.195,1500,222,0.84,600.0,606.8,53,0.8,0.6,0.8,230,897.194584799332,0.5184208688220984,1730.6297619496754,1818.8971509491685,291.0235441518671,1527.8736067973014,0.1746141264911202
SWM A-2x ST1,2020-08-08 06:30:00.200,1500,222,0.86,600.0,606.6,53,0.8,0.6,0.8,230,904.14040750411,0.5194459836819001,1740.5860010610656,1828.7977973911024,256.03169163475445,1572.766105756348,0.1536190149808526
SWM A-2x ST1,2020-08-08 07:00:00.205,1500,222,0.85,600.0,606.2,53,0.8,0.6,0.8,230,898.7242840517566,0.5287444662870546,1699.732746827161,1780.99603690793,267.14940553618953,1513.8466313717404,0.1602896433217137
SWM A-2x ST1,2020-08-08 07:30:00.210,1500,222,0.82,600.0,606.6,53,0.8,0.6,0.8,230,908.5874608504836,0.5148219471882005,1764.857667418628,1856.897138269344,334.2414848884821,1522.655653380862,0.2005448909330892
SWM A-2x ST1,2020-08-08 08:00:00.215,1500,222,0.84,600.0,606.8,53,0.8,0.6,0.8,230,901.68242040818,0.5194312999588431,1735.9031319052672,1823.8856335890025,291.82170137424055,1532.063932214762,0.1750930208245443
