GATHERING_CENTER,WELL_NAME,TEST_DATE_TIME,PUMP_MANUFACTURER,PUMP_SERIES_NAME,PUMP_MODEL,CANONICAL_MODEL,NUMBER_OF_STAGES,INSTALL_TOP_DEPTH_FT,CUMULATIVE_RUN_LIFE_DAYS,DAYS_FROM_INSTALLATION,PIP_PSIG,PDP_PSIG,DELTA_P_PSI,WHP_PSIG,WHT_DEG_F,FREQUENCY_HZ,SPEED_RATIO_RF,WATER_CUT_PCT,RESERVOIR_FORMATION,WATER_SALINITY_PPM,WATER_SG,FLUID_GRADIENT_PSI_FT,STAGE_DYNAMIC_HEAD_FT,NORMALIZED_HEAD_60HZ_FT,B_O_RBSTB,B_LIQ_RBSTB,RS_SCFBBL,Q_DOWNHOLE_RBPD,RAW_DOWNHOLE_ERROR_BPD,RAW_DOWNHOLE_PE_PCT,ACTUAL_LIQUID_RATE_STBD,Q_PURE_RAW_STBD,Q_PURE_SURF_STBD,RESIDUAL_ERROR_BPD,PERCENT_ERROR_PCT,ABS_PERCENT_ERROR_MAPE,BIAS_DIRECTION,QC_PASS_TELEMETRY,QC_PASS_POSITIVE_LIFT,QC_PASS_MIN_LIFT,QC_PASS_MIN_FREQ,QC_PASS_WATER_CUT,QC_5_GATES_PASS,IS_ACTIVE_CURRENT_RUN,QUALIFIED_5QC_CLEAN_ACTIVE,TEST_VALIDITY_STATUS,SCREENING_REASON_DETAIL
GC-31,SA-0005_T,2021-01-06 08:15,Alkhorayef (ACC),538 Series (ACC WE),WE-2600c,WE-2600,153,7150.0,0.0,-764.4,2436.0,2436.0,0.0,204.0,139.0,49.0,0.8167,29.1,Upper Burgan (UB),199739.0,1.1388,0.409,,,1.1848,1.1368,350.0,,,,1449.0,,,,,,,True,False,False,True,True,False,False,False,3. FAILED_ZERO_NEGATIVE_LIFT,"Failed Gate 2: Negative/Zero Lift (PDP=2436.0 <= PIP=2436.0, dP=0.0 psi)"
GC-31,SA-0005_T,2021-04-15 08:15,Alkhorayef (ACC),538 Series (ACC WE),WE-2600c,WE-2600,153,7150.0,0.0,-665.4,1366.0,,,207.0,135.0,50.0,0.8333,31.0,Upper Burgan (UB),199739.0,1.1388,0.411,,,1.1364,1.1003,235.2,,,,1501.0,,,,,,,False,False,False,True,True,False,False,False,7. FAILED_MISSING_TELEMETRY,"Failed Gate 1: Missing Telemetry (PIP=1366.0, PDP=nan)"
GC-31,SA-0005_T,2021-08-19 07:30,Alkhorayef (ACC),538 Series (ACC WE),WE-2600c,WE-2600,153,7150.0,0.0,-539.4,,2176.0,,186.0,140.0,49.5,0.825,25.3,Upper Burgan (UB),199739.0,1.1388,0.405,,,1.1477,1.1154,262.5,,,,1510.0,,,,,,,False,False,False,True,True,False,False,False,7. FAILED_MISSING_TELEMETRY,"Failed Gate 1: Missing Telemetry (PIP=nan, PDP=2176.0)"
GC-31,SA-0005_T,2021-11-02 08:00,Alkhorayef (ACC),538 Series (ACC WE),WE-2600c,WE-2600,153,7150.0,0.0,-464.4,1348.0,,,215.1,139.3,48.0,0.8,20.5,Upper Burgan (UB),199739.0,1.1388,0.4,,,1.1349,1.1113,231.6,,,,1557.7,,,,,,,False,False,False,True,True,False,False,False,7. FAILED_MISSING_TELEMETRY,"Failed Gate 1: Missing Telemetry (PIP=1348.0, PDP=nan)"
GC-31,SA-0005_T,2022-02-09 08:15,Alkhorayef (ACC),538 Series (ACC WE),WE-2600c,WE-2600,153,7150.0,0.0,-365.4,,,,187.0,135.0,48.0,0.8,20.4,Upper Burgan (UB),199739.0,1.1388,0.3999,,,1.1477,1.1216,262.5,,,,1457.0,,,,,,,False,False,False,True,True,False,False,False,7. FAILED_MISSING_TELEMETRY,"Failed Gate 1: Missing Telemetry (PIP=nan, PDP=nan)"
GC-31,SA-0005_T,2022-05-19 08:30,Alkhorayef (ACC),538 Series (ACC WE),WE-2600c,WE-2600,153,7150.0,0.0,-266.4,1391.0,2268.0,877.0,182.5,137.1,50.0,0.8333,20.4,Upper Burgan (UB),199739.0,1.1388,0.3999,14.33,20.64,1.1385,1.1143,240.3,2932.3,1557.3,113.26,1375.0,2631.5,2631.5,1256.5,91.38,91.38,OVER_PREDICTION,True,True,True,True,True,True,False,False,2. QUALIFIED_5QC_HISTORICAL_RUN,Pass 5 QC Gates (Historical Completion Run: Days = -266.4)
GC-31,SA-0005_T,2022-08-18 07:00,Alkhorayef (ACC),538 Series (ACC WE),WE-2600c,WE-2600,153,7150.0,0.0,-175.4,1341.0,2416.0,1075.0,179.0,141.0,50.0,0.8333,41.1,Upper Burgan (UB),199739.0,1.1388,0.4215,16.67,24.01,1.1343,1.0873,230.2,2869.5,1385.5,93.36,1484.0,2639.0,2639.0,1155.0,77.83,77.83,OVER_PREDICTION,True,True,True,True,True,True,False,False,2. QUALIFIED_5QC_HISTORICAL_RUN,Pass 5 QC Gates (Historical Completion Run: Days = -175.4)
GC-31,SA-0005_T,2023-03-01 08:15,Alkhorayef (ACC),538 Series (ACC WE),WE-2600c,WE-2600,153,7150.0,19.6,19.6,1406.0,3208.0,1802.0,252.0,153.0,50.0,0.8333,74.5,Upper Burgan (UB),199739.0,1.1388,0.4563,25.81,37.17,1.1397,1.0505,243.3,2552.4,338.4,15.28,2214.0,2429.6,2429.6,215.6,9.74,9.74,OVER_PREDICTION,True,True,True,True,True,True,True,True,1. QUALIFIED_5QC_CLEAN_ACTIVE,Pass: Active completion run meeting all 5 QC physical screening gates
GC-31,SA-0005_T,2023-06-01 07:30,Alkhorayef (ACC),538 Series (ACC WE),WE-2600c,WE-2600,153,7150.0,111.6,111.6,1401.0,3000.0,1599.0,248.0,154.0,50.0,0.8333,61.3,Upper Burgan (UB),199739.0,1.1388,0.4425,23.62,34.02,1.1393,1.0662,242.3,2642.6,254.6,10.66,2388.0,2478.6,2478.6,90.6,3.79,3.79,OVER_PREDICTION,True,True,True,True,True,True,True,True,1. QUALIFIED_5QC_CLEAN_ACTIVE,Pass: Active completion run meeting all 5 QC physical screening gates
GC-31,SA-0005_T,2023-09-22 07:15,Alkhorayef (ACC),538 Series (ACC WE),WE-2600c,WE-2600,153,7150.0,224.6,224.6,1642.0,2584.0,942.0,224.0,153.0,50.0,0.8333,25.5,Upper Burgan (UB),199739.0,1.1388,0.4052,15.19,21.88,1.16,1.1243,291.9,2909.7,348.7,13.62,2561.0,2588.0,2588.0,27.0,1.05,1.05,OVER_PREDICTION,True,True,True,True,True,True,True,True,1. QUALIFIED_5QC_CLEAN_ACTIVE,Pass: Active completion run meeting all 5 QC physical screening gates
GC-31,SA-0005_T,2023-12-17 09:00,Alkhorayef (ACC),538 Series (ACC WE),WE-2600c,WE-2600,153,7150.0,310.6,310.6,,1795.0,,256.0,149.0,49.0,0.8167,41.1,Upper Burgan (UB),199739.0,1.1388,0.4215,,,1.1477,1.0952,262.5,,,,2295.0,,,,,,,False,False,False,True,True,False,True,False,7. FAILED_MISSING_TELEMETRY,"Failed Gate 1: Missing Telemetry (PIP=nan, PDP=1795.0)"
GC-31,SA-0005_T,2024-03-27 12:30,Alkhorayef (ACC),538 Series (ACC WE),WE-2600c,WE-2600,153,7150.0,411.8,411.8,1670.0,2995.0,1325.0,236.0,158.0,49.0,0.8167,51.8,Upper Burgan (UB),199739.0,1.1388,0.4326,20.02,30.02,1.1625,1.0887,297.8,2687.6,359.6,15.45,2328.0,2468.7,2468.7,140.7,6.04,6.04,OVER_PREDICTION,True,True,True,True,True,True,True,True,1. QUALIFIED_5QC_CLEAN_ACTIVE,Pass: Active completion run meeting all 5 QC physical screening gates
GC-31,SA-0005_T,2024-07-31 08:00,Alkhorayef (ACC),538 Series (ACC WE),WE-2600c,WE-2600,153,7150.0,537.6,537.6,1512.0,3293.0,1781.0,252.0,159.0,49.0,0.8167,67.1,Upper Burgan (UB),199739.0,1.1388,0.4486,25.95,38.91,1.1487,1.0623,264.9,2446.8,664.8,37.31,1782.0,2303.2,2303.2,521.2,29.25,29.25,OVER_PREDICTION,True,True,True,True,True,True,True,True,1. QUALIFIED_5QC_CLEAN_ACTIVE,Pass: Active completion run meeting all 5 QC physical screening gates
GC-31,SA-0005_T,2024-12-31 08:00,Alkhorayef (ACC),538 Series (ACC WE),WE-2600c,WE-2600,153,7150.0,690.6,690.6,1415.0,3208.0,1793.0,253.0,154.0,49.0,0.8167,77.0,Upper Burgan (UB),199739.0,1.1388,0.4589,25.54,38.29,1.1405,1.0477,245.1,2466.7,280.7,12.84,2186.0,2354.4,2354.4,168.4,7.7,7.7,OVER_PREDICTION,True,True,True,True,True,True,True,True,1. QUALIFIED_5QC_CLEAN_ACTIVE,Pass: Active completion run meeting all 5 QC physical screening gates
GC-31,SA-0005_T,2025-04-29 08:30,Alkhorayef (ACC),538 Series (ACC WE),WE-2600c,WE-2600,153,7150.0,809.6,809.6,1631.0,3668.0,2037.0,423.0,162.0,49.0,0.8167,72.3,Upper Burgan (UB),199739.0,1.1388,0.454,29.33,43.97,1.1591,1.0585,289.6,2252.7,600.7,36.36,1652.0,2128.2,2128.2,476.2,28.83,28.83,OVER_PREDICTION,True,True,True,True,True,True,True,True,1. QUALIFIED_5QC_CLEAN_ACTIVE,Pass: Active completion run meeting all 5 QC physical screening gates
GC-31,SA-0005_T,2025-09-08 08:00,Alkhorayef (ACC),538 Series (ACC WE),WE-2600c,WE-2600,153,7150.0,941.6,941.6,1242.0,3247.0,2005.0,242.0,150.0,49.0,0.8167,82.0,Upper Burgan (UB),199739.0,1.1388,0.4641,28.24,42.34,1.1262,1.0391,210.4,2322.3,352.3,17.88,1970.0,2234.9,2234.9,264.9,13.45,13.45,OVER_PREDICTION,True,True,True,True,True,True,True,True,1. QUALIFIED_5QC_CLEAN_ACTIVE,Pass: Active completion run meeting all 5 QC physical screening gates
GC-31,SA-0005_T,2025-12-22 23:15,Alkhorayef (ACC),538 Series (ACC WE),WE-2600c,WE-2600,153,7150.0,1047.2,1047.2,1168.0,3362.0,2194.0,225.2,152.0,49.0,0.8167,85.8,Upper Burgan (UB),199739.0,1.1388,0.4681,30.64,45.94,1.1203,1.0342,195.9,2156.1,193.4,9.85,1962.7,2084.7,2084.7,122.0,6.22,6.22,OVER_PREDICTION,True,True,True,True,True,True,True,True,1. QUALIFIED_5QC_CLEAN_ACTIVE,Pass: Active completion run meeting all 5 QC physical screening gates
GC-31,SA-0005_T,2026-03-11 08:30,Alkhorayef (ACC),538 Series (ACC WE),WE-2600c,WE-2600,153,7150.0,1125.6,1125.6,0.0,0.0,0.0,248.0,155.0,49.0,0.8167,88.1,Upper Burgan (UB),199739.0,1.1388,0.4705,,,1.1477,1.0352,262.5,,,,1838.0,,,,,,,True,False,False,True,True,False,True,False,3. FAILED_ZERO_NEGATIVE_LIFT,"Failed Gate 2: Negative/Zero Lift (PDP=0.0 <= PIP=0.0, dP=0.0 psi)"
GC-31,SA-0006_T,2021-01-04 08:35,Halliburton / Summit ESP,400 Series (Summit SF),SF900,SF900,305,7300.0,0.0,-426.6,499.0,,,134.7,121.4,49.0,0.8167,48.2,Mauddud (MA),137779.0,1.0958,0.4289,,,1.0725,1.0472,74.1,,,,557.7,,,,,,,False,False,False,True,True,False,False,False,7. FAILED_MISSING_TELEMETRY,"Failed Gate 1: Missing Telemetry (PIP=499.0, PDP=nan)"
GC-31,SA-0006_T,2021-05-01 05:00,Halliburton / Summit ESP,400 Series (Summit SF),SF900,SF900,305,7300.0,0.0,-309.7,643.0,,,137.0,112.0,50.0,0.8333,50.0,Mauddud (MA),137779.0,1.0958,0.4308,,,1.0818,1.0509,98.6,,,,625.0,,,,,,,False,False,False,True,True,False,False,False,7. FAILED_MISSING_TELEMETRY,"Failed Gate 1: Missing Telemetry (PIP=643.0, PDP=nan)"
GC-31,SA-0006_T,2022-03-16 20:30,Halliburton / Summit ESP,400 Series (Summit SF),SF900,SF900,305,7300.0,9.9,9.9,986.0,3167.0,2181.0,241.0,128.0,50.0,0.8333,64.8,Mauddud (MA),137779.0,1.0958,0.4462,16.03,23.09,1.1063,1.0504,160.9,1100.0,244.0,28.5,856.0,1047.3,1047.3,191.3,22.35,22.35,OVER_PREDICTION,True,True,True,True,True,True,True,True,1. QUALIFIED_5QC_CLEAN_ACTIVE,Pass: Active completion run meeting all 5 QC physical screening gates
GC-31,SA-0006_T,2022-08-22 07:30,Halliburton / Summit ESP,400 Series (Summit SF),SF900,SF900,305,7300.0,168.4,168.4,887.0,2977.0,2090.0,267.0,138.0,50.0,0.8333,51.0,Mauddud (MA),137779.0,1.0958,0.4318,15.87,22.85,1.0989,1.0587,142.4,1100.0,315.0,40.13,785.0,1039.0,1039.0,254.0,32.36,32.36,OVER_PREDICTION,True,True,True,True,True,True,True,True,1. QUALIFIED_5QC_CLEAN_ACTIVE,Pass: Active completion run meeting all 5 QC physical screening gates
GC-31,SA-0006_T,2023-01-05 09:00,Halliburton / Summit ESP,400 Series (Summit SF),SF900,SF900,305,7300.0,304.5,304.5,734.0,3029.7,2295.7,230.0,126.0,50.0,0.8333,51.4,Mauddud (MA),137779.0,1.0958,0.4322,17.41,25.07,1.088,1.0531,114.6,1077.7,280.7,35.22,797.0,1023.4,1023.4,226.4,28.41,28.41,OVER_PREDICTION,True,True,True,True,True,True,True,True,1. QUALIFIED_5QC_CLEAN_ACTIVE,Pass: Active completion run meeting all 5 QC physical screening gates
GC-31,SA-0006_T,2023-03-30 05:30,Halliburton / Summit ESP,400 Series (Summit SF),SF900,SF900,305,7300.0,388.3,388.3,744.0,3080.0,2336.0,215.0,129.0,50.0,0.8333,50.0,Mauddud (MA),137779.0,1.0958,0.4308,17.78,25.61,1.0887,1.0544,116.4,1025.0,171.0,20.02,854.0,972.2,972.2,118.2,13.84,13.84,OVER_PREDICTION,True,True,True,True,True,True,True,True,1. QUALIFIED_5QC_CLEAN_ACTIVE,Pass: Active completion run meeting all 5 QC physical screening gates
GC-31,SA-0006_T,2023-06-21 08:45,Halliburton / Summit ESP,400 Series (Summit SF),SF900,SF900,305,7300.0,471.4,471.4,794.0,2884.7,2090.7,214.0,129.0,50.0,0.8333,54.4,Mauddud (MA),137779.0,1.0958,0.4353,15.75,22.68,1.0922,1.0529,125.4,1100.0,253.0,29.87,847.0,1044.7,1044.7,197.7,23.34,23.34,OVER_PREDICTION,True,True,True,True,True,True,True,True,1. QUALIFIED_5QC_CLEAN_ACTIVE,Pass: Active completion run meeting all 5 QC physical screening gates
GC-31,SA-0006_T,2023-10-10 08:15,Halliburton / Summit ESP,400 Series (Summit SF),SF900,SF900,305,7300.0,582.4,582.4,1044.0,3070.0,2026.0,248.0,140.0,50.0,0.8333,50.2,Mauddud (MA),137779.0,1.0958,0.431,15.41,22.19,1.1107,1.0651,171.9,1100.0,126.0,12.94,974.0,1032.7,1032.7,58.7,6.03,6.03,OVER_PREDICTION,True,True,True,True,True,True,True,True,1. QUALIFIED_5QC_CLEAN_ACTIVE,Pass: Active completion run meeting all 5 QC physical screening gates
GC-31,SA-0006_T,2024-01-31 13:30,Halliburton / Summit ESP,400 Series (Summit SF),SF900,SF900,305,7300.0,695.6,695.6,1305.0,3059.0,1754.0,263.0,140.0,50.0,0.8333,52.0,Mauddud (MA),137779.0,1.0958,0.4328,13.29,19.14,1.1313,1.0734,223.0,1100.0,-5.0,-0.45,1105.0,1024.7,1024.7,-80.3,-7.27,7.27,UNDER_PREDICTION,True,True,True,True,True,True,True,True,1. QUALIFIED_5QC_CLEAN_ACTIVE,Pass: Active completion run meeting all 5 QC physical screening gates
GC-31,SA-0006_T,2024-05-03 09:45,Halliburton / Summit ESP,400 Series (Summit SF),SF900,SF900,305,7300.0,788.5,788.5,1440.0,3110.0,1670.0,284.9,140.5,49.0,0.8167,63.3,Mauddud (MA),137779.0,1.0958,0.4446,12.31,18.46,1.1426,1.065,250.2,1078.0,15.3,1.44,1062.7,1012.2,1012.2,-50.5,-4.75,4.75,UNDER_PREDICTION,True,True,True,True,True,True,True,True,1. QUALIFIED_5QC_CLEAN_ACTIVE,Pass: Active completion run meeting all 5 QC physical screening gates
GC-31,SA-0006_T,2024-09-11 08:00,Halliburton / Summit ESP,400 Series (Summit SF),SF900,SF900,305,7300.0,919.4,919.4,1663.0,3158.0,1495.0,293.0,131.0,49.0,0.8167,62.1,Mauddud (MA),137779.0,1.0958,0.4434,11.06,16.58,1.1619,1.0738,296.3,1078.0,82.0,8.23,996.0,1003.9,1003.9,7.9,0.79,0.79,OVER_PREDICTION,True,True,True,True,True,True,True,True,1. QUALIFIED_5QC_CLEAN_ACTIVE,Pass: Active completion run meeting all 5 QC physical screening gates
GC-31,SA-0006_T,2025-01-06 08:45,Halliburton / Summit ESP,400 Series (Summit SF),SF900,SF900,305,7300.0,1036.4,1036.4,1408.0,3254.0,1846.0,292.0,139.0,49.0,0.8167,66.5,Mauddud (MA),137779.0,1.0958,0.448,13.51,20.25,1.1399,1.0602,243.7,1078.0,185.0,20.72,893.0,1016.8,1016.8,123.8,13.86,13.86,OVER_PREDICTION,True,True,True,True,True,True,True,True,1. QUALIFIED_5QC_CLEAN_ACTIVE,Pass: Active completion run meeting all 5 QC physical screening gates
GC-31,SA-0006_T,2025-05-13 08:30,Halliburton / Summit ESP,400 Series (Summit SF),SF900,SF900,305,7300.0,1163.4,1163.4,1334.0,3177.0,1843.0,280.0,136.0,49.0,0.8167,62.6,Mauddud (MA),137779.0,1.0958,0.4439,13.61,20.4,1.1337,1.0625,228.8,1078.0,372.0,52.69,706.0,1014.6,1014.6,308.6,43.71,43.71,OVER_PREDICTION,True,True,True,True,True,True,True,True,1. QUALIFIED_5QC_CLEAN_ACTIVE,Pass: Active completion run meeting all 5 QC physical screening gates
GC-31,SA-0006_T,2025-09-07 18:30,Halliburton / Summit ESP,400 Series (Summit SF),SF900,SF900,305,7300.0,1280.9,1280.9,1163.0,3189.0,2026.0,242.0,130.0,49.0,0.8167,62.1,Mauddud (MA),137779.0,1.0958,0.4434,14.98,22.46,1.1199,1.0579,194.9,1078.0,240.2,28.67,837.8,1019.0,1019.0,181.2,21.63,21.63,OVER_PREDICTION,True,True,True,True,True,True,True,True,1. QUALIFIED_5QC_CLEAN_ACTIVE,Pass: Active completion run meeting all 5 QC physical screening gates
GC-31,SA-0006_T,2025-11-30 20:00,Halliburton / Summit ESP,400 Series (Summit SF),SF900,SF900,305,7300.0,1364.9,1364.9,1279.0,2197.0,918.0,241.0,124.0,51.0,0.85,66.9,Mauddud (MA),137779.0,1.0958,0.4484,6.71,9.29,1.1292,1.0562,217.8,1122.0,173.0,18.23,949.0,1062.3,1062.3,113.3,11.94,11.94,OVER_PREDICTION,True,True,True,True,True,True,True,True,1. QUALIFIED_5QC_CLEAN_ACTIVE,Pass: Active completion run meeting all 5 QC physical screening gates
GC-31,SA-0006_T,2026-06-06 10:45,Halliburton / Summit ESP,400 Series (Summit SF),SF900,SF900,305,7300.0,1552.5,1552.5,1214.0,3121.0,1907.0,275.0,134.0,51.0,0.85,73.0,Mauddud (MA),137779.0,1.0958,0.4547,13.75,19.03,1.124,1.0481,204.9,1122.0,294.0,35.51,828.0,1070.5,1070.5,242.5,29.29,29.29,OVER_PREDICTION,True,True,True,True,True,True,True,True,1. QUALIFIED_5QC_CLEAN_ACTIVE,Pass: Active completion run meeting all 5 QC physical screening gates
GC-31,SA-0006_T,2026-08-03 08:00,Halliburton / Summit ESP,400 Series (Summit SF),SF900,SF900,305,7300.0,1610.4,1610.4,789.0,3186.0,2397.0,209.0,128.0,51.0,0.85,64.4,Mauddud (MA),137779.0,1.0958,0.4458,17.63,24.4,1.0919,1.0456,124.5,1122.0,650.0,137.71,472.0,1073.1,1073.1,601.1,127.35,127.35,OVER_PREDICTION,True,True,True,True,True,True,True,True,1. QUALIFIED_5QC_CLEAN_ACTIVE,Pass: Active completion run meeting all 5 QC physical screening gates
GC-31,SA-0032_T,2021-02-04 08:15,REDA (Schlumberger),538/540 Series (REDA S),S4000N,S4000N,112,7400.0,0.0,-1060.7,,,,283.0,155.0,50.0,0.8333,80.0,Mauddud (MA),137779.0,1.0958,0.462,,,1.1477,1.0455,262.5,,,,760.0,,,,,,,False,False,False,True,True,False,False,False,7. FAILED_MISSING_TELEMETRY,"Failed Gate 1: Missing Telemetry (PIP=nan, PDP=nan)"
GC-31,SA-0032_T,2022-06-01 07:30,REDA (Schlumberger),538/540 Series (REDA S),S4000N,S4000N,112,7400.0,0.0,-578.7,1788.0,3184.0,1396.0,195.0,150.0,50.0,0.8333,79.0,Mauddud (MA),137779.0,1.0958,0.461,27.04,38.94,1.1731,1.0521,322.7,4118.7,1690.7,69.63,2428.0,3914.6,3914.6,1486.6,61.23,61.23,OVER_PREDICTION,True,True,True,True,True,True,False,False,2. QUALIFIED_5QC_HISTORICAL_RUN,Pass 5 QC Gates (Historical Completion Run: Days = -578.7)
GC-31,SA-0032_T,2022-09-09 09:00,REDA (Schlumberger),538/540 Series (REDA S),S4000N,S4000N,112,7400.0,0.0,-478.6,1607.0,2978.0,1371.0,185.0,153.0,50.0,0.8333,65.0,Mauddud (MA),137779.0,1.0958,0.4464,27.42,39.49,1.157,1.0679,284.6,4076.2,1694.2,71.13,2382.0,3816.9,3816.9,1434.9,60.24,60.24,OVER_PREDICTION,True,True,True,True,True,True,False,False,2. QUALIFIED_5QC_HISTORICAL_RUN,Pass 5 QC Gates (Historical Completion Run: Days = -478.6)
GC-31,SA-0032_T,2023-01-05 08:45,REDA (Schlumberger),538/540 Series (REDA S),S4000N,S4000N,112,7400.0,0.0,-360.6,1843.0,3580.0,1737.0,324.0,154.0,50.0,0.8333,77.1,Mauddud (MA),137779.0,1.0958,0.459,33.79,48.66,1.1781,1.0562,334.4,3260.8,2017.8,162.33,1243.0,3087.3,3087.3,1844.3,148.37,148.37,OVER_PREDICTION,True,True,True,True,True,True,False,False,2. QUALIFIED_5QC_HISTORICAL_RUN,Pass 5 QC Gates (Historical Completion Run: Days = -360.6)
GC-31,SA-0032_T,2023-04-17 05:00,REDA (Schlumberger),538/540 Series (REDA S),S4000N,S4000N,112,7400.0,0.0,-258.8,1653.0,3222.0,1569.0,279.0,168.0,50.0,0.8333,68.2,Mauddud (MA),137779.0,1.0958,0.4497,31.15,44.86,1.161,1.0648,294.2,3624.9,1464.9,67.82,2160.0,3404.2,3404.2,1244.2,57.6,57.6,OVER_PREDICTION,True,True,True,True,True,True,False,False,2. QUALIFIED_5QC_HISTORICAL_RUN,Pass 5 QC Gates (Historical Completion Run: Days = -258.8)
GC-31,SA-0032_T,2023-07-29 06:45,REDA (Schlumberger),538/540 Series (REDA S),S4000N,S4000N,112,7400.0,0.0,-155.7,1710.0,3521.0,1811.0,266.0,147.0,50.0,0.8333,79.7,Mauddud (MA),137779.0,1.0958,0.4617,35.02,50.43,1.1661,1.0497,306.2,3077.7,1285.7,71.75,1792.0,2932.1,2932.1,1140.1,63.62,63.62,OVER_PREDICTION,True,True,True,True,True,True,False,False,2. QUALIFIED_5QC_HISTORICAL_RUN,Pass 5 QC Gates (Historical Completion Run: Days = -155.7)
GC-31,SA-0032_T,2024-01-22 08:00,REDA (Schlumberger),538/540 Series (REDA S),S4000N,S4000N,112,7400.0,21.3,21.3,1397.0,3408.0,2011.0,319.0,161.0,50.0,0.8333,85.0,Mauddud (MA),137779.0,1.0958,0.4672,38.43,55.34,1.139,1.0378,241.5,2520.7,-969.6,-27.78,3490.3,2428.8,2428.8,-1061.5,-30.41,30.41,UNDER_PREDICTION,True,True,True,True,True,True,True,True,1. QUALIFIED_5QC_CLEAN_ACTIVE,Pass: Active completion run meeting all 5 QC physical screening gates
GC-31,SA-0032_T,2024-04-17 08:45,REDA (Schlumberger),538/540 Series (REDA S),S4000N,S4000N,112,7400.0,107.4,107.4,1469.0,3765.0,2296.0,312.0,161.0,50.0,0.8333,76.0,Mauddud (MA),137779.0,1.0958,0.4579,44.77,64.47,1.145,1.05,256.1,1255.2,-406.8,-24.48,1662.0,1195.4,1195.4,-466.6,-28.07,28.07,UNDER_PREDICTION,True,True,True,True,True,True,True,True,1. QUALIFIED_5QC_CLEAN_ACTIVE,Pass: Active completion run meeting all 5 QC physical screening gates
GC-31,SA-0032_T,2024-05-28 07:45,REDA (Schlumberger),538/540 Series (REDA S),S4000N,S4000N,112,7400.0,148.3,148.3,1613.0,3385.0,1772.0,290.0,167.0,50.0,0.8333,77.0,Mauddud (MA),137779.0,1.0958,0.4589,34.48,49.66,1.1575,1.0516,285.8,3158.2,477.2,17.8,2681.0,3003.2,3003.2,322.2,12.02,12.02,OVER_PREDICTION,True,True,True,True,True,True,True,True,1. QUALIFIED_5QC_CLEAN_ACTIVE,Pass: Active completion run meeting all 5 QC physical screening gates
GC-31,SA-0032_T,2024-12-08 08:15,REDA (Schlumberger),538/540 Series (REDA S),S4000N,S4000N,112,7400.0,342.3,342.3,1472.0,3322.0,1850.0,262.0,162.0,52.0,0.8667,71.2,Mauddud (MA),137779.0,1.0958,0.4529,36.47,48.55,1.1453,1.0561,256.7,3402.9,-940.1,-21.65,4343.0,3222.2,3222.2,-1120.8,-25.81,25.81,UNDER_PREDICTION,True,True,True,True,True,True,True,True,1. QUALIFIED_5QC_CLEAN_ACTIVE,Pass: Active completion run meeting all 5 QC physical screening gates
GC-31,SA-0032_T,2025-03-23 08:30,REDA (Schlumberger),538/540 Series (REDA S),S4000N,S4000N,112,7400.0,447.4,447.4,1899.0,4377.0,2478.0,388.0,166.0,52.0,0.8667,77.2,Mauddud (MA),137779.0,1.0958,0.4591,48.19,64.15,1.1833,1.0572,346.4,1360.1,-9.9,-0.72,1370.0,1286.5,1286.5,-83.5,-6.09,6.09,UNDER_PREDICTION,True,True,True,True,True,True,True,True,1. QUALIFIED_5QC_CLEAN_ACTIVE,Pass: Active completion run meeting all 5 QC physical screening gates
GC-31,SA-0032_T,2025-04-17 08:30,REDA (Schlumberger),538/540 Series (REDA S),S4000N,S4000N,112,7400.0,472.4,472.4,1743.0,4042.0,2299.0,327.0,169.0,54.0,0.9,74.6,Mauddud (MA),137779.0,1.0958,0.4564,44.98,55.53,1.169,1.0579,313.1,2697.4,434.2,19.19,2263.2,2549.9,2549.9,286.7,12.67,12.67,OVER_PREDICTION,True,True,True,True,True,True,True,True,1. QUALIFIED_5QC_CLEAN_ACTIVE,Pass: Active completion run meeting all 5 QC physical screening gates
GC-31,SA-0032_T,2025-08-10 07:30,REDA (Schlumberger),538/540 Series (REDA S),S4000N,S4000N,112,7400.0,587.3,587.3,1706.0,4224.0,2518.0,262.0,170.0,53.0,0.8833,79.2,Mauddud (MA),137779.0,1.0958,0.4612,48.75,62.48,1.1657,1.0503,305.3,1660.9,48.9,3.03,1612.0,1581.3,1581.3,-30.7,-1.9,1.9,UNDER_PREDICTION,True,True,True,True,True,True,True,True,1. QUALIFIED_5QC_CLEAN_ACTIVE,Pass: Active completion run meeting all 5 QC physical screening gates
GC-31,SA-0032_T,2025-11-09 12:00,REDA (Schlumberger),538/540 Series (REDA S),S4000N,S4000N,112,7400.0,678.5,678.5,1742.0,4057.0,2315.0,229.0,154.0,51.0,0.85,75.2,Mauddud (MA),137779.0,1.0958,0.457,45.23,62.6,1.1689,1.0569,312.9,1579.0,170.0,12.07,1409.0,1493.9,1493.9,84.9,6.03,6.03,OVER_PREDICTION,True,True,True,True,True,True,True,True,1. QUALIFIED_5QC_CLEAN_ACTIVE,Pass: Active completion run meeting all 5 QC physical screening gates
GC-31,SA-0032_T,2026-03-15 08:45,REDA (Schlumberger),538/540 Series (REDA S),S4000N,S4000N,112,7400.0,804.4,804.4,1737.0,4015.0,2278.0,229.0,162.0,51.0,0.85,75.2,Mauddud (MA),137779.0,1.0958,0.457,44.5,61.59,1.1685,1.0568,311.9,1731.2,238.2,15.95,1493.0,1638.1,1638.1,145.1,9.72,9.72,OVER_PREDICTION,True,True,True,True,True,True,True,True,1. QUALIFIED_5QC_CLEAN_ACTIVE,Pass: Active completion run meeting all 5 QC physical screening gates
GC-31,SA-0033_T,2021-08-25 14:15,Alkhorayef (ACC),538 Series (ACC WE),WE-1500c,WE-1500,130,6916.0,75.9,75.9,1268.0,2156.0,888.0,212.0,137.0,48.0,0.8,14.6,Mauddud (MA),137779.0,1.0958,0.3927,17.39,27.17,1.1283,1.1125,215.6,2216.0,569.0,34.55,1647.0,1991.9,1991.9,344.9,20.94,20.94,OVER_PREDICTION,True,True,True,True,True,True,True,True,1. QUALIFIED_5QC_CLEAN_ACTIVE,Pass: Active completion run meeting all 5 QC physical screening gates
GC-31,SA-0033_T,2021-10-14 18:30,Alkhorayef (ACC),538 Series (ACC WE),WE-1500c,WE-1500,130,6916.0,126.1,126.1,-15.0,,,227.0,128.0,50.0,0.8333,10.3,Mauddud (MA),137779.0,1.0958,0.3886,,,1.1477,1.1345,262.5,,,,1577.0,,,,,,,False,False,False,True,True,False,True,False,7. FAILED_MISSING_TELEMETRY,"Failed Gate 1: Missing Telemetry (PIP=-15.0, PDP=nan)"
GC-31,SA-0033_T,2022-01-21 08:30,Alkhorayef (ACC),538 Series (ACC WE),WE-1500c,WE-1500,130,6916.0,224.7,224.7,1050.0,,,187.0,120.0,48.0,0.8,7.2,Mauddud (MA),137779.0,1.0958,0.3856,,,1.1111,1.1046,173.1,,,,1420.0,,,,,,,False,False,False,True,True,False,True,False,7. FAILED_MISSING_TELEMETRY,"Failed Gate 1: Missing Telemetry (PIP=1050.0, PDP=nan)"
GC-31,SA-0033_T,2022-04-24 11:00,Alkhorayef (ACC),538 Series (ACC WE),WE-1500c,WE-1500,130,6916.0,317.8,317.8,1124.0,2170.7,1046.7,187.0,132.0,50.0,0.8333,4.1,Mauddud (MA),137779.0,1.0958,0.3826,21.04,30.3,1.1169,1.1129,187.3,2308.2,672.2,41.09,1636.0,2074.1,2074.1,438.1,26.78,26.78,OVER_PREDICTION,True,True,True,True,True,True,True,True,1. QUALIFIED_5QC_CLEAN_ACTIVE,Pass: Active completion run meeting all 5 QC physical screening gates
GC-31,SA-0033_T,2022-07-24 11:45,Alkhorayef (ACC),538 Series (ACC WE),WE-1500c,WE-1500,130,6916.0,408.8,408.8,1286.0,2616.0,1330.0,259.7,135.4,51.0,0.85,9.1,Mauddud (MA),137779.0,1.0958,0.3874,26.41,36.55,1.1298,1.1198,219.2,2281.6,539.9,31.0,1741.7,2037.5,2037.5,295.8,16.98,16.98,OVER_PREDICTION,True,True,True,True,True,True,True,True,1. QUALIFIED_5QC_CLEAN_ACTIVE,Pass: Active completion run meeting all 5 QC physical screening gates
GC-31,SA-0033_T,2022-11-10 08:30,Alkhorayef (ACC),538 Series (ACC WE),WE-1500c,WE-1500,130,6916.0,517.7,517.7,1188.0,2440.0,1252.0,230.0,131.0,51.0,0.85,5.1,Mauddud (MA),137779.0,1.0958,0.3836,25.11,34.75,1.1219,1.1167,199.8,2354.5,652.6,38.35,1701.9,2108.4,2108.4,406.5,23.89,23.89,OVER_PREDICTION,True,True,True,True,True,True,True,True,1. QUALIFIED_5QC_CLEAN_ACTIVE,Pass: Active completion run meeting all 5 QC physical screening gates
GC-31,SA-0033_T,2023-02-01 10:15,Alkhorayef (ACC),538 Series (ACC WE),WE-1500c,WE-1500,130,6916.0,600.8,600.8,1348.0,2549.0,1201.0,246.0,143.0,51.0,0.85,3.1,Mauddud (MA),137779.0,1.0958,0.3816,24.21,33.51,1.1349,1.1313,231.6,2354.5,589.5,33.4,1765.0,2081.2,2081.2,316.2,17.92,17.92,OVER_PREDICTION,True,True,True,True,True,True,True,True,1. QUALIFIED_5QC_CLEAN_ACTIVE,Pass: Active completion run meeting all 5 QC physical screening gates
GC-31,SA-0033_T,2023-02-24 09:00,Alkhorayef (ACC),538 Series (ACC WE),WE-1500c,WE-1500,130,6916.0,623.7,623.7,1459.0,2672.0,1213.0,264.0,144.0,52.0,0.8667,19.6,Mauddud (MA),137779.0,1.0958,0.3975,23.47,31.24,1.1442,1.1198,254.1,2400.8,568.8,31.05,1832.0,2143.9,2143.9,311.9,17.03,17.03,OVER_PREDICTION,True,True,True,True,True,True,True,True,1. QUALIFIED_5QC_CLEAN_ACTIVE,Pass: Active completion run meeting all 5 QC physical screening gates
GC-31,SA-0033_T,2023-05-18 08:30,Alkhorayef (ACC),538 Series (ACC WE),WE-1500c,WE-1500,130,6916.0,706.7,706.7,1252.0,2676.0,1424.0,191.0,150.0,52.0,0.8667,43.1,Mauddud (MA),137779.0,1.0958,0.4202,26.07,34.71,1.127,1.0809,212.4,2400.8,844.8,54.29,1556.0,2221.1,2221.1,665.1,42.74,42.74,OVER_PREDICTION,True,True,True,True,True,True,True,True,1. QUALIFIED_5QC_CLEAN_ACTIVE,Pass: Active completion run meeting all 5 QC physical screening gates
GC-31,SA-0033_T,2023-08-22 07:00,Alkhorayef (ACC),538 Series (ACC WE),WE-1500c,WE-1500,130,6916.0,802.6,802.6,1197.0,2789.0,1592.0,191.0,142.0,52.0,0.8667,50.5,Mauddud (MA),137779.0,1.0958,0.4273,28.66,38.15,1.1226,1.0708,201.6,2237.6,834.6,59.49,1403.0,2089.7,2089.7,686.7,48.95,48.95,OVER_PREDICTION,True,True,True,True,True,True,True,True,1. QUALIFIED_5QC_CLEAN_ACTIVE,Pass: Active completion run meeting all 5 QC physical screening gates
GC-31,SA-0033_T,2023-12-16 08:30,Alkhorayef (ACC),538 Series (ACC WE),WE-1500c,WE-1500,130,6916.0,918.7,918.7,1113.0,2935.0,1822.0,217.0,156.0,56.0,0.9333,61.2,Mauddud (MA),137779.0,1.0958,0.4376,32.03,36.77,1.116,1.0572,185.2,2490.7,971.7,63.97,1519.0,2355.8,2355.8,836.8,55.09,55.09,OVER_PREDICTION,True,True,True,True,True,True,True,True,1. QUALIFIED_5QC_CLEAN_ACTIVE,Pass: Active completion run meeting all 5 QC physical screening gates
GC-31,SA-0033_T,2024-04-06 08:30,Alkhorayef (ACC),538 Series (ACC WE),WE-1500c,WE-1500,130,6916.0,1030.7,1030.7,1129.0,3060.0,1931.0,230.0,149.0,55.0,0.9167,64.6,Mauddud (MA),137779.0,1.0958,0.4409,33.69,40.09,1.1172,1.0544,188.3,2270.5,970.5,74.65,1300.0,2153.3,2153.3,853.3,65.64,65.64,OVER_PREDICTION,True,True,True,True,True,True,True,True,1. QUALIFIED_5QC_CLEAN_ACTIVE,Pass: Active completion run meeting all 5 QC physical screening gates
GC-31,SA-0033_T,2024-08-18 12:00,Alkhorayef (ACC),538 Series (ACC WE),WE-1500c,WE-1500,130,6916.0,1164.9,1164.9,1118.0,3033.0,1915.0,249.0,160.0,56.0,0.9333,60.7,Mauddud (MA),137779.0,1.0958,0.4371,33.7,38.69,1.1164,1.0579,186.2,2381.0,1016.0,74.43,1365.0,2250.7,2250.7,885.7,64.89,64.89,OVER_PREDICTION,True,True,True,True,True,True,True,True,1. QUALIFIED_5QC_CLEAN_ACTIVE,Pass: Active completion run meeting all 5 QC physical screening gates
GC-31,SA-0033_T,2024-11-18 08:30,Alkhorayef (ACC),538 Series (ACC WE),WE-1500c,WE-1500,130,6916.0,1256.7,1256.7,1127.0,3039.0,1912.0,258.0,154.0,56.0,0.9333,65.6,Mauddud (MA),137779.0,1.0958,0.4419,33.28,38.21,1.1171,1.0534,187.9,2406.3,773.3,47.35,1633.0,2284.3,2284.3,651.3,39.88,39.88,OVER_PREDICTION,True,True,True,True,True,True,True,True,1. QUALIFIED_5QC_CLEAN_ACTIVE,Pass: Active completion run meeting all 5 QC physical screening gates
GC-31,SA-0033_T,2025-03-12 10:15,Alkhorayef (ACC),538 Series (ACC WE),WE-1500c,WE-1500,130,6916.0,1370.8,1370.8,982.0,2952.0,1970.0,261.0,150.0,56.0,0.9333,64.3,Mauddud (MA),137779.0,1.0958,0.4406,34.39,39.48,1.106,1.0507,160.2,2341.1,1051.1,81.48,1290.0,2228.2,2228.2,938.2,72.73,72.73,OVER_PREDICTION,True,True,True,True,True,True,True,True,1. QUALIFIED_5QC_CLEAN_ACTIVE,Pass: Active completion run meeting all 5 QC physical screening gates
GC-31,SA-0033_T,2025-07-26 10:30,Alkhorayef (ACC),538 Series (ACC WE),WE-1500c,WE-1500,130,6916.0,1506.8,1506.8,942.0,2718.0,1776.0,268.0,140.0,56.0,0.9333,49.8,Mauddud (MA),137779.0,1.0958,0.4266,32.02,36.76,1.103,1.0617,152.6,2491.3,1284.3,106.4,1207.0,2346.6,2346.6,1139.6,94.42,94.42,OVER_PREDICTION,True,True,True,True,True,True,True,True,1. QUALIFIED_5QC_CLEAN_ACTIVE,Pass: Active completion run meeting all 5 QC physical screening gates
GC-31,SA-0033_T,2025-10-02 09:15,Alkhorayef (ACC),538 Series (ACC WE),WE-1500c,WE-1500,130,6916.0,1574.7,1574.7,941.0,2940.0,1999.0,227.0,154.0,56.0,0.9333,53.0,Mauddud (MA),137779.0,1.0958,0.4297,35.78,41.08,1.1029,1.059,152.5,2265.3,1093.3,93.28,1172.0,2139.2,2139.2,967.2,82.53,82.53,OVER_PREDICTION,True,True,True,True,True,True,True,True,1. QUALIFIED_5QC_CLEAN_ACTIVE,Pass: Active completion run meeting all 5 QC physical screening gates
GC-31,SA-0033_T,2026-01-25 08:15,Alkhorayef (ACC),538 Series (ACC WE),WE-1500c,WE-1500,130,6916.0,1689.7,1689.7,1048.0,2973.0,1925.0,234.0,142.0,56.0,0.9333,57.8,Mauddud (MA),137779.0,1.0958,0.4344,34.09,39.14,1.111,1.0584,172.7,2358.1,1066.1,82.52,1292.0,2228.0,2228.0,936.0,72.45,72.45,OVER_PREDICTION,True,True,True,True,True,True,True,True,1. QUALIFIED_5QC_CLEAN_ACTIVE,Pass: Active completion run meeting all 5 QC physical screening gates
GC-31,SA-0033_T,2026-07-04 09:15,Alkhorayef (ACC),538 Series (ACC WE),WE-1500c,WE-1500,130,6916.0,1849.7,1849.7,1025.0,1195.0,170.0,198.0,146.0,56.0,0.9333,61.1,Mauddud (MA),137779.0,1.0958,0.4375,2.99,3.43,1.1092,1.0547,168.3,2585.2,1293.2,100.09,1292.0,2451.1,2451.1,1159.1,89.71,89.71,OVER_PREDICTION,True,True,False,True,True,False,True,False,4. FAILED_LOW_LIFT_THRESHOLD,Failed Gate 3: Low Dynamic Lift (Delta P = 170.0 psi < 250 psi threshold)
GC-31,SA-0097_T,2022-04-04 10:45,Baker Hughes (Centrilift),538 Series (Centrilift Centurion),P23,P23,111,5400.0,1.7,1.7,1790.0,2505.0,715.0,90.0,106.0,50.0,0.8333,90.2,Mauddud (MA),137779.0,1.0958,0.4727,13.63,19.63,1.1733,1.035,323.1,4041.5,1506.5,59.43,2535.0,3904.8,3904.8,1369.8,54.04,54.04,OVER_PREDICTION,True,True,True,True,True,True,True,True,1. QUALIFIED_5QC_CLEAN_ACTIVE,Pass: Active completion run meeting all 5 QC physical screening gates
GC-31,SA-0097_T,2022-04-20 05:15,Baker Hughes (Centrilift),538 Series (Centrilift Centurion),P23,P23,111,5400.0,17.4,17.4,,3002.0,,486.0,151.0,49.0,0.8167,79.1,Mauddud (MA),137779.0,1.0958,0.4611,,,1.1477,1.0467,262.5,,,,2165.0,,,,,,,False,False,False,True,True,False,True,False,7. FAILED_MISSING_TELEMETRY,"Failed Gate 1: Missing Telemetry (PIP=nan, PDP=3002.0)"
GC-31,SA-0097_T,2022-07-23 08:00,Baker Hughes (Centrilift),538 Series (Centrilift Centurion),P23,P23,111,5400.0,111.5,111.5,1359.0,2807.0,1448.0,336.0,148.0,50.0,0.8333,84.6,Mauddud (MA),137779.0,1.0958,0.4668,27.94,40.24,1.1358,1.0378,233.8,2350.5,-5.5,-0.23,2356.0,2264.8,2264.8,-91.2,-3.87,3.87,UNDER_PREDICTION,True,True,True,True,True,True,True,True,1. QUALIFIED_5QC_CLEAN_ACTIVE,Pass: Active completion run meeting all 5 QC physical screening gates
GC-31,SA-0097_T,2022-11-09 08:30,Baker Hughes (Centrilift),538 Series (Centrilift Centurion),P23,P23,111,5400.0,220.6,220.6,1250.0,2756.0,1506.0,396.0,145.0,50.0,0.8333,75.0,Mauddud (MA),137779.0,1.0958,0.4568,29.7,42.77,1.1269,1.0467,212.0,2279.4,134.4,6.27,2145.0,2177.7,2177.7,32.7,1.52,1.52,OVER_PREDICTION,True,True,True,True,True,True,True,True,1. QUALIFIED_5QC_CLEAN_ACTIVE,Pass: Active completion run meeting all 5 QC physical screening gates
GC-31,SA-0097_T,2023-03-07 08:30,Baker Hughes (Centrilift),538 Series (Centrilift Centurion),P23,P23,111,5400.0,338.6,338.6,1153.0,2643.0,1490.0,344.0,146.0,50.0,0.8333,66.1,Mauddud (MA),137779.0,1.0958,0.4475,29.99,43.19,1.1191,1.0536,193.0,2267.2,124.2,5.8,2143.0,2151.9,2151.9,8.9,0.42,0.42,OVER_PREDICTION,True,True,True,True,True,True,True,True,1. QUALIFIED_5QC_CLEAN_ACTIVE,Pass: Active completion run meeting all 5 QC physical screening gates
GC-31,SA-0097_T,2023-06-30 07:30,Baker Hughes (Centrilift),538 Series (Centrilift Centurion),P23,P23,111,5400.0,453.5,453.5,1058.0,2546.0,1488.0,318.6,146.0,50.0,0.8333,55.5,Mauddud (MA),137779.0,1.0958,0.4365,30.71,44.23,1.1117,1.0608,174.6,2235.8,205.2,10.11,2030.6,2107.6,2107.6,77.0,3.79,3.79,OVER_PREDICTION,True,True,True,True,True,True,True,True,1. QUALIFIED_5QC_CLEAN_ACTIVE,Pass: Active completion run meeting all 5 QC physical screening gates
GC-31,SA-0097_T,2023-11-12 06:15,Baker Hughes (Centrilift),538 Series (Centrilift Centurion),P23,P23,111,5400.0,588.5,588.5,1044.0,2522.0,1478.0,312.0,148.0,50.0,0.8333,54.8,Mauddud (MA),137779.0,1.0958,0.4358,30.56,44.01,1.1107,1.061,171.9,2242.6,218.6,10.8,2024.0,2113.7,2113.7,89.7,4.43,4.43,OVER_PREDICTION,True,True,True,True,True,True,True,True,1. QUALIFIED_5QC_CLEAN_ACTIVE,Pass: Active completion run meeting all 5 QC physical screening gates
GC-31,SA-0097_T,2024-03-04 08:30,Baker Hughes (Centrilift),538 Series (Centrilift Centurion),P23,P23,111,5400.0,701.6,701.6,1049.0,2330.0,1281.0,302.0,143.0,50.0,0.8333,44.4,Mauddud (MA),137779.0,1.0958,0.4249,27.16,39.11,1.111,1.0706,172.9,2380.7,532.7,28.83,1848.0,2223.7,2223.7,375.7,20.33,20.33,OVER_PREDICTION,True,True,True,True,True,True,True,True,1. QUALIFIED_5QC_CLEAN_ACTIVE,Pass: Active completion run meeting all 5 QC physical screening gates
GC-31,SA-0097_T,2024-06-10 07:45,Baker Hughes (Centrilift),538 Series (Centrilift Centurion),P23,P23,111,5400.0,799.5,799.5,1236.0,2329.0,1093.0,290.0,147.0,50.0,0.8333,43.2,Mauddud (MA),137779.0,1.0958,0.4237,23.24,33.47,1.1257,1.0801,209.3,4041.5,1913.5,89.92,2128.0,3741.9,3741.9,1613.9,75.84,75.84,OVER_PREDICTION,True,True,True,True,True,True,True,True,1. QUALIFIED_5QC_CLEAN_ACTIVE,Pass: Active completion run meeting all 5 QC physical screening gates
GC-31,SA-0097_T,2024-10-07 07:45,Baker Hughes (Centrilift),538 Series (Centrilift Centurion),P23,P23,111,5400.0,918.5,918.5,1229.0,2295.0,1066.0,281.0,147.0,50.0,0.8333,39.6,Mauddud (MA),137779.0,1.0958,0.4199,22.87,32.94,1.1252,1.0835,207.9,4041.5,1877.5,86.76,2164.0,3729.9,3729.9,1565.9,72.36,72.36,OVER_PREDICTION,True,True,True,True,True,True,True,True,1. QUALIFIED_5QC_CLEAN_ACTIVE,Pass: Active completion run meeting all 5 QC physical screening gates
GC-31,SA-0097_T,2024-11-23 07:30,Baker Hughes (Centrilift),538 Series (Centrilift Centurion),P23,P23,111,5400.0,965.5,965.5,1860.0,2819.0,959.0,394.0,156.0,50.0,0.8333,76.0,Mauddud (MA),137779.0,1.0958,0.4579,18.87,27.17,1.1797,1.0583,338.1,4041.5,1461.5,56.65,2580.0,3818.8,3818.8,1238.8,48.02,48.02,OVER_PREDICTION,True,True,True,True,True,True,True,True,1. QUALIFIED_5QC_CLEAN_ACTIVE,Pass: Active completion run meeting all 5 QC physical screening gates
GC-31,SA-0097_T,2025-03-17 07:45,Baker Hughes (Centrilift),538 Series (Centrilift Centurion),P23,P23,111,5400.0,1079.5,1079.5,1194.0,2376.0,1182.0,295.0,147.0,50.0,0.8333,50.5,Mauddud (MA),137779.0,1.0958,0.4313,24.69,35.56,1.1224,1.0707,201.0,4041.5,1765.5,77.57,2276.0,3774.7,3774.7,1498.7,65.85,65.85,OVER_PREDICTION,True,True,True,True,True,True,True,True,1. QUALIFIED_5QC_CLEAN_ACTIVE,Pass: Active completion run meeting all 5 QC physical screening gates
GC-31,SA-0097_T,2025-07-24 09:00,Baker Hughes (Centrilift),538 Series (Centrilift Centurion),P23,P23,111,5400.0,1208.6,1208.6,1081.0,2370.0,1289.0,265.0,148.0,50.0,0.8333,46.5,Mauddud (MA),137779.0,1.0958,0.4271,27.19,39.16,1.1135,1.07,179.0,2379.4,435.4,22.4,1944.0,2223.7,2223.7,279.7,14.39,14.39,OVER_PREDICTION,True,True,True,True,True,True,True,True,1. QUALIFIED_5QC_CLEAN_ACTIVE,Pass: Active completion run meeting all 5 QC physical screening gates
GC-31,SA-0097_T,2025-10-08 08:15,Baker Hughes (Centrilift),538 Series (Centrilift Centurion),P23,P23,111,5400.0,1284.6,1284.6,1174.0,2508.0,1334.0,301.0,153.0,50.0,0.8333,52.9,Mauddud (MA),137779.0,1.0958,0.4338,27.71,39.91,1.1208,1.0675,197.1,2359.4,388.4,19.71,1971.0,2210.3,2210.3,239.3,12.14,12.14,OVER_PREDICTION,True,True,True,True,True,True,True,True,1. QUALIFIED_5QC_CLEAN_ACTIVE,Pass: Active completion run meeting all 5 QC physical screening gates
GC-31,SA-0097_T,2026-01-26 14:30,Baker Hughes (Centrilift),538 Series (Centrilift Centurion),P23,P23,111,5400.0,1394.8,1394.8,1435.0,2705.0,1270.0,343.0,150.0,50.0,0.8333,69.0,Mauddud (MA),137779.0,1.0958,0.4506,25.39,36.56,1.1422,1.0579,249.2,4041.5,2110.5,109.3,1931.0,3820.4,3820.4,1889.4,97.85,97.85,OVER_PREDICTION,True,True,True,True,True,True,True,True,1. QUALIFIED_5QC_CLEAN_ACTIVE,Pass: Active completion run meeting all 5 QC physical screening gates
GC-31,SA-0097_T,2026-06-06 07:30,Baker Hughes (Centrilift),538 Series (Centrilift Centurion),P23,P23,111,5400.0,1525.5,1525.5,1098.0,2520.0,1422.0,257.0,148.0,50.0,0.8333,64.5,Mauddud (MA),137779.0,1.0958,0.4459,28.73,41.37,1.1148,1.0537,182.3,2319.4,545.4,30.74,1774.0,2201.3,2201.3,427.3,24.09,24.09,OVER_PREDICTION,True,True,True,True,True,True,True,True,1. QUALIFIED_5QC_CLEAN_ACTIVE,Pass: Active completion run meeting all 5 QC physical screening gates
GC-31,SA-0110_T,2021-01-07 08:35,Alkhorayef (ACC),538 Series (ACC WE),WE-1500,WE-1500,137,7300.0,0.0,-736.2,,,,484.6,151.0,56.0,0.9333,68.0,Upper Burgan (UB),199739.0,1.1388,0.4569,,,1.1477,1.0609,262.5,,,,1361.8,,,,,,,False,False,False,True,True,False,False,False,7. FAILED_MISSING_TELEMETRY,"Failed Gate 1: Missing Telemetry (PIP=nan, PDP=nan)"
GC-31,SA-0110_T,2021-04-26 05:30,Alkhorayef (ACC),538 Series (ACC WE),WE-1500,WE-1500,137,7300.0,0.0,-627.3,,,,204.0,153.0,50.0,0.8333,62.0,Upper Burgan (UB),199739.0,1.1388,0.45,,,1.1477,1.0685,262.5,,,,1391.0,,,,,,,False,False,False,True,True,False,False,False,7. FAILED_MISSING_TELEMETRY,"Failed Gate 1: Missing Telemetry (PIP=nan, PDP=nan)"
GC-31,SA-0110_T,2023-02-05 08:15,Alkhorayef (ACC),538 Series (ACC WE),WE-1500,WE-1500,137,7300.0,22.8,22.8,1478.0,3685.0,2207.0,302.0,141.0,50.0,0.8333,75.0,Upper Burgan (UB),199739.0,1.1388,0.4649,34.65,49.9,1.1458,1.0515,258.0,1674.9,632.9,60.74,1042.0,1592.9,1592.9,550.9,52.87,52.87,OVER_PREDICTION,True,True,True,True,True,True,True,True,1. QUALIFIED_5QC_CLEAN_ACTIVE,Pass: Active completion run meeting all 5 QC physical screening gates
GC-31,SA-0110_T,2023-05-27 07:45,Alkhorayef (ACC),538 Series (ACC WE),WE-1500,WE-1500,137,7300.0,133.8,133.8,1232.0,3480.7,2248.7,215.0,147.0,50.0,0.8333,64.0,Upper Burgan (UB),199739.0,1.1388,0.4523,36.29,52.26,1.1254,1.058,208.5,1577.0,657.0,71.41,920.0,1490.6,1490.6,570.6,62.02,62.02,OVER_PREDICTION,True,True,True,True,True,True,True,True,1. QUALIFIED_5QC_CLEAN_ACTIVE,Pass: Active completion run meeting all 5 QC physical screening gates
GC-31,SA-0110_T,2023-08-27 07:30,Alkhorayef (ACC),538 Series (ACC WE),WE-1500,WE-1500,137,7300.0,225.8,225.8,1238.0,3441.0,2203.0,201.0,143.0,50.0,0.8333,60.8,Upper Burgan (UB),199739.0,1.1388,0.4486,35.85,51.63,1.1259,1.0615,209.7,1603.7,719.7,81.41,884.0,1510.8,1510.8,626.8,70.9,70.9,OVER_PREDICTION,True,True,True,True,True,True,True,True,1. QUALIFIED_5QC_CLEAN_ACTIVE,Pass: Active completion run meeting all 5 QC physical screening gates
GC-31,SA-0110_T,2024-04-16 10:00,Alkhorayef (ACC),538 Series (ACC WE),WE-1500,WE-1500,137,7300.0,458.9,458.9,1368.0,3468.0,2100.0,192.0,135.0,48.0,0.8,66.0,Upper Burgan (UB),199739.0,1.1388,0.4546,33.72,52.69,1.1365,1.0596,235.6,1496.4,609.4,68.7,887.0,1412.2,1412.2,525.2,59.21,59.21,OVER_PREDICTION,True,True,True,True,True,True,True,True,1. QUALIFIED_5QC_CLEAN_ACTIVE,Pass: Active completion run meeting all 5 QC physical screening gates
GC-31,SA-0110_T,2024-10-07 11:00,Alkhorayef (ACC),538 Series (ACC WE),WE-1500,WE-1500,137,7300.0,632.9,632.9,1341.0,3426.0,2085.0,229.0,144.0,48.0,0.8,64.2,Upper Burgan (UB),199739.0,1.1388,0.4525,33.63,52.55,1.1343,1.0609,230.2,1502.0,684.7,83.78,817.3,1415.7,1415.7,598.4,73.22,73.22,OVER_PREDICTION,True,True,True,True,True,True,True,True,1. QUALIFIED_5QC_CLEAN_ACTIVE,Pass: Active completion run meeting all 5 QC physical screening gates
GC-31,SA-0110_T,2025-02-22 08:15,Alkhorayef (ACC),538 Series (ACC WE),WE-1500,WE-1500,137,7300.0,770.8,770.8,1549.0,3744.0,2195.0,278.0,136.0,48.0,0.8,63.4,Upper Burgan (UB),199739.0,1.1388,0.4516,35.48,55.44,1.1519,1.0683,272.6,1377.4,929.4,207.46,448.0,1289.4,1289.4,841.4,187.81,187.81,OVER_PREDICTION,True,True,True,True,True,True,True,True,1. QUALIFIED_5QC_CLEAN_ACTIVE,Pass: Active completion run meeting all 5 QC physical screening gates
GC-31,SA-0110_T,2025-06-11 08:15,Alkhorayef (ACC),538 Series (ACC WE),WE-1500,WE-1500,137,7300.0,879.8,879.8,1495.0,3702.0,2207.0,269.0,136.0,48.0,0.8,68.7,Upper Burgan (UB),199739.0,1.1388,0.4577,35.2,55.0,1.1473,1.0598,261.4,1397.3,822.3,143.01,575.0,1318.4,1318.4,743.4,129.29,129.29,OVER_PREDICTION,True,True,True,True,True,True,True,True,1. QUALIFIED_5QC_CLEAN_ACTIVE,Pass: Active completion run meeting all 5 QC physical screening gates
GC-31,SA-0110_T,2025-08-12 10:30,Alkhorayef (ACC),538 Series (ACC WE),WE-1500,WE-1500,137,7300.0,941.9,941.9,1662.0,3850.0,2188.0,325.0,148.0,50.0,0.8333,76.0,Upper Burgan (UB),199739.0,1.1388,0.4661,34.27,49.35,1.1618,1.054,296.1,1697.4,758.4,80.77,939.0,1610.4,1610.4,671.4,71.5,71.5,OVER_PREDICTION,True,True,True,True,True,True,True,True,1. QUALIFIED_5QC_CLEAN_ACTIVE,Pass: Active completion run meeting all 5 QC physical screening gates
GC-31,SA-0110_T,2025-11-10 06:15,Alkhorayef (ACC),538 Series (ACC WE),WE-1500,WE-1500,137,7300.0,1031.7,1031.7,1735.0,3914.0,2179.0,249.0,125.0,49.0,0.8167,71.8,Upper Burgan (UB),199739.0,1.1388,0.4612,34.48,51.69,1.1683,1.0618,311.4,1569.3,844.3,116.46,725.0,1477.9,1477.9,752.9,103.85,103.85,OVER_PREDICTION,True,True,True,True,True,True,True,True,1. QUALIFIED_5QC_CLEAN_ACTIVE,Pass: Active completion run meeting all 5 QC physical screening gates
GC-31,SA-0110_T,2026-03-15 10:30,Alkhorayef (ACC),538 Series (ACC WE),WE-1500,WE-1500,137,7300.0,1156.9,1156.9,1756.0,3981.0,2225.0,426.0,132.0,49.0,0.8167,70.5,Upper Burgan (UB),199739.0,1.1388,0.4597,35.33,52.97,1.1702,1.0643,315.9,1515.6,997.6,192.59,518.0,1424.0,1424.0,906.0,174.9,174.9,OVER_PREDICTION,True,True,True,True,True,True,True,True,1. QUALIFIED_5QC_CLEAN_ACTIVE,Pass: Active completion run meeting all 5 QC physical screening gates
GC-31,SA-0116HST1_T,2022-03-25 09:00,Alkhorayef (ACC),400/538 Series (Summit WD),WD-3000c,WG-4000,354,6750.0,0.0,-1416.9,3432.0,3432.0,0.0,339.0,154.0,45.0,0.75,90.8,Mauddud (MA),137779.0,1.0958,0.4733,,,1.1848,1.0352,350.0,,,,3457.0,,,,,,,True,False,False,True,True,False,False,False,3. FAILED_ZERO_NEGATIVE_LIFT,"Failed Gate 2: Negative/Zero Lift (PDP=3432.0 <= PIP=3432.0, dP=0.0 psi)"
GC-31,SA-0116HST1_T,2022-06-28 11:00,Alkhorayef (ACC),400/538 Series (Summit WD),WD-3000c,WG-4000,354,6750.0,0.0,-1321.8,,3441.0,,416.0,154.0,45.0,0.75,90.0,Mauddud (MA),137779.0,1.0958,0.4725,,,1.1477,1.0328,262.5,,,,3159.0,,,,,,,False,False,False,True,True,False,False,False,7. FAILED_MISSING_TELEMETRY,"Failed Gate 1: Missing Telemetry (PIP=nan, PDP=3441.0)"
GC-31,SA-0116HST1_T,2022-11-17 07:15,Alkhorayef (ACC),400/538 Series (Summit WD),WD-3000c,WG-4000,354,6750.0,0.0,-1180.0,1912.0,3502.0,1590.0,397.0,154.0,45.0,0.75,88.7,Mauddud (MA),137779.0,1.0958,0.4711,9.53,16.94,1.1845,1.0386,349.2,4657.7,1982.7,74.12,2675.0,4484.7,4484.7,1809.7,67.65,67.65,OVER_PREDICTION,True,True,True,True,True,True,False,False,2. QUALIFIED_5QC_HISTORICAL_RUN,Pass 5 QC Gates (Historical Completion Run: Days = -1180.0)
GC-31,SA-0116HST1_T,2023-03-04 08:15,Alkhorayef (ACC),400/538 Series (Summit WD),WD-3000c,WG-4000,354,6750.0,0.0,-1072.9,1754.0,3504.0,1750.0,394.0,144.0,45.0,0.75,84.0,Mauddud (MA),137779.0,1.0958,0.4662,10.6,18.84,1.17,1.044,315.5,4550.6,1953.6,75.23,2597.0,4358.8,4358.8,1761.8,67.84,67.84,OVER_PREDICTION,True,True,True,True,True,True,False,False,2. QUALIFIED_5QC_HISTORICAL_RUN,Pass 5 QC Gates (Historical Completion Run: Days = -1072.9)
GC-31,SA-0116HST1_T,2023-06-30 07:00,Alkhorayef (ACC),400/538 Series (Summit WD),WD-3000c,WG-4000,354,6750.0,0.0,-955.0,1654.0,3492.0,1838.0,363.0,151.0,45.0,0.75,95.4,Mauddud (MA),137779.0,1.0958,0.4781,10.86,19.31,1.1611,1.0265,294.4,4523.4,2503.4,123.93,2020.0,4406.7,4406.7,2386.7,118.15,118.15,OVER_PREDICTION,True,True,True,True,True,True,False,False,2. QUALIFIED_5QC_HISTORICAL_RUN,Pass 5 QC Gates (Historical Completion Run: Days = -955.0)
GC-31,SA-0116HST1_T,2023-09-26 08:15,Alkhorayef (ACC),400/538 Series (Summit WD),WD-3000c,WG-4000,354,6750.0,0.0,-866.9,2461.0,3155.0,694.0,306.3,143.3,45.0,0.75,92.2,Mauddud (MA),137779.0,1.0958,0.4747,4.13,7.34,1.1848,1.0329,350.0,4837.5,3405.4,237.79,1432.1,4683.6,4683.6,3251.5,227.04,227.04,OVER_PREDICTION,True,True,True,True,True,True,False,False,2. QUALIFIED_5QC_HISTORICAL_RUN,Pass 5 QC Gates (Historical Completion Run: Days = -866.9)
GC-31,SA-0116HST1_T,2023-12-21 09:00,Alkhorayef (ACC),400/538 Series (Summit WD),WD-3000c,WG-4000,354,6750.0,0.0,-780.9,2812.0,3235.0,423.0,361.0,168.0,45.0,0.75,98.1,Mauddud (MA),137779.0,1.0958,0.4809,2.48,4.41,1.1848,1.0231,350.0,4837.5,2791.5,136.44,2046.0,4728.1,4728.1,2682.1,131.09,131.09,OVER_PREDICTION,True,True,True,True,False,False,False,False,6. FAILED_EXCESSIVE_WATER_CUT,Failed Gate 5: Excessive Water Cut (WC = 98.1% > 98.0% threshold)
GC-31,SA-0116HST1_T,2024-04-03 09:00,Alkhorayef (ACC),400/538 Series (Summit WD),WD-3000c,WG-4000,354,6750.0,0.0,-676.9,2839.0,3246.0,407.0,335.0,155.0,45.0,0.75,93.4,Mauddud (MA),137779.0,1.0958,0.476,2.42,4.3,1.1848,1.0309,350.0,4837.5,2658.5,122.01,2179.0,4692.6,4692.6,2513.6,115.36,115.36,OVER_PREDICTION,True,True,True,True,True,True,False,False,2. QUALIFIED_5QC_HISTORICAL_RUN,Pass 5 QC Gates (Historical Completion Run: Days = -676.9)
GC-31,SA-0116HST1_T,2025-07-30 06:15,Alkhorayef (ACC),400/538 Series (Summit WD),WD-3000c,WG-4000,354,6750.0,0.0,-194.0,1762.0,3685.0,1923.0,396.0,167.0,45.0,0.75,90.6,Mauddud (MA),137779.0,1.0958,0.4731,11.48,20.41,1.1707,1.0342,317.2,4458.4,133.4,3.08,4325.0,4311.1,4311.1,-13.9,-0.32,0.32,UNDER_PREDICTION,True,True,True,True,True,True,False,False,2. QUALIFIED_5QC_HISTORICAL_RUN,Pass 5 QC Gates (Historical Completion Run: Days = -194.0)
GC-31,SA-0116HST1_T,2026-03-06 07:00,Alkhorayef (ACC),400/538 Series (Summit WD),WD-3000c,WG-4000,354,6750.0,25.0,25.0,2222.0,3820.0,1598.0,591.0,152.0,45.0,0.75,100.0,Mauddud (MA),137779.0,1.0958,0.4829,9.35,16.62,1.1848,1.02,350.0,4675.4,2084.4,80.45,2591.0,4583.7,4583.7,1992.7,76.91,76.91,OVER_PREDICTION,True,True,True,True,False,False,True,False,6. FAILED_EXCESSIVE_WATER_CUT,Failed Gate 5: Excessive Water Cut (WC = 100.0% > 98.0% threshold)
GC-31,SA-0159_T,2021-08-30 08:00,Halliburton / Summit ESP,400 Series (Summit SF),SF900,SF900,370,7250.0,0.0,-1583.0,,,,114.0,131.0,50.0,0.8333,26.8,Upper Burgan (UB),199739.0,1.1388,0.4066,,,1.1477,1.1135,262.5,,,,1582.0,,,,,,,False,False,False,True,True,False,False,False,7. FAILED_MISSING_TELEMETRY,"Failed Gate 1: Missing Telemetry (PIP=nan, PDP=nan)"
GC-31,SA-0159_T,2021-10-14 08:45,Halliburton / Summit ESP,400 Series (Summit SF),SF900,SF900,370,7250.0,0.0,-1537.9,804.0,,,211.0,134.0,50.0,0.8333,33.0,Upper Burgan (UB),199739.0,1.1388,0.413,,,1.0929,1.0689,127.2,,,,1350.0,,,,,,,False,False,False,True,True,False,False,False,7. FAILED_MISSING_TELEMETRY,"Failed Gate 1: Missing Telemetry (PIP=804.0, PDP=nan)"
GC-31,SA-0159_T,2022-01-26 08:15,Halliburton / Summit ESP,400 Series (Summit SF),SF900,SF900,370,7250.0,0.0,-1433.9,886.0,,,208.0,138.0,50.0,0.8333,42.9,Upper Burgan (UB),199739.0,1.1388,0.4234,,,1.0988,1.065,142.2,,,,1629.0,,,,,,,False,False,False,True,True,False,False,False,7. FAILED_MISSING_TELEMETRY,"Failed Gate 1: Missing Telemetry (PIP=886.0, PDP=nan)"
GC-31,SA-0159_T,2022-04-05 05:30,Halliburton / Summit ESP,400 Series (Summit SF),SF900,SF900,370,7250.0,0.0,-1365.1,981.0,2956.0,1975.0,194.0,146.0,56.0,0.9333,45.0,Upper Burgan (UB),199739.0,1.1388,0.4255,12.54,14.4,1.1059,1.0672,160.0,1232.0,-508.0,-29.2,1740.0,1154.4,1154.4,-585.6,-33.66,33.66,UNDER_PREDICTION,True,True,True,True,True,True,False,False,2. QUALIFIED_5QC_HISTORICAL_RUN,Pass 5 QC Gates (Historical Completion Run: Days = -1365.1)
GC-31,SA-0159_T,2022-05-30 08:30,Halliburton / Summit ESP,400 Series (Summit SF),SF900,SF900,370,7250.0,0.0,-1309.9,1031.0,3055.7,2024.7,206.8,148.6,56.0,0.9333,46.3,Upper Burgan (UB),199739.0,1.1388,0.4269,12.82,14.72,1.1097,1.0682,169.5,1232.0,-428.2,-25.79,1660.2,1153.4,1153.4,-506.8,-30.53,30.53,UNDER_PREDICTION,True,True,True,True,True,True,False,False,2. QUALIFIED_5QC_HISTORICAL_RUN,Pass 5 QC Gates (Historical Completion Run: Days = -1309.9)
GC-31,SA-0159_T,2022-09-08 09:00,Halliburton / Summit ESP,400 Series (Summit SF),SF900,SF900,370,7250.0,0.0,-1208.9,1112.0,3250.7,2138.7,273.0,146.0,55.0,0.9167,55.1,Upper Burgan (UB),199739.0,1.1388,0.4361,13.26,15.78,1.1159,1.0631,185.0,1210.0,116.0,10.6,1094.0,1138.2,1138.2,44.2,4.04,4.04,OVER_PREDICTION,True,True,True,True,True,True,False,False,2. QUALIFIED_5QC_HISTORICAL_RUN,Pass 5 QC Gates (Historical Completion Run: Days = -1208.9)
GC-31,SA-0159_T,2023-01-04 08:15,Halliburton / Summit ESP,400 Series (Summit SF),SF900,SF900,370,7250.0,0.0,-1090.9,1220.0,3328.7,2108.7,259.0,134.0,53.0,0.8833,64.8,Upper Burgan (UB),199739.0,1.1388,0.4462,12.77,16.37,1.1245,1.0568,206.1,1166.0,-246.0,-17.42,1412.0,1103.4,1103.4,-308.6,-21.86,21.86,UNDER_PREDICTION,True,True,True,True,True,True,False,False,2. QUALIFIED_5QC_HISTORICAL_RUN,Pass 5 QC Gates (Historical Completion Run: Days = -1090.9)
GC-31,SA-0159_T,2023-03-30 04:15,Halliburton / Summit ESP,400 Series (Summit SF),SF900,SF900,370,7250.0,0.0,-1006.1,1339.0,3344.0,2005.0,247.0,141.0,53.0,0.8833,60.7,Upper Burgan (UB),199739.0,1.1388,0.4419,12.26,15.71,1.1341,1.0649,229.8,1166.0,-139.0,-10.65,1305.0,1095.0,1095.0,-210.0,-16.09,16.09,UNDER_PREDICTION,True,True,True,True,True,True,False,False,2. QUALIFIED_5QC_HISTORICAL_RUN,Pass 5 QC Gates (Historical Completion Run: Days = -1006.1)
GC-31,SA-0159_T,2023-06-28 07:15,Halliburton / Summit ESP,400 Series (Summit SF),SF900,SF900,370,7250.0,0.0,-916.0,1484.0,3385.7,1901.7,206.0,156.0,50.0,0.8333,73.0,Upper Burgan (UB),199739.0,1.1388,0.4547,11.3,16.27,1.1463,1.0541,259.2,1100.0,169.0,18.15,931.0,1043.5,1043.5,112.5,12.08,12.08,OVER_PREDICTION,True,True,True,True,True,True,False,False,2. QUALIFIED_5QC_HISTORICAL_RUN,Pass 5 QC Gates (Historical Completion Run: Days = -916.0)
GC-31,SA-0159_T,2024-03-30 05:00,Halliburton / Summit ESP,400 Series (Summit SF),SF900,SF900,370,7250.0,0.0,-640.1,913.0,3325.0,2412.0,212.0,140.0,50.0,0.8333,61.1,Upper Burgan (UB),199739.0,1.1388,0.4423,14.74,21.23,1.1008,1.0514,147.2,1100.0,-410.0,-27.15,1510.0,1046.2,1046.2,-463.8,-30.72,30.72,UNDER_PREDICTION,True,True,True,True,True,True,False,False,2. QUALIFIED_5QC_HISTORICAL_RUN,Pass 5 QC Gates (Historical Completion Run: Days = -640.1)
GC-31,SA-0159_T,2024-04-20 10:30,Halliburton / Summit ESP,400 Series (Summit SF),SF900,SF900,370,7250.0,0.0,-618.9,494.0,2963.0,2469.0,175.0,112.0,50.0,0.8333,11.6,Upper Burgan (UB),199739.0,1.1388,0.3907,17.08,24.6,1.0722,1.0661,73.3,1100.0,754.0,217.92,346.0,1031.8,1031.8,685.8,198.21,198.21,OVER_PREDICTION,True,True,True,True,True,True,False,False,2. QUALIFIED_5QC_HISTORICAL_RUN,Pass 5 QC Gates (Historical Completion Run: Days = -618.9)
GC-31,SA-0159_T,2024-09-21 08:15,Halliburton / Summit ESP,400 Series (Summit SF),SF900,SF900,370,7250.0,0.0,-464.9,857.0,2930.0,2073.0,189.0,99.0,48.0,0.8,9.4,Upper Burgan (UB),199739.0,1.1388,0.3884,14.42,22.53,1.0967,1.0895,136.9,1056.0,755.0,250.83,301.0,969.2,969.2,668.2,221.99,221.99,OVER_PREDICTION,True,True,True,True,True,True,False,False,2. QUALIFIED_5QC_HISTORICAL_RUN,Pass 5 QC Gates (Historical Completion Run: Days = -464.9)
GC-31,SA-0159_T,2024-12-15 08:30,Halliburton / Summit ESP,400 Series (Summit SF),SF900,SF900,370,7250.0,0.0,-379.9,674.0,2979.0,2305.0,225.0,90.0,51.0,0.85,9.6,Upper Burgan (UB),199739.0,1.1388,0.3886,16.03,22.19,1.0839,1.0778,104.0,1122.0,872.0,348.8,250.0,1041.0,1041.0,791.0,316.4,316.4,OVER_PREDICTION,True,True,True,True,True,True,False,False,2. QUALIFIED_5QC_HISTORICAL_RUN,Pass 5 QC Gates (Historical Completion Run: Days = -379.9)
GC-31,SA-0159_T,2025-08-23 07:00,Halliburton / Summit ESP,400 Series (Summit SF),SF900,SF900,370,7250.0,0.0,-129.0,673.0,2927.0,2254.0,214.0,110.0,51.0,0.85,7.0,Upper Burgan (UB),199739.0,1.1388,0.3859,15.78,21.84,1.0839,1.0794,103.8,1122.0,753.0,204.07,369.0,1039.5,1039.5,670.5,181.71,181.71,OVER_PREDICTION,True,True,True,True,True,True,False,False,2. QUALIFIED_5QC_HISTORICAL_RUN,Pass 5 QC Gates (Historical Completion Run: Days = -129.0)
GC-31,SA-0159_T,2026-02-03 15:45,Halliburton / Summit ESP,400 Series (Summit SF),SF900,SF900,370,7250.0,35.4,35.4,2141.0,4180.0,2039.0,622.0,144.0,45.0,0.75,94.2,Upper Burgan (UB),199739.0,1.1388,0.4768,11.56,20.55,1.1848,1.0296,350.0,990.0,67.0,7.26,923.0,961.6,961.6,38.6,4.18,4.18,OVER_PREDICTION,True,True,True,True,True,True,True,True,1. QUALIFIED_5QC_CLEAN_ACTIVE,Pass: Active completion run meeting all 5 QC physical screening gates
GC-31,SA-0159_T,2026-06-06 10:45,Halliburton / Summit ESP,400 Series (Summit SF),SF900,SF900,370,7250.0,158.2,158.2,1957.0,2631.0,674.0,604.0,156.0,45.0,0.75,98.9,Upper Burgan (UB),199739.0,1.1388,0.4817,3.78,6.72,1.1848,1.0218,350.0,990.0,56.0,6.0,934.0,968.9,968.9,34.9,3.74,3.74,OVER_PREDICTION,True,True,True,True,False,False,True,False,6. FAILED_EXCESSIVE_WATER_CUT,Failed Gate 5: Excessive Water Cut (WC = 98.9% > 98.0% threshold)
GC-31,SA-0162_T,2021-01-25 08:30,REDA (Schlumberger),400 Series (REDA D),D1150N,D1150N,157,7261.0,1416.1,1416.1,1734.0,,,301.0,133.0,50.0,0.8333,42.9,Mauddud (MA),137779.0,1.0958,0.4234,,,1.1682,1.1046,311.2,,,,1032.0,,,,,,,False,False,False,True,True,False,True,False,7. FAILED_MISSING_TELEMETRY,"Failed Gate 1: Missing Telemetry (PIP=1734.0, PDP=nan)"
GC-31,SA-0162_T,2021-06-09 06:15,REDA (Schlumberger),400 Series (REDA D),D1150N,D1150N,157,7261.0,1551.0,1551.0,1612.0,,,269.0,138.0,50.0,0.8333,43.0,Mauddud (MA),137779.0,1.0958,0.4235,,,1.1574,1.0983,285.6,,,,1066.0,,,,,,,False,False,False,True,True,False,True,False,7. FAILED_MISSING_TELEMETRY,"Failed Gate 1: Missing Telemetry (PIP=1612.0, PDP=nan)"
GC-31,SA-0162_T,2021-09-08 09:00,REDA (Schlumberger),400 Series (REDA D),D1150N,D1150N,157,7261.0,1642.1,1642.1,1524.0,3147.0,1623.0,300.0,136.0,50.0,0.8333,50.6,Mauddud (MA),137779.0,1.0958,0.4314,23.96,34.51,1.1497,1.0841,267.4,1009.7,104.7,11.57,905.0,931.4,931.4,26.4,2.92,2.92,OVER_PREDICTION,True,True,True,True,True,True,True,True,1. QUALIFIED_5QC_CLEAN_ACTIVE,Pass: Active completion run meeting all 5 QC physical screening gates
GC-31,SA-0162_T,2021-11-15 09:05,REDA (Schlumberger),400 Series (REDA D),D1150N,D1150N,157,7261.0,1710.1,1710.1,1550.0,,,314.3,136.8,52.0,0.8667,54.7,Mauddud (MA),137779.0,1.0958,0.4357,,,1.152,1.0798,272.8,,,,985.6,,,,,,,False,False,False,True,True,False,True,False,7. FAILED_MISSING_TELEMETRY,"Failed Gate 1: Missing Telemetry (PIP=1550.0, PDP=nan)"
GC-31,SA-0162_T,2022-02-28 08:45,REDA (Schlumberger),400 Series (REDA D),D1150N,D1150N,157,7261.0,1815.1,1815.1,1687.0,,,288.6,135.9,52.0,0.8667,60.7,Mauddud (MA),137779.0,1.0958,0.4419,,,1.164,1.0766,301.3,,,,802.8,,,,,,,False,False,False,True,True,False,True,False,7. FAILED_MISSING_TELEMETRY,"Failed Gate 1: Missing Telemetry (PIP=1687.0, PDP=nan)"
GC-31,SA-0162_T,2022-05-29 09:00,REDA (Schlumberger),400 Series (REDA D),D1150N,D1150N,157,7261.0,1905.1,1905.1,1770.0,3350.0,1580.0,320.0,142.0,52.0,0.8667,55.5,Mauddud (MA),137779.0,1.0958,0.4365,23.06,30.7,1.1715,1.0874,318.9,1171.5,34.5,3.03,1137.0,1077.3,1077.3,-59.7,-5.25,5.25,UNDER_PREDICTION,True,True,True,True,True,True,True,True,1. QUALIFIED_5QC_CLEAN_ACTIVE,Pass: Active completion run meeting all 5 QC physical screening gates
GC-31,SA-0162_T,2022-08-13 08:00,REDA (Schlumberger),400 Series (REDA D),D1150N,D1150N,157,7261.0,1981.0,1981.0,1947.0,3302.7,1355.7,292.0,140.0,52.0,0.8667,74.6,Mauddud (MA),137779.0,1.0958,0.4564,18.92,25.19,1.1848,1.0619,350.0,1308.3,137.3,11.73,1171.0,1232.1,1232.1,61.1,5.22,5.22,OVER_PREDICTION,True,True,True,True,True,True,True,True,1. QUALIFIED_5QC_CLEAN_ACTIVE,Pass: Active completion run meeting all 5 QC physical screening gates
GC-31,SA-0162_T,2022-12-07 11:45,REDA (Schlumberger),400 Series (REDA D),D1150N,D1150N,157,7261.0,2097.2,2097.2,1786.0,3510.7,1724.7,377.0,134.0,52.0,0.8667,72.9,Mauddud (MA),137779.0,1.0958,0.4546,24.16,32.16,1.1729,1.0614,322.3,1128.6,-44.4,-3.79,1173.0,1063.3,1063.3,-109.7,-9.35,9.35,UNDER_PREDICTION,True,True,True,True,True,True,True,True,1. QUALIFIED_5QC_CLEAN_ACTIVE,Pass: Active completion run meeting all 5 QC physical screening gates
GC-31,SA-0162_T,2023-03-16 09:15,REDA (Schlumberger),400 Series (REDA D),D1150N,D1150N,157,7261.0,2196.1,2196.1,1864.0,3450.7,1586.7,321.0,144.0,52.0,0.8667,74.5,Mauddud (MA),137779.0,1.0958,0.4563,22.15,29.49,1.18,1.0608,338.9,1204.7,4.7,0.39,1200.0,1135.6,1135.6,-64.4,-5.37,5.37,UNDER_PREDICTION,True,True,True,True,True,True,True,True,1. QUALIFIED_5QC_CLEAN_ACTIVE,Pass: Active completion run meeting all 5 QC physical screening gates
GC-31,SA-0162_T,2023-06-28 07:00,REDA (Schlumberger),400 Series (REDA D),D1150N,D1150N,157,7261.0,2300.0,2300.0,1607.0,3339.7,1732.7,289.0,142.0,52.0,0.8667,73.2,Mauddud (MA),137779.0,1.0958,0.4549,24.26,32.3,1.157,1.0567,284.6,1124.2,286.2,34.15,838.0,1063.9,1063.9,225.9,26.96,26.96,OVER_PREDICTION,True,True,True,True,True,True,True,True,1. QUALIFIED_5QC_CLEAN_ACTIVE,Pass: Active completion run meeting all 5 QC physical screening gates
GC-31,SA-0162_T,2023-11-10 07:45,REDA (Schlumberger),400 Series (REDA D),D1150N,D1150N,157,7261.0,2435.0,2435.0,1588.0,3612.0,2024.0,303.0,140.0,52.0,0.8667,79.6,Mauddud (MA),137779.0,1.0958,0.4616,27.93,37.18,1.1553,1.0476,280.6,940.9,121.9,14.88,819.0,898.1,898.1,79.1,9.66,9.66,OVER_PREDICTION,True,True,True,True,True,True,True,True,1. QUALIFIED_5QC_CLEAN_ACTIVE,Pass: Active completion run meeting all 5 QC physical screening gates
GC-31,SA-0162_T,2024-01-13 09:00,REDA (Schlumberger),400 Series (REDA D),D1150N,D1150N,157,7261.0,2499.1,2499.1,1676.0,3269.0,1593.0,145.0,132.0,52.0,0.8667,75.5,Mauddud (MA),137779.0,1.0958,0.4573,22.19,29.54,1.163,1.055,299.0,1203.4,136.4,12.78,1067.0,1140.6,1140.6,73.6,6.9,6.9,OVER_PREDICTION,True,True,True,True,True,True,True,True,1. QUALIFIED_5QC_CLEAN_ACTIVE,Pass: Active completion run meeting all 5 QC physical screening gates
GC-31,SA-0162_T,2024-04-17 08:15,REDA (Schlumberger),400 Series (REDA D),D1150N,D1150N,157,7261.0,2594.1,2594.1,1555.0,3285.0,1730.0,269.0,151.0,52.0,0.8667,80.2,Mauddud (MA),137779.0,1.0958,0.4622,23.84,31.74,1.1524,1.0462,273.8,1141.4,87.4,8.29,1054.0,1091.0,1091.0,37.0,3.51,3.51,OVER_PREDICTION,True,True,True,True,True,True,True,True,1. QUALIFIED_5QC_CLEAN_ACTIVE,Pass: Active completion run meeting all 5 QC physical screening gates
GC-31,SA-0162_T,2024-09-27 08:30,REDA (Schlumberger),400 Series (REDA D),D1150N,D1150N,157,7261.0,2757.1,2757.1,1564.0,3280.0,1716.0,226.0,114.0,52.0,0.8667,63.0,Mauddud (MA),137779.0,1.0958,0.4443,24.6,32.75,1.1532,1.0693,275.7,1110.0,-15.0,-1.33,1125.0,1038.1,1038.1,-86.9,-7.72,7.72,UNDER_PREDICTION,True,True,True,True,True,True,True,True,1. QUALIFIED_5QC_CLEAN_ACTIVE,Pass: Active completion run meeting all 5 QC physical screening gates
GC-31,SA-0162_T,2024-12-28 08:45,REDA (Schlumberger),400 Series (REDA D),D1150N,D1150N,157,7261.0,2849.1,2849.1,1546.0,3385.0,1839.0,312.0,143.0,52.0,0.8667,83.3,Mauddud (MA),137779.0,1.0958,0.4655,25.16,33.49,1.1516,1.042,271.9,1085.7,-22.3,-2.01,1108.0,1042.0,1042.0,-66.0,-5.96,5.96,UNDER_PREDICTION,True,True,True,True,True,True,True,True,1. QUALIFIED_5QC_CLEAN_ACTIVE,Pass: Active completion run meeting all 5 QC physical screening gates
GC-31,SA-0162_T,2025-06-19 08:30,REDA (Schlumberger),400 Series (REDA D),D1150N,D1150N,157,7261.0,3022.1,3022.1,1421.0,3373.0,1952.0,312.0,142.0,52.0,0.8667,61.4,Mauddud (MA),137779.0,1.0958,0.4426,28.09,37.4,1.141,1.0667,246.3,930.3,-99.7,-9.68,1030.0,872.1,872.1,-157.9,-15.33,15.33,UNDER_PREDICTION,True,True,True,True,True,True,True,True,1. QUALIFIED_5QC_CLEAN_ACTIVE,Pass: Active completion run meeting all 5 QC physical screening gates
GC-31,SA-0162_T,2025-09-27 06:00,REDA (Schlumberger),400 Series (REDA D),D1150N,D1150N,157,7261.0,3122.0,3122.0,1412.0,3398.0,1986.0,320.0,139.0,52.0,0.8667,80.0,Mauddud (MA),137779.0,1.0958,0.462,27.38,36.45,1.1402,1.044,244.5,973.7,-47.3,-4.63,1021.0,932.6,932.6,-88.4,-8.66,8.66,UNDER_PREDICTION,True,True,True,True,True,True,True,True,1. QUALIFIED_5QC_CLEAN_ACTIVE,Pass: Active completion run meeting all 5 QC physical screening gates
GC-31,SA-0162_T,2026-01-15 08:15,REDA (Schlumberger),400 Series (REDA D),D1150N,D1150N,157,7261.0,3232.1,3232.1,1499.0,3876.0,2377.0,244.0,128.0,52.0,0.8667,80.2,Mauddud (MA),137779.0,1.0958,0.4622,32.75,43.6,1.1476,1.0453,262.3,173.3,-365.7,-67.85,539.0,165.8,165.8,-373.2,-69.24,69.24,UNDER_PREDICTION,True,True,True,True,True,True,True,True,1. QUALIFIED_5QC_CLEAN_ACTIVE,Pass: Active completion run meeting all 5 QC physical screening gates
GC-31,SA-0168_T,2021-01-12 01:00,Alkhorayef (ACC),538 Series (ACC WE),WE-3600,WE-3600,69,7800.0,2.4,2.4,2786.0,,,225.0,141.0,50.0,0.8333,84.8,Lower Burgan Lower (LBL),218471.0,1.1518,0.467,,,1.1848,1.0451,350.0,,,,3395.0,,,,,,,False,False,False,True,True,False,True,False,7. FAILED_MISSING_TELEMETRY,"Failed Gate 1: Missing Telemetry (PIP=2786.0, PDP=nan)"
GC-31,SA-0168_T,2021-01-25 13:00,Alkhorayef (ACC),538 Series (ACC WE),WE-3600,WE-3600,69,7800.0,15.9,15.9,2763.0,,,247.0,150.0,50.0,0.8333,72.0,Lower Burgan Lower (LBL),218471.0,1.1518,0.4537,,,1.1848,1.0661,350.0,,,,3278.0,,,,,,,False,False,False,True,True,False,True,False,7. FAILED_MISSING_TELEMETRY,"Failed Gate 1: Missing Telemetry (PIP=2763.0, PDP=nan)"
GC-31,SA-0168_T,2021-05-29 08:15,Alkhorayef (ACC),538 Series (ACC WE),WE-3600,WE-3600,69,7800.0,139.7,139.7,2860.0,,,294.0,162.0,50.0,0.8333,92.0,Lower Burgan Lower (LBL),218471.0,1.1518,0.4745,,,1.1848,1.0332,350.0,,,,3241.0,,,,,,,False,False,False,True,True,False,True,False,7. FAILED_MISSING_TELEMETRY,"Failed Gate 1: Missing Telemetry (PIP=2860.0, PDP=nan)"
GC-31,SA-0168_T,2021-10-14 09:15,Alkhorayef (ACC),538 Series (ACC WE),WE-3600,WE-3600,69,7800.0,277.8,277.8,2876.0,,,261.0,164.0,50.0,0.8333,90.0,Lower Burgan Lower (LBL),218471.0,1.1518,0.4725,,,1.1848,1.0365,350.0,,,,3401.0,,,,,,,False,False,False,True,True,False,True,False,7. FAILED_MISSING_TELEMETRY,"Failed Gate 1: Missing Telemetry (PIP=2876.0, PDP=nan)"
GC-31,SA-0168_T,2022-02-07 09:45,Alkhorayef (ACC),538 Series (ACC WE),WE-3600,WE-3600,69,7800.0,393.8,393.8,,,,258.0,157.0,50.0,0.8333,83.1,Lower Burgan Lower (LBL),218471.0,1.1518,0.4653,,,1.1477,1.0416,262.5,,,,3033.0,,,,,,,False,False,False,True,True,False,True,False,7. FAILED_MISSING_TELEMETRY,"Failed Gate 1: Missing Telemetry (PIP=nan, PDP=nan)"
GC-31,SA-0168_T,2022-05-27 09:30,Alkhorayef (ACC),538 Series (ACC WE),WE-3600,WE-3600,69,7800.0,502.8,502.8,2777.0,3677.0,900.0,246.0,162.0,50.0,0.8333,86.2,Lower Burgan Lower (LBL),218471.0,1.1518,0.4685,27.84,40.09,1.1848,1.0427,350.0,3530.1,270.1,8.29,3260.0,3385.4,3385.4,125.4,3.85,3.85,OVER_PREDICTION,True,True,True,True,True,True,True,True,1. QUALIFIED_5QC_CLEAN_ACTIVE,Pass: Active completion run meeting all 5 QC physical screening gates
GC-31,SA-0168_T,2022-09-27 08:45,Alkhorayef (ACC),538 Series (ACC WE),WE-3600,WE-3600,69,7800.0,625.8,625.8,2809.0,3776.0,967.0,311.0,162.0,50.0,0.8333,85.0,Lower Burgan Lower (LBL),218471.0,1.1518,0.4672,29.99,43.19,1.1848,1.0447,350.0,3370.6,261.6,8.41,3109.0,3226.3,3226.3,117.3,3.77,3.77,OVER_PREDICTION,True,True,True,True,True,True,True,True,1. QUALIFIED_5QC_CLEAN_ACTIVE,Pass: Active completion run meeting all 5 QC physical screening gates
GC-31,SA-0168_T,2023-01-24 08:15,Alkhorayef (ACC),538 Series (ACC WE),WE-3600,WE-3600,69,7800.0,744.7,744.7,2808.0,3719.0,911.0,304.0,163.0,50.0,0.8333,83.1,Lower Burgan Lower (LBL),218471.0,1.1518,0.4653,28.38,40.87,1.1848,1.0479,350.0,3491.4,326.4,10.31,3165.0,3332.0,3332.0,167.0,5.28,5.28,OVER_PREDICTION,True,True,True,True,True,True,True,True,1. QUALIFIED_5QC_CLEAN_ACTIVE,Pass: Active completion run meeting all 5 QC physical screening gates
GC-31,SA-0168_T,2023-05-12 07:30,Alkhorayef (ACC),538 Series (ACC WE),WE-3600,WE-3600,69,7800.0,852.7,852.7,2788.0,3714.0,926.0,309.0,163.0,50.0,0.8333,86.0,Lower Burgan Lower (LBL),218471.0,1.1518,0.4683,28.66,41.27,1.1848,1.0431,350.0,3471.4,326.4,10.38,3145.0,3328.1,3328.1,183.1,5.82,5.82,OVER_PREDICTION,True,True,True,True,True,True,True,True,1. QUALIFIED_5QC_CLEAN_ACTIVE,Pass: Active completion run meeting all 5 QC physical screening gates
GC-31,SA-0168_T,2023-08-31 08:30,Alkhorayef (ACC),538 Series (ACC WE),WE-3600,WE-3600,69,7800.0,963.8,963.8,2765.0,3677.0,912.0,285.0,160.0,50.0,0.8333,84.0,Lower Burgan Lower (LBL),218471.0,1.1518,0.4662,28.35,40.83,1.1848,1.0464,350.0,3493.4,358.4,11.43,3135.0,3338.6,3338.6,203.6,6.49,6.49,OVER_PREDICTION,True,True,True,True,True,True,True,True,1. QUALIFIED_5QC_CLEAN_ACTIVE,Pass: Active completion run meeting all 5 QC physical screening gates
GC-31,SA-0168_T,2024-05-24 08:30,Alkhorayef (ACC),538 Series (ACC WE),WE-3600,WE-3600,69,7800.0,1230.8,1230.8,2817.0,3693.0,876.0,286.0,160.0,50.0,0.8333,85.8,Lower Burgan Lower (LBL),218471.0,1.1518,0.4681,27.12,39.06,1.1848,1.0434,350.0,3579.9,273.9,8.28,3306.0,3431.0,3431.0,125.0,3.78,3.78,OVER_PREDICTION,True,True,True,True,True,True,True,True,1. QUALIFIED_5QC_CLEAN_ACTIVE,Pass: Active completion run meeting all 5 QC physical screening gates
GC-31,SA-0168_T,2024-12-01 07:30,Alkhorayef (ACC),538 Series (ACC WE),WE-3600,WE-3600,69,7800.0,1421.7,1421.7,2826.0,3890.0,1064.0,346.0,160.0,50.0,0.8333,89.2,Lower Burgan Lower (LBL),218471.0,1.1518,0.4716,32.7,47.09,1.1848,1.0378,350.0,3143.8,65.8,2.14,3078.0,3029.3,3029.3,-48.7,-1.58,1.58,UNDER_PREDICTION,True,True,True,True,True,True,True,True,1. QUALIFIED_5QC_CLEAN_ACTIVE,Pass: Active completion run meeting all 5 QC physical screening gates
GC-31,SA-0168_T,2025-03-19 07:15,Alkhorayef (ACC),538 Series (ACC WE),WE-3600,WE-3600,69,7800.0,1529.7,1529.7,2760.0,3788.0,1028.0,326.0,163.0,50.0,0.8333,89.8,Lower Burgan Lower (LBL),218471.0,1.1518,0.4722,31.55,45.44,1.1848,1.0368,350.0,3243.9,202.0,6.64,3041.9,3128.7,3128.7,86.8,2.85,2.85,OVER_PREDICTION,True,True,True,True,True,True,True,True,1. QUALIFIED_5QC_CLEAN_ACTIVE,Pass: Active completion run meeting all 5 QC physical screening gates
GC-31,SA-0168_T,2025-07-20 07:00,Alkhorayef (ACC),538 Series (ACC WE),WE-3600,WE-3600,69,7800.0,1652.7,1652.7,2789.0,3867.0,1078.0,308.0,160.0,50.0,0.8333,87.1,Lower Burgan Lower (LBL),218471.0,1.1518,0.4694,33.28,47.93,1.1848,1.0413,350.0,3089.7,31.7,1.04,3058.0,2967.3,2967.3,-90.7,-2.97,2.97,UNDER_PREDICTION,True,True,True,True,True,True,True,True,1. QUALIFIED_5QC_CLEAN_ACTIVE,Pass: Active completion run meeting all 5 QC physical screening gates
GC-31,SA-0168_T,2025-10-06 08:00,Alkhorayef (ACC),538 Series (ACC WE),WE-3600,WE-3600,69,7800.0,1730.7,1730.7,2796.0,3846.0,1050.0,322.0,166.0,50.0,0.8333,90.6,Lower Burgan Lower (LBL),218471.0,1.1518,0.4731,32.17,46.33,1.1848,1.0355,350.0,3190.9,411.9,14.82,2779.0,3081.5,3081.5,302.5,10.89,10.89,OVER_PREDICTION,True,True,True,True,True,True,True,True,1. QUALIFIED_5QC_CLEAN_ACTIVE,Pass: Active completion run meeting all 5 QC physical screening gates
GC-31,SA-0168_T,2026-01-17 07:30,Alkhorayef (ACC),538 Series (ACC WE),WE-3600,WE-3600,69,7800.0,1833.7,1833.7,2709.0,3944.0,1235.0,364.0,162.0,55.0,0.9167,89.4,Lower Burgan Lower (LBL),218471.0,1.1518,0.4718,37.93,45.14,1.1848,1.0375,350.0,3587.9,245.9,7.36,3342.0,3458.3,3458.3,116.3,3.48,3.48,OVER_PREDICTION,True,True,True,True,True,True,True,True,1. QUALIFIED_5QC_CLEAN_ACTIVE,Pass: Active completion run meeting all 5 QC physical screening gates
GC-31,SA-0168_T,2026-04-26 11:00,Alkhorayef (ACC),538 Series (ACC WE),WE-3600,WE-3600,69,7800.0,1932.9,1932.9,2794.0,3791.0,997.0,320.0,153.0,50.0,0.8333,90.4,Lower Burgan Lower (LBL),218471.0,1.1518,0.4729,30.56,44.01,1.1848,1.0358,350.0,3325.9,252.9,8.23,3073.0,3210.9,3210.9,137.9,4.49,4.49,OVER_PREDICTION,True,True,True,True,True,True,True,True,1. QUALIFIED_5QC_CLEAN_ACTIVE,Pass: Active completion run meeting all 5 QC physical screening gates
GC-31,SA-0169_T,2021-01-10 08:15,Borets,400 Series (Borets WFT-400),B400-1050,B400-1050,274,7650.0,0.0,-1952.9,,,,247.0,102.0,55.0,0.9167,2.4,Upper Burgan (UB),199739.0,1.1388,0.3811,,,1.1477,1.1446,262.5,,,,634.0,,,,,,,False,False,False,True,True,False,False,False,7. FAILED_MISSING_TELEMETRY,"Failed Gate 1: Missing Telemetry (PIP=nan, PDP=nan)"
GC-31,SA-0169_T,2021-04-26 08:15,Borets,400 Series (Borets WFT-400),B400-1050,B400-1050,274,7650.0,0.0,-1846.9,,,,207.0,109.0,55.0,0.9167,2.0,Upper Burgan (UB),199739.0,1.1388,0.3807,,,1.1477,1.1451,262.5,,,,620.0,,,,,,,False,False,False,True,True,False,False,False,7. FAILED_MISSING_TELEMETRY,"Failed Gate 1: Missing Telemetry (PIP=nan, PDP=nan)"
GC-31,SA-0169_T,2021-10-01 08:15,Borets,400 Series (Borets WFT-400),B400-1050,B400-1050,274,7650.0,0.0,-1688.9,,,,187.5,104.8,55.0,0.9167,3.1,Upper Burgan (UB),199739.0,1.1388,0.3819,,,1.1477,1.1437,262.5,,,,341.9,,,,,,,False,False,False,True,True,False,False,False,7. FAILED_MISSING_TELEMETRY,"Failed Gate 1: Missing Telemetry (PIP=nan, PDP=nan)"
GC-31,SA-0169_T,2021-12-22 08:15,Borets,400 Series (Borets WFT-400),B400-1050,B400-1050,274,7650.0,0.0,-1606.9,,,,156.0,119.0,50.0,0.8333,66.0,Upper Burgan (UB),199739.0,1.1388,0.4474,,,1.1477,1.0634,262.5,,,,885.0,,,,,,,False,False,False,True,True,False,False,False,7. FAILED_MISSING_TELEMETRY,"Failed Gate 1: Missing Telemetry (PIP=nan, PDP=nan)"
GC-31,SA-0169_T,2022-03-18 08:45,Borets,400 Series (Borets WFT-400),B400-1050,B400-1050,274,7650.0,0.0,-1520.9,788.0,,,173.0,127.0,52.0,0.8667,41.0,Upper Burgan (UB),199739.0,1.1388,0.4214,,,1.0918,1.0624,124.3,,,,720.0,,,,,,,False,False,False,True,True,False,False,False,7. FAILED_MISSING_TELEMETRY,"Failed Gate 1: Missing Telemetry (PIP=788.0, PDP=nan)"
GC-31,SA-0169_T,2022-06-18 08:00,Borets,400 Series (Borets WFT-400),B400-1050,B400-1050,274,7650.0,0.0,-1429.0,684.0,3388.0,2704.0,165.0,131.0,52.0,0.8667,48.0,Upper Burgan (UB),199739.0,1.1388,0.4287,23.02,30.65,1.0846,1.0536,105.7,653.1,-30.9,-4.52,684.0,619.9,619.9,-64.1,-9.37,9.37,UNDER_PREDICTION,True,True,True,True,True,True,False,False,2. QUALIFIED_5QC_HISTORICAL_RUN,Pass 5 QC Gates (Historical Completion Run: Days = -1429.0)
GC-31,SA-0169_T,2022-10-01 08:45,Borets,400 Series (Borets WFT-400),B400-1050,B400-1050,274,7650.0,0.0,-1323.9,753.0,3315.0,2562.0,154.0,140.0,52.0,0.8667,43.6,Upper Burgan (UB),199739.0,1.1388,0.4241,22.05,29.35,1.0894,1.0591,118.0,858.6,72.6,9.24,786.0,810.7,810.7,24.7,3.14,3.14,OVER_PREDICTION,True,True,True,True,True,True,False,False,2. QUALIFIED_5QC_HISTORICAL_RUN,Pass 5 QC Gates (Historical Completion Run: Days = -1323.9)
GC-31,SA-0169_T,2023-01-07 09:15,Borets,400 Series (Borets WFT-400),B400-1050,B400-1050,274,7650.0,0.0,-1225.9,720.0,3334.0,2614.0,164.1,135.1,52.0,0.8667,44.9,Upper Burgan (UB),199739.0,1.1388,0.4254,22.42,29.85,1.0871,1.057,112.1,784.7,98.3,14.32,686.4,742.4,742.4,56.0,8.16,8.16,OVER_PREDICTION,True,True,True,True,True,True,False,False,2. QUALIFIED_5QC_HISTORICAL_RUN,Pass 5 QC Gates (Historical Completion Run: Days = -1225.9)
GC-31,SA-0169_T,2023-04-17 10:45,Borets,400 Series (Borets WFT-400),B400-1050,B400-1050,274,7650.0,0.0,-1125.8,599.0,3294.0,2695.0,183.0,122.0,52.0,0.8667,32.5,Upper Burgan (UB),199739.0,1.1388,0.4125,23.84,31.74,1.0789,1.0598,91.0,506.3,-174.7,-25.65,681.0,477.7,477.7,-203.3,-29.85,29.85,UNDER_PREDICTION,True,True,True,True,True,True,False,False,2. QUALIFIED_5QC_HISTORICAL_RUN,Pass 5 QC Gates (Historical Completion Run: Days = -1125.8)
GC-31,SA-0169_T,2023-07-29 07:45,Borets,400 Series (Borets WFT-400),B400-1050,B400-1050,274,7650.0,0.0,-1023.0,610.0,2700.0,2090.0,163.0,121.0,52.0,0.8667,34.4,Upper Burgan (UB),199739.0,1.1388,0.4145,18.4,24.5,1.0796,1.0591,92.9,1184.5,620.5,110.02,564.0,1118.4,1118.4,554.4,98.3,98.3,OVER_PREDICTION,True,True,True,True,True,True,False,False,2. QUALIFIED_5QC_HISTORICAL_RUN,Pass 5 QC Gates (Historical Completion Run: Days = -1023.0)
GC-31,SA-0169_T,2023-10-29 08:15,Borets,400 Series (Borets WFT-400),B400-1050,B400-1050,274,7650.0,0.0,-930.9,877.0,3192.0,2315.0,223.0,111.0,48.0,0.8,36.8,Upper Burgan (UB),199739.0,1.1388,0.417,20.26,31.66,1.0982,1.0694,140.6,475.8,37.8,8.63,438.0,444.9,444.9,6.9,1.58,1.58,OVER_PREDICTION,True,True,True,True,True,True,False,False,2. QUALIFIED_5QC_HISTORICAL_RUN,Pass 5 QC Gates (Historical Completion Run: Days = -930.9)
GC-31,SA-0169_T,2024-01-26 09:30,Borets,400 Series (Borets WFT-400),B400-1050,B400-1050,274,7650.0,0.0,-841.9,851.0,851.0,0.0,219.0,110.0,48.0,0.8,25.9,Upper Burgan (UB),199739.0,1.1388,0.4056,,,1.0963,1.0765,135.8,,,,444.0,,,,,,,True,False,False,True,True,False,False,False,3. FAILED_ZERO_NEGATIVE_LIFT,"Failed Gate 2: Negative/Zero Lift (PDP=851.0 <= PIP=851.0, dP=0.0 psi)"
GC-31,SA-0169_T,2024-04-17 08:15,Borets,400 Series (Borets WFT-400),B400-1050,B400-1050,274,7650.0,0.0,-759.9,823.0,3113.0,2290.0,210.0,109.0,48.0,0.8,27.2,Upper Burgan (UB),199739.0,1.1388,0.407,20.54,32.09,1.0943,1.0741,130.6,431.0,1.0,0.23,430.0,401.3,401.3,-28.7,-6.67,6.67,UNDER_PREDICTION,True,True,True,True,True,True,False,False,2. QUALIFIED_5QC_HISTORICAL_RUN,Pass 5 QC Gates (Historical Completion Run: Days = -759.9)
GC-31,SA-0169_T,2024-07-30 10:30,Borets,400 Series (Borets WFT-400),B400-1050,B400-1050,274,7650.0,0.0,-655.9,823.0,3115.0,2292.0,194.0,122.0,48.0,0.8,26.4,Upper Burgan (UB),199739.0,1.1388,0.4062,20.6,32.19,1.0943,1.0747,130.6,421.0,20.0,4.99,401.0,391.7,391.7,-9.3,-2.32,2.32,UNDER_PREDICTION,True,True,True,True,True,True,False,False,2. QUALIFIED_5QC_HISTORICAL_RUN,Pass 5 QC Gates (Historical Completion Run: Days = -655.9)
GC-31,SA-0169_T,2025-01-01 08:45,Borets,400 Series (Borets WFT-400),B400-1050,B400-1050,274,7650.0,0.0,-500.9,842.0,3116.0,2274.0,217.0,96.0,48.0,0.8,14.7,Upper Burgan (UB),199739.0,1.1388,0.394,21.07,32.92,1.0957,1.0845,134.1,353.9,23.9,7.24,330.0,326.3,326.3,-3.7,-1.12,1.12,UNDER_PREDICTION,True,True,True,True,True,True,False,False,2. QUALIFIED_5QC_HISTORICAL_RUN,Pass 5 QC Gates (Historical Completion Run: Days = -500.9)
GC-31,SA-0169_T,2025-07-07 08:00,Borets,400 Series (Borets WFT-400),B400-1050,B400-1050,274,7650.0,0.0,-314.0,,,,241.0,109.0,48.0,0.8,24.4,Upper Burgan (UB),199739.0,1.1388,0.4041,,,1.1477,1.1165,262.5,,,,305.0,,,,,,,False,False,False,True,True,False,False,False,7. FAILED_MISSING_TELEMETRY,"Failed Gate 1: Missing Telemetry (PIP=nan, PDP=nan)"
GC-31,SA-0169_T,2025-09-27 08:00,Borets,400 Series (Borets WFT-400),B400-1050,B400-1050,274,7650.0,0.0,-232.0,,,,211.0,118.0,48.0,0.8,30.2,Upper Burgan (UB),199739.0,1.1388,0.4101,,,1.1477,1.1091,262.5,,,,252.0,,,,,,,False,False,False,True,True,False,False,False,7. FAILED_MISSING_TELEMETRY,"Failed Gate 1: Missing Telemetry (PIP=nan, PDP=nan)"
GC-31,SA-0169_T,2026-05-20 14:15,Borets,400 Series (Borets WFT-400),B400-1050,B400-1050,274,7650.0,3.3,3.3,1180.0,3270.0,2090.0,55.0,121.0,50.0,0.8333,90.0,Upper Burgan (UB),199739.0,1.1388,0.4725,16.14,23.24,1.1213,1.0301,198.2,1184.0,556.0,88.54,628.0,1149.4,1149.4,521.4,83.03,83.03,OVER_PREDICTION,True,True,True,True,True,True,True,True,1. QUALIFIED_5QC_CLEAN_ACTIVE,Pass: Active completion run meeting all 5 QC physical screening gates
GC-31,SA-0169_T,2026-06-29 07:15,Borets,400 Series (Borets WFT-400),B400-1050,B400-1050,274,7650.0,43.0,43.0,832.0,3181.0,2349.0,160.0,103.0,50.0,0.8333,30.5,Upper Burgan (UB),199739.0,1.1388,0.4104,20.89,30.08,1.0949,1.0721,132.3,717.9,517.9,258.95,200.0,669.6,669.6,469.6,234.8,234.8,OVER_PREDICTION,True,True,True,True,True,True,True,True,1. QUALIFIED_5QC_CLEAN_ACTIVE,Pass: Active completion run meeting all 5 QC physical screening gates
GC-31,SA-0170_T,2021-03-18 09:00,Alkhorayef (ACC),538 Series (ACC WE),WE-1500,WE-1500,158,7400.0,0.0,-1540.4,1254.0,,,138.1,137.0,50.0,0.8333,36.6,Upper Burgan (UB),199739.0,1.1388,0.4207,,,1.1272,1.088,212.8,,,,1473.4,,,,,,,False,False,False,True,True,False,False,False,7. FAILED_MISSING_TELEMETRY,"Failed Gate 1: Missing Telemetry (PIP=1254.0, PDP=nan)"
GC-31,SA-0170_T,2021-04-20 06:15,Alkhorayef (ACC),538 Series (ACC WE),WE-1500,WE-1500,158,7400.0,0.0,-1507.5,,,,111.0,122.0,52.0,0.8667,42.6,Upper Burgan (UB),199739.0,1.1388,0.4276,,,1.1477,1.0933,262.5,,,,1219.0,,,,,,,False,False,False,True,True,False,False,False,7. FAILED_MISSING_TELEMETRY,"Failed Gate 1: Missing Telemetry (PIP=nan, PDP=nan)"
GC-31,SA-0170_T,2021-10-05 08:15,Alkhorayef (ACC),538 Series (ACC WE),WE-1500,WE-1500,158,7400.0,0.0,-1339.4,1210.0,,,188.0,134.0,52.0,0.8667,46.9,Upper Burgan (UB),199739.0,1.1388,0.4326,,,1.1237,1.075,204.1,,,,1130.0,,,,,,,False,False,False,True,True,False,False,False,7. FAILED_MISSING_TELEMETRY,"Failed Gate 1: Missing Telemetry (PIP=1210.0, PDP=nan)"
GC-31,SA-0170_T,2021-12-22 08:30,Alkhorayef (ACC),538 Series (ACC WE),WE-1500,WE-1500,158,7400.0,0.0,-1261.4,,,,154.0,124.0,53.0,0.8833,46.0,Upper Burgan (UB),199739.0,1.1388,0.4316,,,1.1477,1.0889,262.5,,,,925.0,,,,,,,False,False,False,True,True,False,False,False,7. FAILED_MISSING_TELEMETRY,"Failed Gate 1: Missing Telemetry (PIP=nan, PDP=nan)"
GC-31,SA-0170_T,2022-03-18 09:00,Alkhorayef (ACC),538 Series (ACC WE),WE-1500,WE-1500,158,7400.0,0.0,-1175.4,1123.0,3078.0,1955.0,149.0,131.0,53.0,0.8833,46.0,Upper Burgan (UB),199739.0,1.1388,0.4316,28.67,36.75,1.1168,1.0723,187.1,2358.4,1249.4,112.66,1109.0,2199.5,2199.5,1090.5,98.33,98.33,OVER_PREDICTION,True,True,True,True,True,True,False,False,2. QUALIFIED_5QC_HISTORICAL_RUN,Pass 5 QC Gates (Historical Completion Run: Days = -1175.4)
GC-31,SA-0170_T,2022-05-25 08:30,Alkhorayef (ACC),538 Series (ACC WE),WE-1500,WE-1500,158,7400.0,0.0,-1107.4,,3081.0,,157.0,132.0,53.0,0.8833,49.8,Upper Burgan (UB),199739.0,1.1388,0.4359,,,1.1477,1.0841,262.5,,,,727.0,,,,,,,False,False,False,True,True,False,False,False,7. FAILED_MISSING_TELEMETRY,"Failed Gate 1: Missing Telemetry (PIP=nan, PDP=3081.0)"
GC-31,SA-0170_T,2022-11-19 08:15,Alkhorayef (ACC),538 Series (ACC WE),WE-1500,WE-1500,158,7400.0,0.0,-929.4,753.0,2497.0,1744.0,173.0,125.0,48.0,0.8,38.9,Upper Burgan (UB),199739.0,1.1388,0.4234,26.07,40.73,1.0894,1.0624,118.0,1955.6,996.6,103.92,959.0,1840.8,1840.8,881.8,91.95,91.95,OVER_PREDICTION,True,True,True,True,True,True,False,False,2. QUALIFIED_5QC_HISTORICAL_RUN,Pass 5 QC Gates (Historical Completion Run: Days = -929.4)
GC-31,SA-0170_T,2023-03-14 08:15,Alkhorayef (ACC),538 Series (ACC WE),WE-1500,WE-1500,158,7400.0,0.0,-814.4,894.0,2419.0,1525.0,196.0,133.0,48.0,0.8,32.4,Upper Burgan (UB),199739.0,1.1388,0.4159,23.21,36.27,1.0994,1.0737,143.7,2164.3,1032.3,91.19,1132.0,2015.7,2015.7,883.7,78.07,78.07,OVER_PREDICTION,True,True,True,True,True,True,False,False,2. QUALIFIED_5QC_HISTORICAL_RUN,Pass 5 QC Gates (Historical Completion Run: Days = -814.4)
GC-31,SA-0170_T,2023-07-02 07:00,Alkhorayef (ACC),538 Series (ACC WE),WE-1500,WE-1500,158,7400.0,0.0,-704.5,860.0,2831.0,1971.0,187.0,141.0,50.0,0.8333,45.1,Upper Burgan (UB),199739.0,1.1388,0.4305,28.98,41.73,1.097,1.0622,137.4,1996.3,800.3,66.91,1196.0,1879.3,1879.3,683.3,57.13,57.13,OVER_PREDICTION,True,True,True,True,True,True,False,False,2. QUALIFIED_5QC_HISTORICAL_RUN,Pass 5 QC Gates (Historical Completion Run: Days = -704.5)
GC-31,SA-0170_T,2023-11-10 12:15,Alkhorayef (ACC),538 Series (ACC WE),WE-1500,WE-1500,158,7400.0,0.0,-573.2,848.0,3393.0,2545.0,173.0,131.0,50.0,0.8333,52.1,Upper Burgan (UB),199739.0,1.1388,0.4386,36.73,52.9,1.0961,1.0564,135.2,1549.5,365.5,30.87,1184.0,1466.7,1466.7,282.7,23.88,23.88,OVER_PREDICTION,True,True,True,True,True,True,False,False,2. QUALIFIED_5QC_HISTORICAL_RUN,Pass 5 QC Gates (Historical Completion Run: Days = -573.2)
GC-31,SA-0170_T,2024-02-04 09:00,Alkhorayef (ACC),538 Series (ACC WE),WE-1500,WE-1500,158,7400.0,0.0,-487.4,868.0,3319.0,2451.0,201.0,138.0,50.0,0.8333,53.8,Upper Burgan (UB),199739.0,1.1388,0.4405,35.21,50.71,1.0975,1.0558,138.9,1642.0,408.0,33.06,1234.0,1555.2,1555.2,321.2,26.03,26.03,OVER_PREDICTION,True,True,True,True,True,True,False,False,2. QUALIFIED_5QC_HISTORICAL_RUN,Pass 5 QC Gates (Historical Completion Run: Days = -487.4)
GC-31,SA-0170_T,2024-06-27 08:15,Alkhorayef (ACC),538 Series (ACC WE),WE-1500,WE-1500,158,7400.0,0.0,-343.4,762.0,3455.0,2693.0,237.0,135.0,50.0,0.8333,50.0,Upper Burgan (UB),199739.0,1.1388,0.4362,39.08,56.28,1.09,1.055,119.6,1394.9,749.9,116.26,645.0,1322.2,1322.2,677.2,104.99,104.99,OVER_PREDICTION,True,True,True,True,True,True,False,False,2. QUALIFIED_5QC_HISTORICAL_RUN,Pass 5 QC Gates (Historical Completion Run: Days = -343.4)
GC-31,SA-0170_T,2024-11-12 07:45,Alkhorayef (ACC),538 Series (ACC WE),WE-1500,WE-1500,158,7400.0,0.0,-205.4,853.0,3671.0,2818.0,224.0,137.0,50.0,0.8333,73.0,Upper Burgan (UB),199739.0,1.1388,0.4626,38.55,55.52,1.0965,1.0406,136.1,1431.0,710.0,98.47,721.0,1375.1,1375.1,654.1,90.72,90.72,OVER_PREDICTION,True,True,True,True,True,True,False,False,2. QUALIFIED_5QC_HISTORICAL_RUN,Pass 5 QC Gates (Historical Completion Run: Days = -205.4)
GC-31,SA-0170_T,2025-02-23 19:00,Alkhorayef (ACC),538 Series (ACC WE),WE-1500,WE-1500,158,7400.0,0.0,-102.0,851.0,3133.0,2282.0,226.0,130.0,50.0,0.8333,52.2,Upper Burgan (UB),199739.0,1.1388,0.4387,32.92,47.41,1.0963,1.0565,135.8,1774.1,954.1,116.35,820.0,1679.3,1679.3,859.3,104.79,104.79,OVER_PREDICTION,True,True,True,True,True,True,False,False,2. QUALIFIED_5QC_HISTORICAL_RUN,Pass 5 QC Gates (Historical Completion Run: Days = -102.0)
GC-31,SA-0170_T,2025-06-29 07:45,Alkhorayef (ACC),538 Series (ACC WE),WE-1500,WE-1500,158,7400.0,23.6,23.6,639.0,3437.0,2798.0,228.0,135.0,50.0,0.8333,76.7,Upper Burgan (UB),199739.0,1.1388,0.4669,37.93,54.62,1.0816,1.0343,97.9,1472.7,704.7,91.76,768.0,1423.8,1423.8,655.8,85.39,85.39,OVER_PREDICTION,True,True,True,True,True,True,True,True,1. QUALIFIED_5QC_CLEAN_ACTIVE,Pass: Active completion run meeting all 5 QC physical screening gates
GC-31,SA-0170_T,2025-09-27 07:30,Alkhorayef (ACC),538 Series (ACC WE),WE-1500,WE-1500,158,7400.0,113.6,113.6,717.0,3175.0,2458.0,180.0,115.0,50.0,0.8333,66.9,Upper Burgan (UB),199739.0,1.1388,0.4556,34.15,49.18,1.0869,1.0421,111.6,1704.3,728.3,74.62,976.0,1635.4,1635.4,659.4,67.56,67.56,OVER_PREDICTION,True,True,True,True,True,True,True,True,1. QUALIFIED_5QC_CLEAN_ACTIVE,Pass: Active completion run meeting all 5 QC physical screening gates
GC-31,SA-0170_T,2026-01-15 07:30,Alkhorayef (ACC),538 Series (ACC WE),WE-1500,WE-1500,158,7400.0,223.6,223.6,901.0,2958.0,2057.0,187.0,132.0,50.0,0.8333,23.8,Upper Burgan (UB),199739.0,1.1388,0.406,32.06,46.17,1.0999,1.0809,145.0,1822.5,769.5,73.08,1053.0,1686.1,1686.1,633.1,60.12,60.12,OVER_PREDICTION,True,True,True,True,True,True,True,True,1. QUALIFIED_5QC_CLEAN_ACTIVE,Pass: Active completion run meeting all 5 QC physical screening gates
GC-31,SA-0170_T,2026-06-23 08:00,Alkhorayef (ACC),538 Series (ACC WE),WE-1500,WE-1500,158,7400.0,382.6,382.6,1411.0,3702.0,2291.0,171.0,148.0,50.0,0.8333,90.3,Upper Burgan (UB),199739.0,1.1388,0.4825,30.05,43.28,1.1401,1.0317,244.3,1934.8,649.8,50.57,1285.0,1875.4,1875.4,590.4,45.95,45.95,OVER_PREDICTION,True,True,True,True,True,True,True,True,1. QUALIFIED_5QC_CLEAN_ACTIVE,Pass: Active completion run meeting all 5 QC physical screening gates
GC-31,SA-0173_T,2021-03-31 10:45,REDA (Schlumberger),538/540 Series (REDA S),S2000N,S2000N,152,7300.0,0.0,-1658.5,,,,257.0,153.0,49.0,0.8167,87.9,Mauddud (MA),137779.0,1.0958,0.4703,,,1.1477,1.0354,262.5,,,,2104.0,,,,,,,False,False,False,True,True,False,False,False,7. FAILED_MISSING_TELEMETRY,"Failed Gate 1: Missing Telemetry (PIP=nan, PDP=nan)"
GC-31,SA-0173_T,2021-09-06 08:00,REDA (Schlumberger),538/540 Series (REDA S),S2000N,S2000N,152,7300.0,0.0,-1499.6,2574.0,3695.0,1121.0,284.0,154.0,50.0,0.8333,89.2,Mauddud (MA),137779.0,1.0958,0.4716,15.64,22.52,1.1848,1.0378,350.0,2488.2,272.2,12.28,2216.0,2397.6,2397.6,181.6,8.19,8.19,OVER_PREDICTION,True,True,True,True,True,True,False,False,2. QUALIFIED_5QC_HISTORICAL_RUN,Pass 5 QC Gates (Historical Completion Run: Days = -1499.6)
GC-31,SA-0173_T,2021-12-31 08:15,REDA (Schlumberger),538/540 Series (REDA S),S2000N,S2000N,152,7300.0,0.0,-1383.6,2619.0,,,376.0,154.0,50.0,0.8333,92.0,Mauddud (MA),137779.0,1.0958,0.4745,,,1.1848,1.0332,350.0,,,,2139.0,,,,,,,False,False,False,True,True,False,False,False,7. FAILED_MISSING_TELEMETRY,"Failed Gate 1: Missing Telemetry (PIP=2619.0, PDP=nan)"
GC-31,SA-0173_T,2022-03-18 08:45,REDA (Schlumberger),538/540 Series (REDA S),S2000N,S2000N,152,7300.0,0.0,-1306.6,2640.0,,,420.0,151.0,50.0,0.8333,90.4,Mauddud (MA),137779.0,1.0958,0.4729,,,1.1848,1.0358,350.0,,,,2182.0,,,,,,,False,False,False,True,True,False,False,False,7. FAILED_MISSING_TELEMETRY,"Failed Gate 1: Missing Telemetry (PIP=2640.0, PDP=nan)"
GC-31,SA-0173_T,2022-12-07 08:00,REDA (Schlumberger),538/540 Series (REDA S),S2000N,S2000N,152,7300.0,0.0,-1042.6,2209.0,3881.0,1672.0,313.0,160.0,50.0,0.8333,92.0,Mauddud (MA),137779.0,1.0958,0.4745,23.18,33.38,1.1848,1.0332,350.0,2289.1,-705.9,-23.57,2995.0,2215.6,2215.6,-779.4,-26.02,26.02,UNDER_PREDICTION,True,True,True,True,True,True,False,False,2. QUALIFIED_5QC_HISTORICAL_RUN,Pass 5 QC Gates (Historical Completion Run: Days = -1042.6)
GC-31,SA-0173_T,2023-03-15 08:15,REDA (Schlumberger),538/540 Series (REDA S),S2000N,S2000N,152,7300.0,0.0,-944.6,,,,372.0,164.0,50.0,0.8333,92.5,Mauddud (MA),137779.0,1.0958,0.4751,,,1.1477,1.0296,262.5,,,,3153.0,,,,,,,False,False,False,True,True,False,False,False,7. FAILED_MISSING_TELEMETRY,"Failed Gate 1: Missing Telemetry (PIP=nan, PDP=nan)"
GC-31,SA-0173_T,2023-06-29 07:30,REDA (Schlumberger),538/540 Series (REDA S),S2000N,S2000N,152,7300.0,0.0,-838.6,,,,358.5,160.8,50.0,0.8333,92.2,Mauddud (MA),137779.0,1.0958,0.4747,,,1.1477,1.03,262.5,,,,2952.7,,,,,,,False,False,False,True,True,False,False,False,7. FAILED_MISSING_TELEMETRY,"Failed Gate 1: Missing Telemetry (PIP=nan, PDP=nan)"
GC-31,SA-0173_T,2023-12-05 08:30,REDA (Schlumberger),538/540 Series (REDA S),S2000N,S2000N,152,7300.0,0.0,-679.6,,,,188.0,78.0,50.0,0.8333,0.0,Mauddud (MA),137779.0,1.0958,0.3786,,,1.1477,1.1477,262.5,,,,113.0,,,,,,,False,False,False,True,True,False,False,False,7. FAILED_MISSING_TELEMETRY,"Failed Gate 1: Missing Telemetry (PIP=nan, PDP=nan)"
GC-31,SA-0173_T,2024-02-08 08:15,REDA (Schlumberger),538/540 Series (REDA S),S2000N,S2000N,152,7300.0,0.0,-614.6,,,,441.0,158.0,50.0,0.8333,91.6,Mauddud (MA),137779.0,1.0958,0.4741,,,1.1477,1.0307,262.5,,,,2910.0,,,,,,,False,False,False,True,True,False,False,False,7. FAILED_MISSING_TELEMETRY,"Failed Gate 1: Missing Telemetry (PIP=nan, PDP=nan)"
GC-31,SA-0173_T,2024-09-06 09:00,REDA (Schlumberger),538/540 Series (REDA S),S2000N,S2000N,152,7300.0,0.0,-403.5,2521.0,3899.0,1378.0,372.0,158.0,50.0,0.8333,93.3,Mauddud (MA),137779.0,1.0958,0.4759,19.05,27.43,1.1848,1.031,350.0,2403.4,-169.6,-6.59,2573.0,2331.0,2331.0,-242.0,-9.41,9.41,UNDER_PREDICTION,True,True,True,True,True,True,False,False,2. QUALIFIED_5QC_HISTORICAL_RUN,Pass 5 QC Gates (Historical Completion Run: Days = -403.5)
GC-31,SA-0173_T,2025-02-14 21:00,REDA (Schlumberger),538/540 Series (REDA S),S2000N,S2000N,152,7300.0,0.0,-242.0,2567.0,3699.0,1132.0,173.0,122.0,50.0,0.8333,89.3,Mauddud (MA),137779.0,1.0958,0.4717,15.79,22.74,1.1848,1.0376,350.0,2484.6,-320.4,-11.42,2805.0,2394.5,2394.5,-410.5,-14.63,14.63,UNDER_PREDICTION,True,True,True,True,True,True,False,False,2. QUALIFIED_5QC_HISTORICAL_RUN,Pass 5 QC Gates (Historical Completion Run: Days = -242.0)
GC-31,SA-0173_T,2025-11-02 08:15,REDA (Schlumberger),538/540 Series (REDA S),S2000N,S2000N,152,7300.0,18.4,18.4,863.0,3435.0,2572.0,211.0,124.0,46.0,0.7667,92.3,Mauddud (MA),137779.0,1.0958,0.4748,35.63,60.61,1.0972,1.0259,138.0,1173.9,628.9,115.39,545.0,1144.2,1144.2,599.2,109.94,109.94,OVER_PREDICTION,True,True,True,True,True,True,True,True,1. QUALIFIED_5QC_CLEAN_ACTIVE,Pass: Active completion run meeting all 5 QC physical screening gates
GC-31,SA-0173_T,2026-04-26 10:00,REDA (Schlumberger),538/540 Series (REDA S),S2000N,S2000N,152,7300.0,193.5,193.5,866.0,3465.0,2599.0,246.0,121.0,46.0,0.7667,92.2,Mauddud (MA),137779.0,1.0958,0.4747,36.02,61.28,1.0974,1.026,138.5,1114.6,591.6,113.12,523.0,1086.3,1086.3,563.3,107.71,107.71,OVER_PREDICTION,True,True,True,True,True,True,True,True,1. QUALIFIED_5QC_CLEAN_ACTIVE,Pass: Active completion run meeting all 5 QC physical screening gates
GC-31,SA-0174_T,2021-03-29 08:15,REDA (Schlumberger),538/540 Series (REDA S),S2000N,S2000N,170,7100.0,0.0,-1735.9,,3249.0,,216.0,157.0,50.0,0.8333,84.8,Mauddud (MA),137779.0,1.0958,0.467,,,1.1477,1.0394,262.5,,,,2396.0,,,,,,,False,False,False,True,True,False,False,False,7. FAILED_MISSING_TELEMETRY,"Failed Gate 1: Missing Telemetry (PIP=nan, PDP=3249.0)"
GC-31,SA-0174_T,2021-12-31 09:30,REDA (Schlumberger),538/540 Series (REDA S),S2000N,S2000N,170,7100.0,0.0,-1458.9,,,,217.6,157.3,50.0,0.8333,74.5,Mauddud (MA),137779.0,1.0958,0.4563,,,1.1477,1.0526,262.5,,,,2463.6,,,,,,,False,False,False,True,True,False,False,False,7. FAILED_MISSING_TELEMETRY,"Failed Gate 1: Missing Telemetry (PIP=nan, PDP=nan)"
GC-31,SA-0174_T,2022-07-26 19:30,REDA (Schlumberger),538/540 Series (REDA S),S2000N,S2000N,170,7100.0,0.0,-1251.4,1751.0,3414.0,1663.0,243.0,151.0,55.0,0.9167,87.8,Mauddud (MA),137779.0,1.0958,0.4702,20.81,24.76,1.1697,1.0383,314.8,2695.7,315.7,13.26,2380.0,2596.3,2596.3,216.3,9.09,9.09,OVER_PREDICTION,True,True,True,True,True,True,False,False,2. QUALIFIED_5QC_HISTORICAL_RUN,Pass 5 QC Gates (Historical Completion Run: Days = -1251.4)
GC-31,SA-0174_T,2022-08-05 04:15,REDA (Schlumberger),538/540 Series (REDA S),S2000N,S2000N,170,7100.0,0.0,-1242.1,1875.0,3345.0,1470.0,113.0,152.0,50.0,0.8333,86.0,Mauddud (MA),137779.0,1.0958,0.4683,18.47,26.6,1.181,1.0425,341.3,2418.3,-907.7,-27.29,3326.0,2319.6,2319.6,-1006.4,-30.26,30.26,UNDER_PREDICTION,True,True,True,True,True,True,False,False,2. QUALIFIED_5QC_HISTORICAL_RUN,Pass 5 QC Gates (Historical Completion Run: Days = -1242.1)
GC-31,SA-0174_T,2022-08-25 07:30,REDA (Schlumberger),538/540 Series (REDA S),S2000N,S2000N,170,7100.0,0.0,-1221.9,1605.0,3344.0,1739.0,228.0,160.0,50.0,0.8333,84.5,Mauddud (MA),137779.0,1.0958,0.4667,21.92,31.57,1.1568,1.0412,284.2,2325.5,-665.5,-22.25,2991.0,2233.5,2233.5,-757.5,-25.33,25.33,UNDER_PREDICTION,True,True,True,True,True,True,False,False,2. QUALIFIED_5QC_HISTORICAL_RUN,Pass 5 QC Gates (Historical Completion Run: Days = -1221.9)
GC-31,SA-0174_T,2022-12-18 08:30,REDA (Schlumberger),538/540 Series (REDA S),S2000N,S2000N,170,7100.0,0.0,-1106.9,1430.0,3358.0,1928.0,259.0,159.0,51.0,0.85,84.0,Mauddud (MA),137779.0,1.0958,0.4662,24.33,33.67,1.1417,1.0395,248.2,2329.0,-422.0,-15.34,2751.0,2240.5,2240.5,-510.5,-18.56,18.56,UNDER_PREDICTION,True,True,True,True,True,True,False,False,2. QUALIFIED_5QC_HISTORICAL_RUN,Pass 5 QC Gates (Historical Completion Run: Days = -1106.9)
GC-31,SA-0174_T,2023-02-24 09:00,REDA (Schlumberger),538/540 Series (REDA S),S2000N,S2000N,170,7100.0,0.0,-1038.9,1425.0,3408.0,1983.0,295.0,158.0,53.0,0.8833,89.5,Mauddud (MA),137779.0,1.0958,0.4719,24.72,31.68,1.1413,1.0327,247.1,2462.7,-444.3,-15.28,2907.0,2384.6,2384.6,-522.4,-17.97,17.97,UNDER_PREDICTION,True,True,True,True,True,True,False,False,2. QUALIFIED_5QC_HISTORICAL_RUN,Pass 5 QC Gates (Historical Completion Run: Days = -1038.9)
GC-31,SA-0174_T,2023-07-09 10:45,REDA (Schlumberger),538/540 Series (REDA S),S2000N,S2000N,170,7100.0,0.0,-903.8,1165.0,3359.0,2194.0,226.0,161.0,53.0,0.8833,90.3,Mauddud (MA),137779.0,1.0958,0.4728,27.3,34.99,1.1201,1.0297,195.3,2390.9,-273.1,-10.25,2664.0,2321.9,2321.9,-342.1,-12.84,12.84,UNDER_PREDICTION,True,True,True,True,True,True,False,False,2. QUALIFIED_5QC_HISTORICAL_RUN,Pass 5 QC Gates (Historical Completion Run: Days = -903.8)
GC-31,SA-0174_T,2023-11-22 06:45,REDA (Schlumberger),538/540 Series (REDA S),S2000N,S2000N,170,7100.0,0.0,-768.0,1260.0,3441.0,2181.0,297.0,156.0,53.0,0.8833,88.4,Mauddud (MA),137779.0,1.0958,0.4708,27.25,34.93,1.1277,1.0325,214.0,2392.2,-1356.8,-36.19,3749.0,2316.9,2316.9,-1432.1,-38.2,38.2,UNDER_PREDICTION,True,True,True,True,True,True,False,False,2. QUALIFIED_5QC_HISTORICAL_RUN,Pass 5 QC Gates (Historical Completion Run: Days = -768.0)
GC-31,SA-0174_T,2024-05-22 10:30,REDA (Schlumberger),538/540 Series (REDA S),S2000N,S2000N,170,7100.0,0.0,-585.8,1252.0,3408.0,2156.0,238.0,171.0,53.0,0.8833,87.5,Mauddud (MA),137779.0,1.0958,0.4698,26.99,34.59,1.127,1.0334,212.4,2399.9,-597.7,-19.94,2997.6,2322.4,2322.4,-675.2,-22.52,22.52,UNDER_PREDICTION,True,True,True,True,True,True,False,False,2. QUALIFIED_5QC_HISTORICAL_RUN,Pass 5 QC Gates (Historical Completion Run: Days = -585.8)
GC-31,SA-0174_T,2024-12-01 07:30,REDA (Schlumberger),538/540 Series (REDA S),S2000N,S2000N,170,7100.0,0.0,-392.9,1518.0,3470.0,1952.0,291.0,161.0,53.0,0.8833,88.5,Mauddud (MA),137779.0,1.0958,0.4709,24.38,31.25,1.1492,1.0349,266.2,2471.8,-440.2,-15.12,2912.0,2388.5,2388.5,-523.5,-17.98,17.98,UNDER_PREDICTION,True,True,True,True,True,True,False,False,2. QUALIFIED_5QC_HISTORICAL_RUN,Pass 5 QC Gates (Historical Completion Run: Days = -392.9)
GC-31,SA-0174_T,2025-03-19 08:45,REDA (Schlumberger),538/540 Series (REDA S),S2000N,S2000N,170,7100.0,0.0,-284.9,1293.0,3412.0,2119.0,257.0,160.0,53.0,0.8833,90.3,Mauddud (MA),137779.0,1.0958,0.4728,26.37,33.8,1.1304,1.0307,220.6,2417.4,-547.6,-18.47,2965.0,2345.4,2345.4,-619.6,-20.9,20.9,UNDER_PREDICTION,True,True,True,True,True,True,False,False,2. QUALIFIED_5QC_HISTORICAL_RUN,Pass 5 QC Gates (Historical Completion Run: Days = -284.9)
GC-31,SA-0174_T,2026-02-02 18:00,REDA (Schlumberger),538/540 Series (REDA S),S2000N,S2000N,170,7100.0,35.5,35.5,1456.0,3618.0,2162.0,448.0,152.0,47.0,0.7833,87.6,Mauddud (MA),137779.0,1.0958,0.47,27.06,44.1,1.1439,1.0354,253.5,1912.8,286.8,17.64,1626.0,1847.5,1847.5,221.5,13.62,13.62,OVER_PREDICTION,True,True,True,True,True,True,True,True,1. QUALIFIED_5QC_CLEAN_ACTIVE,Pass: Active completion run meeting all 5 QC physical screening gates
GC-31,SA-0174_T,2026-05-07 08:15,REDA (Schlumberger),538/540 Series (REDA S),S2000N,S2000N,170,7100.0,129.1,129.1,1462.0,3551.0,2089.0,359.0,152.0,47.0,0.7833,96.5,Mauddud (MA),137779.0,1.0958,0.4792,25.64,41.79,1.1444,1.0244,254.7,1971.0,326.0,19.82,1645.0,1924.1,1924.1,279.1,16.97,16.97,OVER_PREDICTION,True,True,True,True,True,True,True,True,1. QUALIFIED_5QC_CLEAN_ACTIVE,Pass: Active completion run meeting all 5 QC physical screening gates
GC-31,SA-0176ST1_T,2026-05-02 11:30,Alkhorayef (ACC),400 Series (ACC WD),WD-1000MF,WD-1000,264,5800.0,42.9,42.9,798.0,1886.0,1088.0,151.0,114.0,52.0,0.8667,11.7,Mauddud (MA),137779.0,1.0958,0.3908,10.54,14.03,1.0925,1.084,126.1,1411.6,227.6,19.22,1184.0,1302.2,1302.2,118.2,9.98,9.98,OVER_PREDICTION,True,True,True,True,True,True,True,True,1. QUALIFIED_5QC_CLEAN_ACTIVE,Pass: Active completion run meeting all 5 QC physical screening gates
GC-31,SA-0187H_T,2021-01-02 08:00,Borets,400 Series (Borets WFT-400),B400-1050 OLD,B400-1050,314,6050.0,1022.1,1022.1,0.0,,,631.0,123.0,40.0,0.6667,6.0,Mauddud (MA),137779.0,1.0958,0.3849,,,1.1477,1.14,262.5,,,,968.0,,,,,,,False,False,False,True,True,False,True,False,7. FAILED_MISSING_TELEMETRY,"Failed Gate 1: Missing Telemetry (PIP=0.0, PDP=nan)"
GC-31,SA-0187H_T,2021-04-20 05:30,Borets,400 Series (Borets WFT-400),B400-1050 OLD,B400-1050,314,6050.0,1130.0,1130.0,,,,719.0,123.0,40.0,0.6667,28.0,Mauddud (MA),137779.0,1.0958,0.4078,,,1.1477,1.1119,262.5,,,,883.0,,,,,,,False,False,False,True,True,False,True,False,7. FAILED_MISSING_TELEMETRY,"Failed Gate 1: Missing Telemetry (PIP=nan, PDP=nan)"
GC-31,SA-0187H_T,2021-11-10 09:45,Borets,400 Series (Borets WFT-400),B400-1050 OLD,B400-1050,314,6050.0,1334.2,1334.2,,,,533.0,126.0,40.0,0.6667,30.3,Mauddud (MA),137779.0,1.0958,0.4102,,,1.1477,1.109,262.5,,,,817.0,,,,,,,False,False,False,True,True,False,True,False,7. FAILED_MISSING_TELEMETRY,"Failed Gate 1: Missing Telemetry (PIP=nan, PDP=nan)"
GC-31,SA-0187H_T,2022-03-02 08:00,Borets,400 Series (Borets WFT-400),B400-1050 OLD,B400-1050,314,6050.0,1446.1,1446.1,2463.0,,,362.0,128.0,40.0,0.6667,32.9,Mauddud (MA),137779.0,1.0958,0.4129,,,1.1848,1.1306,350.0,,,,1087.0,,,,,,,False,False,False,True,True,False,True,False,7. FAILED_MISSING_TELEMETRY,"Failed Gate 1: Missing Telemetry (PIP=2463.0, PDP=nan)"
GC-31,SA-0187H_T,2022-06-04 07:30,Borets,400 Series (Borets WFT-400),B400-1050 OLD,B400-1050,314,6050.0,1540.1,1540.1,0.0,,,353.0,128.0,40.0,0.6667,40.0,Mauddud (MA),137779.0,1.0958,0.4203,,,1.1477,1.0966,262.5,,,,1014.0,,,,,,,False,False,False,True,True,False,True,False,7. FAILED_MISSING_TELEMETRY,"Failed Gate 1: Missing Telemetry (PIP=0.0, PDP=nan)"
GC-31,SA-0187H_T,2022-09-26 08:00,Borets,400 Series (Borets WFT-400),B400-1050 OLD,B400-1050,314,6050.0,1654.1,1654.1,,,,401.0,129.0,40.0,0.6667,41.0,Mauddud (MA),137779.0,1.0958,0.4214,,,1.1477,1.0953,262.5,,,,980.0,,,,,,,False,False,False,True,True,False,True,False,7. FAILED_MISSING_TELEMETRY,"Failed Gate 1: Missing Telemetry (PIP=nan, PDP=nan)"
GC-31,SA-0187H_T,2023-02-09 08:15,Borets,400 Series (Borets WFT-400),B400-1050 OLD,B400-1050,314,6050.0,1790.1,1790.1,,,,396.0,119.0,40.0,0.6667,36.4,Mauddud (MA),137779.0,1.0958,0.4166,,,1.1477,1.1012,262.5,,,,895.0,,,,,,,False,False,False,True,True,False,True,False,7. FAILED_MISSING_TELEMETRY,"Failed Gate 1: Missing Telemetry (PIP=nan, PDP=nan)"
GC-31,SA-0187H_T,2023-05-30 08:00,Borets,400 Series (Borets WFT-400),B400-1050 OLD,B400-1050,314,6050.0,1900.1,1900.1,,,,356.0,130.0,40.0,0.6667,49.4,Mauddud (MA),137779.0,1.0958,0.4301,,,1.1477,1.0846,262.5,,,,1265.0,,,,,,,False,False,False,True,True,False,True,False,7. FAILED_MISSING_TELEMETRY,"Failed Gate 1: Missing Telemetry (PIP=nan, PDP=nan)"
GC-31,SA-0187H_T,2023-11-07 12:15,Borets,400 Series (Borets WFT-400),B400-1050 OLD,B400-1050,314,6050.0,2061.3,2061.3,,,,347.0,128.0,40.0,0.6667,52.6,Mauddud (MA),137779.0,1.0958,0.4335,,,1.1477,1.0805,262.5,,,,906.0,,,,,,,False,False,False,True,True,False,True,False,7. FAILED_MISSING_TELEMETRY,"Failed Gate 1: Missing Telemetry (PIP=nan, PDP=nan)"
GC-31,SA-0187H_T,2024-03-22 08:15,Borets,400 Series (Borets WFT-400),B400-1050 OLD,B400-1050,314,6050.0,2197.1,2197.1,,,,372.0,132.0,40.0,0.6667,34.9,Mauddud (MA),137779.0,1.0958,0.415,,,1.1477,1.1031,262.5,,,,982.0,,,,,,,False,False,False,True,True,False,True,False,7. FAILED_MISSING_TELEMETRY,"Failed Gate 1: Missing Telemetry (PIP=nan, PDP=nan)"
GC-31,SA-0187H_T,2024-08-09 08:15,Borets,400 Series (Borets WFT-400),B400-1050 OLD,B400-1050,314,6050.0,2337.1,2337.1,,,,363.0,136.0,40.0,0.6667,53.2,Mauddud (MA),137779.0,1.0958,0.4341,,,1.1477,1.0798,262.5,,,,1028.0,,,,,,,False,False,False,True,True,False,True,False,7. FAILED_MISSING_TELEMETRY,"Failed Gate 1: Missing Telemetry (PIP=nan, PDP=nan)"
GC-31,SA-0187H_T,2025-01-09 08:30,Borets,400 Series (Borets WFT-400),B400-1050 OLD,B400-1050,314,6050.0,2490.1,2490.1,,,,379.0,135.0,40.0,0.6667,62.5,Mauddud (MA),137779.0,1.0958,0.4438,,,1.1477,1.0679,262.5,,,,993.0,,,,,,,False,False,False,True,True,False,True,False,7. FAILED_MISSING_TELEMETRY,"Failed Gate 1: Missing Telemetry (PIP=nan, PDP=nan)"
GC-31,SA-0187H_T,2025-08-26 08:30,Borets,400 Series (Borets WFT-400),B400-1050 OLD,B400-1050,314,6050.0,2719.1,2719.1,,,,258.0,127.0,40.0,0.6667,62.4,Mauddud (MA),137779.0,1.0958,0.4437,,,1.1477,1.068,262.5,,,,809.0,,,,,,,False,False,False,True,True,False,True,False,7. FAILED_MISSING_TELEMETRY,"Failed Gate 1: Missing Telemetry (PIP=nan, PDP=nan)"
GC-31,SA-0187H_T,2025-12-06 08:15,Borets,400 Series (Borets WFT-400),B400-1050 OLD,B400-1050,314,6050.0,2821.1,2821.1,0.0,,,330.0,118.0,40.0,0.6667,66.5,Mauddud (MA),137779.0,1.0958,0.448,,,1.1477,1.0628,262.5,,,,820.0,,,,,,,False,False,False,True,True,False,True,False,7. FAILED_MISSING_TELEMETRY,"Failed Gate 1: Missing Telemetry (PIP=0.0, PDP=nan)"
GC-31,SA-0187H_T,2026-03-09 18:45,Borets,400 Series (Borets WFT-400),B400-1050 OLD,B400-1050,314,6050.0,2914.6,2914.6,0.0,0.0,0.0,354.0,131.0,40.0,0.6667,64.1,Mauddud (MA),137779.0,1.0958,0.4455,,,1.1477,1.0658,262.5,,,,855.0,,,,,,,True,False,False,True,True,False,True,False,3. FAILED_ZERO_NEGATIVE_LIFT,"Failed Gate 2: Negative/Zero Lift (PDP=0.0 <= PIP=0.0, dP=0.0 psi)"
GC-31,SA-0187H_T,2026-07-25 08:00,Borets,400 Series (Borets WFT-400),B400-1050 OLD,B400-1050,314,6050.0,3052.1,3052.1,0.0,0.0,0.0,301.0,143.0,40.0,0.6667,67.5,Mauddud (MA),137779.0,1.0958,0.449,,,1.1477,1.0615,262.5,,,,792.0,,,,,,,True,False,False,True,True,False,True,False,3. FAILED_ZERO_NEGATIVE_LIFT,"Failed Gate 2: Negative/Zero Lift (PDP=0.0 <= PIP=0.0, dP=0.0 psi)"
GC-31,SA-0189_T,2021-02-08 08:30,REDA (Schlumberger),400 Series (REDA D),D1150N,D1150N,291,7250.0,0.0,-343.3,1274.0,3167.0,1893.0,235.3,110.8,50.0,0.8333,39.6,Mauddud (MA),137779.0,1.0958,0.4199,15.49,22.31,1.1288,1.0857,216.8,1315.7,820.3,165.58,495.4,1211.8,1211.8,716.4,144.61,144.61,OVER_PREDICTION,True,True,True,True,True,True,False,False,2. QUALIFIED_5QC_HISTORICAL_RUN,Pass 5 QC Gates (Historical Completion Run: Days = -343.3)
GC-31,SA-0189_T,2022-01-31 08:30,REDA (Schlumberger),400 Series (REDA D),D1150N,D1150N,291,7250.0,13.7,13.7,480.0,,,128.0,124.0,50.0,0.8333,44.8,Mauddud (MA),137779.0,1.0958,0.4253,,,1.0713,1.0483,71.0,,,,833.0,,,,,,,False,False,False,True,True,False,True,False,7. FAILED_MISSING_TELEMETRY,"Failed Gate 1: Missing Telemetry (PIP=480.0, PDP=nan)"
GC-31,SA-0189_T,2022-05-12 08:15,REDA (Schlumberger),400 Series (REDA D),D1150N,D1150N,291,7250.0,114.7,114.7,391.0,3193.0,2802.0,147.4,108.7,50.0,0.8333,54.3,Mauddud (MA),137779.0,1.0958,0.4352,22.12,31.86,1.0659,1.041,56.6,1093.9,-168.1,-13.32,1262.0,1050.8,1050.8,-211.2,-16.74,16.74,UNDER_PREDICTION,True,True,True,True,True,True,True,True,1. QUALIFIED_5QC_CLEAN_ACTIVE,Pass: Active completion run meeting all 5 QC physical screening gates
GC-31,SA-0189_T,2022-08-16 08:15,REDA (Schlumberger),400 Series (REDA D),D1150N,D1150N,291,7250.0,210.7,210.7,529.0,3043.0,2514.0,258.0,138.0,50.0,0.8333,59.7,Mauddud (MA),137779.0,1.0958,0.4409,19.6,28.23,1.0744,1.0419,79.1,1189.4,251.4,26.8,938.0,1141.5,1141.5,203.5,21.7,21.7,OVER_PREDICTION,True,True,True,True,True,True,True,True,1. QUALIFIED_5QC_CLEAN_ACTIVE,Pass: Active completion run meeting all 5 QC physical screening gates
GC-31,SA-0189_T,2023-01-08 08:45,REDA (Schlumberger),400 Series (REDA D),D1150N,D1150N,291,7250.0,355.7,355.7,558.0,3153.0,2595.0,269.0,139.0,50.0,0.8333,62.4,Mauddud (MA),137779.0,1.0958,0.4437,20.1,28.95,1.0763,1.0412,84.0,1171.9,252.9,27.52,919.0,1125.6,1125.6,206.6,22.48,22.48,OVER_PREDICTION,True,True,True,True,True,True,True,True,1. QUALIFIED_5QC_CLEAN_ACTIVE,Pass: Active completion run meeting all 5 QC physical screening gates
GC-31,SA-0189_T,2023-05-02 08:45,REDA (Schlumberger),400 Series (REDA D),D1150N,D1150N,291,7250.0,469.7,469.7,523.0,3188.0,2665.0,312.0,135.0,50.0,0.8333,57.0,Mauddud (MA),137779.0,1.0958,0.4381,20.91,30.11,1.074,1.0432,78.1,1142.1,331.1,40.83,811.0,1094.8,1094.8,283.8,34.99,34.99,OVER_PREDICTION,True,True,True,True,True,True,True,True,1. QUALIFIED_5QC_CLEAN_ACTIVE,Pass: Active completion run meeting all 5 QC physical screening gates
GC-31,SA-0189_T,2023-08-26 07:45,REDA (Schlumberger),400 Series (REDA D),D1150N,D1150N,291,7250.0,585.6,585.6,824.0,,,626.0,128.0,47.0,0.7833,57.6,Mauddud (MA),137779.0,1.0958,0.4387,,,1.0944,1.0515,130.8,,,,608.0,,,,,,,False,False,False,True,True,False,True,False,7. FAILED_MISSING_TELEMETRY,"Failed Gate 1: Missing Telemetry (PIP=824.0, PDP=nan)"
GC-31,SA-0189_T,2024-01-15 08:30,REDA (Schlumberger),400 Series (REDA D),D1150N,D1150N,291,7250.0,727.7,727.7,735.0,3499.0,2764.0,510.0,131.0,46.0,0.7667,57.9,Mauddud (MA),137779.0,1.0958,0.439,21.64,36.81,1.0881,1.0487,114.8,847.2,158.2,22.96,689.0,807.9,807.9,118.9,17.26,17.26,OVER_PREDICTION,True,True,True,True,True,True,True,True,1. QUALIFIED_5QC_CLEAN_ACTIVE,Pass: Active completion run meeting all 5 QC physical screening gates
GC-31,SA-0189_T,2024-05-14 08:45,REDA (Schlumberger),400 Series (REDA D),D1150N,D1150N,291,7250.0,847.7,847.7,1065.0,3357.0,2292.0,504.0,133.0,45.0,0.75,54.4,Mauddud (MA),137779.0,1.0958,0.4353,18.09,32.16,1.1123,1.0621,176.0,976.6,132.6,15.71,844.0,919.5,919.5,75.5,8.95,8.95,OVER_PREDICTION,True,True,True,True,True,True,True,True,1. QUALIFIED_5QC_CLEAN_ACTIVE,Pass: Active completion run meeting all 5 QC physical screening gates
GC-31,SA-0189_T,2024-08-28 08:30,REDA (Schlumberger),400 Series (REDA D),D1150N,D1150N,291,7250.0,953.7,953.7,1152.0,3404.0,2252.0,516.0,131.0,45.0,0.75,51.8,Mauddud (MA),137779.0,1.0958,0.4326,17.89,31.8,1.119,1.0677,192.8,986.1,189.1,23.73,797.0,923.5,923.5,126.5,15.87,15.87,OVER_PREDICTION,True,True,True,True,True,True,True,True,1. QUALIFIED_5QC_CLEAN_ACTIVE,Pass: Active completion run meeting all 5 QC physical screening gates
GC-31,SA-0189_T,2024-10-01 08:15,REDA (Schlumberger),400 Series (REDA D),D1150N,D1150N,291,7250.0,987.7,987.7,1412.0,3347.0,1935.0,456.0,134.0,45.0,0.75,58.8,Mauddud (MA),137779.0,1.0958,0.4399,15.11,26.86,1.1402,1.0695,244.5,1099.3,227.3,26.07,872.0,1027.8,1027.8,155.8,17.87,17.87,OVER_PREDICTION,True,True,True,True,True,True,True,True,1. QUALIFIED_5QC_CLEAN_ACTIVE,Pass: Active completion run meeting all 5 QC physical screening gates
GC-31,SA-0189_T,2024-10-07 07:45,REDA (Schlumberger),400 Series (REDA D),D1150N,D1150N,291,7250.0,993.6,993.6,1123.0,3280.0,2157.0,392.0,142.0,50.0,0.8333,64.4,Mauddud (MA),137779.0,1.0958,0.4458,16.63,23.95,1.1168,1.0545,187.1,1283.5,314.5,32.46,969.0,1217.2,1217.2,248.2,25.61,25.61,OVER_PREDICTION,True,True,True,True,True,True,True,True,1. QUALIFIED_5QC_CLEAN_ACTIVE,Pass: Active completion run meeting all 5 QC physical screening gates
GC-31,SA-0189_T,2025-03-03 07:15,REDA (Schlumberger),400 Series (REDA D),D1150N,D1150N,291,7250.0,1140.6,1140.6,1320.0,3384.0,2064.0,372.0,143.0,50.0,0.8333,63.5,Mauddud (MA),137779.0,1.0958,0.4448,15.94,22.96,1.1326,1.0611,226.0,1303.1,376.1,40.57,927.0,1228.1,1228.1,301.1,32.48,32.48,OVER_PREDICTION,True,True,True,True,True,True,True,True,1. QUALIFIED_5QC_CLEAN_ACTIVE,Pass: Active completion run meeting all 5 QC physical screening gates
GC-31,SA-0189_T,2025-08-09 17:30,REDA (Schlumberger),400 Series (REDA D),D1150N,D1150N,291,7250.0,1300.0,1300.0,1138.0,3359.0,2221.0,304.0,144.0,50.0,0.8333,69.0,Mauddud (MA),137779.0,1.0958,0.4506,16.94,24.4,1.1179,1.0504,190.1,1274.3,392.3,44.48,882.0,1213.2,1213.2,331.2,37.55,37.55,OVER_PREDICTION,True,True,True,True,True,True,True,True,1. QUALIFIED_5QC_CLEAN_ACTIVE,Pass: Active completion run meeting all 5 QC physical screening gates
GC-31,SA-0189_T,2025-11-09 08:15,REDA (Schlumberger),400 Series (REDA D),D1150N,D1150N,291,7250.0,1391.7,1391.7,1142.0,3464.0,2322.0,326.0,145.0,50.0,0.8333,68.3,Mauddud (MA),137779.0,1.0958,0.4498,17.74,25.55,1.1183,1.0511,190.8,1250.2,349.2,38.76,901.0,1189.4,1189.4,288.4,32.01,32.01,OVER_PREDICTION,True,True,True,True,True,True,True,True,1. QUALIFIED_5QC_CLEAN_ACTIVE,Pass: Active completion run meeting all 5 QC physical screening gates
GC-31,SA-0189_T,2026-06-05 14:00,REDA (Schlumberger),400 Series (REDA D),D1150N,D1150N,291,7250.0,1599.9,1599.9,1328.0,3150.0,1822.0,243.0,144.0,51.0,0.85,65.0,Mauddud (MA),137779.0,1.0958,0.4464,14.03,19.42,1.1332,1.0596,227.6,1395.9,297.9,27.13,1098.0,1317.3,1317.3,219.3,19.97,19.97,OVER_PREDICTION,True,True,True,True,True,True,True,True,1. QUALIFIED_5QC_CLEAN_ACTIVE,Pass: Active completion run meeting all 5 QC physical screening gates
GC-31,SA-0190_T,2021-02-20 04:30,Baker Hughes (Centrilift),538 Series (Centrilift Centurion),P23,P23,111,7500.0,0.0,-1160.9,3124.0,,,528.0,119.0,50.0,0.8333,85.7,Upper Burgan (UB),199739.0,1.1388,0.468,,,1.1848,1.0436,350.0,,,,1917.0,,,,,,,False,False,False,True,True,False,False,False,7. FAILED_MISSING_TELEMETRY,"Failed Gate 1: Missing Telemetry (PIP=3124.0, PDP=nan)"
GC-31,SA-0190_T,2021-05-09 08:00,Baker Hughes (Centrilift),538 Series (Centrilift Centurion),P23,P23,111,7500.0,0.0,-1082.8,,,,394.0,145.0,50.0,0.8333,83.2,Upper Burgan (UB),199739.0,1.1388,0.4654,,,1.1477,1.0415,262.5,,,,2078.0,,,,,,,False,False,False,True,True,False,False,False,7. FAILED_MISSING_TELEMETRY,"Failed Gate 1: Missing Telemetry (PIP=nan, PDP=nan)"
GC-31,SA-0190_T,2021-10-14 09:15,Baker Hughes (Centrilift),538 Series (Centrilift Centurion),P23,P23,111,7500.0,0.0,-924.7,2919.0,,,379.2,154.2,50.0,0.8333,90.3,Upper Burgan (UB),199739.0,1.1388,0.4728,,,1.1848,1.036,350.0,,,,1909.9,,,,,,,False,False,False,True,True,False,False,False,7. FAILED_MISSING_TELEMETRY,"Failed Gate 1: Missing Telemetry (PIP=2919.0, PDP=nan)"
GC-31,SA-0190_T,2022-02-03 08:00,Baker Hughes (Centrilift),538 Series (Centrilift Centurion),P23,P23,111,7500.0,0.0,-812.8,2683.0,,,291.0,146.0,50.0,0.8333,85.0,Upper Burgan (UB),199739.0,1.1388,0.4672,,,1.1848,1.0447,350.0,,,,1685.0,,,,,,,False,False,False,True,True,False,False,False,7. FAILED_MISSING_TELEMETRY,"Failed Gate 1: Missing Telemetry (PIP=2683.0, PDP=nan)"
GC-31,SA-0190_T,2022-05-27 08:30,Baker Hughes (Centrilift),538 Series (Centrilift Centurion),P23,P23,111,7500.0,0.0,-699.8,2705.0,3548.0,843.0,208.0,150.0,50.0,0.8333,88.5,Upper Burgan (UB),199739.0,1.1388,0.4709,16.13,23.23,1.1848,1.039,350.0,4041.5,2189.5,118.22,1852.0,3890.0,3890.0,2038.0,110.04,110.04,OVER_PREDICTION,True,True,True,True,True,True,False,False,2. QUALIFIED_5QC_HISTORICAL_RUN,Pass 5 QC Gates (Historical Completion Run: Days = -699.8)
GC-31,SA-0190_T,2022-09-27 08:30,Baker Hughes (Centrilift),538 Series (Centrilift Centurion),P23,P23,111,7500.0,0.0,-576.8,3110.0,3591.0,481.0,200.0,142.0,50.0,0.8333,89.2,Upper Burgan (UB),199739.0,1.1388,0.4716,9.19,13.23,1.1848,1.0378,350.0,4041.5,2978.5,280.2,1063.0,3894.3,3894.3,2831.3,266.35,266.35,OVER_PREDICTION,True,True,True,True,True,True,False,False,2. QUALIFIED_5QC_HISTORICAL_RUN,Pass 5 QC Gates (Historical Completion Run: Days = -576.8)
GC-31,SA-0190_T,2024-04-28 09:00,Baker Hughes (Centrilift),538 Series (Centrilift Centurion),P23,P23,111,7500.0,2.2,2.2,3010.0,4001.0,991.0,989.0,123.0,46.0,0.7667,43.1,Upper Burgan (UB),199739.0,1.1388,0.4236,21.08,35.86,1.1848,1.1138,350.0,3718.5,1607.5,76.15,2111.0,3338.6,3338.6,1227.6,58.15,58.15,OVER_PREDICTION,True,True,True,True,True,True,True,True,1. QUALIFIED_5QC_CLEAN_ACTIVE,Pass: Active completion run meeting all 5 QC physical screening gates
GC-31,SA-0190_T,2024-05-21 08:30,Baker Hughes (Centrilift),538 Series (Centrilift Centurion),P23,P23,111,7500.0,25.2,25.2,2842.0,4051.0,1209.0,760.0,146.0,46.0,0.7667,81.1,Upper Burgan (UB),199739.0,1.1388,0.4632,23.52,40.01,1.1848,1.0511,350.0,2168.4,17.4,0.81,2151.0,2062.9,2062.9,-88.1,-4.1,4.1,UNDER_PREDICTION,True,True,True,True,True,True,True,True,1. QUALIFIED_5QC_CLEAN_ACTIVE,Pass: Active completion run meeting all 5 QC physical screening gates
GC-31,SA-0190_T,2024-11-19 08:45,Baker Hughes (Centrilift),538 Series (Centrilift Centurion),P23,P23,111,7500.0,207.2,207.2,2336.0,3879.0,1543.0,436.5,143.7,46.0,0.7667,91.2,Upper Burgan (UB),199739.0,1.1388,0.4737,29.35,49.93,1.1848,1.0345,350.0,1875.1,45.9,2.51,1829.2,1812.6,1812.6,-16.6,-0.91,0.91,UNDER_PREDICTION,True,True,True,True,True,True,True,True,1. QUALIFIED_5QC_CLEAN_ACTIVE,Pass: Active completion run meeting all 5 QC physical screening gates
GC-31,SA-0190_T,2025-03-18 08:15,Baker Hughes (Centrilift),538 Series (Centrilift Centurion),P23,P23,111,7500.0,326.2,326.2,2210.0,3848.0,1638.0,407.0,152.0,46.0,0.7667,89.6,Upper Burgan (UB),199739.0,1.1388,0.472,31.26,53.18,1.1848,1.0371,350.0,1741.0,-52.0,-2.9,1793.0,1678.7,1678.7,-114.3,-6.37,6.37,UNDER_PREDICTION,True,True,True,True,True,True,True,True,1. QUALIFIED_5QC_CLEAN_ACTIVE,Pass: Active completion run meeting all 5 QC physical screening gates
GC-31,SA-0190_T,2025-07-21 08:00,Baker Hughes (Centrilift),538 Series (Centrilift Centurion),P23,P23,111,7500.0,451.2,451.2,2870.0,3888.0,1018.0,397.0,152.0,46.0,0.7667,90.9,Upper Burgan (UB),199739.0,1.1388,0.4734,19.37,32.95,1.1848,1.035,350.0,3718.5,1388.5,59.59,2330.0,3592.8,3592.8,1262.8,54.2,54.2,OVER_PREDICTION,True,True,True,True,True,True,True,True,1. QUALIFIED_5QC_CLEAN_ACTIVE,Pass: Active completion run meeting all 5 QC physical screening gates
GC-31,SA-0190_T,2025-10-08 18:00,Baker Hughes (Centrilift),538 Series (Centrilift Centurion),P23,P23,111,7500.0,530.6,530.6,2477.0,3830.0,1353.0,322.0,153.0,46.0,0.7667,95.8,Upper Burgan (UB),199739.0,1.1388,0.4785,25.47,43.33,1.1848,1.0269,350.0,2082.1,-24.9,-1.18,2107.0,2027.5,2027.5,-79.5,-3.77,3.77,UNDER_PREDICTION,True,True,True,True,True,True,True,True,1. QUALIFIED_5QC_CLEAN_ACTIVE,Pass: Active completion run meeting all 5 QC physical screening gates
GC-31,SA-0190_T,2026-01-17 09:30,Baker Hughes (Centrilift),538 Series (Centrilift Centurion),P23,P23,111,7500.0,631.3,631.3,2298.0,3833.0,1535.0,313.0,142.0,46.0,0.7667,96.1,Upper Burgan (UB),199739.0,1.1388,0.4788,28.88,49.13,1.1848,1.0264,350.0,1903.9,45.9,2.47,1858.0,1854.9,1854.9,-3.1,-0.17,0.17,UNDER_PREDICTION,True,True,True,True,True,True,True,True,1. QUALIFIED_5QC_CLEAN_ACTIVE,Pass: Active completion run meeting all 5 QC physical screening gates
GC-31,SA-0191_T,2021-01-30 08:15,REDA (Schlumberger),513 Series (REDA GN),GN1600,GN1600,200,7250.0,0.0,-1328.7,,,,208.0,145.0,50.0,0.8333,37.0,Mauddud (MA),137779.0,1.0958,0.4172,,,1.1477,1.1004,262.5,,,,1628.0,,,,,,,False,False,False,True,True,False,False,False,7. FAILED_MISSING_TELEMETRY,"Failed Gate 1: Missing Telemetry (PIP=nan, PDP=nan)"
GC-31,SA-0191_T,2021-05-24 10:00,REDA (Schlumberger),513 Series (REDA GN),GN1600,GN1600,200,7250.0,0.0,-1214.6,,,,135.0,148.0,50.0,0.8333,35.1,Mauddud (MA),137779.0,1.0958,0.4152,,,1.1477,1.1029,262.5,,,,1696.0,,,,,,,False,False,False,True,True,False,False,False,7. FAILED_MISSING_TELEMETRY,"Failed Gate 1: Missing Telemetry (PIP=nan, PDP=nan)"
GC-31,SA-0191_T,2021-10-15 08:15,REDA (Schlumberger),513 Series (REDA GN),GN1600,GN1600,200,7250.0,0.0,-1070.7,1315.0,,,252.0,145.5,50.0,0.8333,39.5,Mauddud (MA),137779.0,1.0958,0.4198,,,1.1322,1.0879,225.0,,,,1443.4,,,,,,,False,False,False,True,True,False,False,False,7. FAILED_MISSING_TELEMETRY,"Failed Gate 1: Missing Telemetry (PIP=1315.0, PDP=nan)"
GC-31,SA-0191_T,2022-01-24 08:00,REDA (Schlumberger),513 Series (REDA GN),GN1600,GN1600,200,7250.0,0.0,-969.7,1395.0,,,166.0,145.0,50.0,0.8333,47.6,Mauddud (MA),137779.0,1.0958,0.4283,,,1.1388,1.0822,241.1,,,,1256.0,,,,,,,False,False,False,True,True,False,False,False,7. FAILED_MISSING_TELEMETRY,"Failed Gate 1: Missing Telemetry (PIP=1395.0, PDP=nan)"
GC-31,SA-0191_T,2022-04-24 07:45,REDA (Schlumberger),513 Series (REDA GN),GN1600,GN1600,200,7250.0,0.0,-879.7,,3115.0,,188.3,147.3,52.0,0.8667,55.5,Mauddud (MA),137779.0,1.0958,0.4365,,,1.1477,1.0768,262.5,,,,1282.0,,,,,,,False,False,False,True,True,False,False,False,7. FAILED_MISSING_TELEMETRY,"Failed Gate 1: Missing Telemetry (PIP=nan, PDP=3115.0)"
GC-31,SA-0191_T,2022-08-05 08:15,REDA (Schlumberger),513 Series (REDA GN),GN1600,GN1600,200,7250.0,0.0,-776.7,1646.0,3125.0,1479.0,194.0,148.0,52.0,0.8667,65.7,Mauddud (MA),137779.0,1.0958,0.4471,16.54,22.02,1.1604,1.0682,292.7,2028.1,947.1,87.61,1081.0,1898.7,1898.7,817.7,75.64,75.64,OVER_PREDICTION,True,True,True,True,True,True,False,False,2. QUALIFIED_5QC_HISTORICAL_RUN,Pass 5 QC Gates (Historical Completion Run: Days = -776.7)
GC-31,SA-0191_T,2022-10-14 08:15,REDA (Schlumberger),513 Series (REDA GN),GN1600,GN1600,200,7250.0,0.0,-706.7,1508.0,3121.0,1613.0,187.0,148.0,52.0,0.8667,63.5,Mauddud (MA),137779.0,1.0958,0.4448,18.13,24.14,1.1484,1.0669,264.1,1988.5,1006.5,102.49,982.0,1863.9,1863.9,881.9,89.81,89.81,OVER_PREDICTION,True,True,True,True,True,True,False,False,2. QUALIFIED_5QC_HISTORICAL_RUN,Pass 5 QC Gates (Historical Completion Run: Days = -706.7)
GC-31,SA-0191_T,2022-11-02 08:00,REDA (Schlumberger),513 Series (REDA GN),GN1600,GN1600,200,7250.0,0.0,-687.7,1453.0,3106.0,1653.0,193.0,150.0,45.0,0.75,63.1,Mauddud (MA),137779.0,1.0958,0.4444,18.6,33.07,1.1437,1.0656,252.8,1551.2,64.2,4.32,1487.0,1455.7,1455.7,-31.3,-2.1,2.1,UNDER_PREDICTION,True,True,True,True,True,True,False,False,2. QUALIFIED_5QC_HISTORICAL_RUN,Pass 5 QC Gates (Historical Completion Run: Days = -687.7)
GC-31,SA-0191_T,2023-02-20 08:45,REDA (Schlumberger),513 Series (REDA GN),GN1600,GN1600,200,7250.0,0.0,-577.7,1722.0,3141.0,1419.0,225.0,145.0,52.0,0.8667,57.9,Mauddud (MA),137779.0,1.0958,0.439,16.16,21.51,1.1671,1.0819,308.7,2037.3,718.3,54.46,1319.0,1883.0,1883.0,564.0,42.76,42.76,OVER_PREDICTION,True,True,True,True,True,True,False,False,2. QUALIFIED_5QC_HISTORICAL_RUN,Pass 5 QC Gates (Historical Completion Run: Days = -577.7)
GC-31,SA-0191_T,2023-07-19 08:00,REDA (Schlumberger),513 Series (REDA GN),GN1600,GN1600,200,7250.0,0.0,-428.7,1329.0,3057.0,1728.0,166.0,150.0,50.0,0.8333,69.6,Mauddud (MA),137779.0,1.0958,0.4512,19.15,27.58,1.1333,1.0544,227.8,1845.3,427.3,30.13,1418.0,1750.0,1750.0,332.0,23.41,23.41,OVER_PREDICTION,True,True,True,True,True,True,False,False,2. QUALIFIED_5QC_HISTORICAL_RUN,Pass 5 QC Gates (Historical Completion Run: Days = -428.7)
GC-31,SA-0191_T,2023-11-11 14:15,REDA (Schlumberger),513 Series (REDA GN),GN1600,GN1600,200,7250.0,0.0,-313.5,1307.0,3138.0,1831.0,187.0,153.0,50.0,0.8333,69.6,Mauddud (MA),137779.0,1.0958,0.4512,20.29,29.22,1.1315,1.0539,223.4,1811.0,300.0,19.85,1511.0,1718.4,1718.4,207.4,13.73,13.73,OVER_PREDICTION,True,True,True,True,True,True,False,False,2. QUALIFIED_5QC_HISTORICAL_RUN,Pass 5 QC Gates (Historical Completion Run: Days = -313.5)
GC-31,SA-0191_T,2024-03-09 08:30,REDA (Schlumberger),513 Series (REDA GN),GN1600,GN1600,200,7250.0,0.0,-194.7,1463.0,3472.0,2009.0,224.0,147.0,50.0,0.8333,75.8,Mauddud (MA),137779.0,1.0958,0.4577,21.95,31.61,1.1445,1.0501,254.9,1758.0,866.0,97.09,892.0,1674.1,1674.1,782.1,87.68,87.68,OVER_PREDICTION,True,True,True,True,True,True,False,False,2. QUALIFIED_5QC_HISTORICAL_RUN,Pass 5 QC Gates (Historical Completion Run: Days = -194.7)
GC-31,SA-0191_T,2024-09-21 23:30,REDA (Schlumberger),513 Series (REDA GN),GN1600,GN1600,200,7250.0,1.9,1.9,1396.0,3141.0,1745.0,40.0,145.0,50.0,0.8333,96.2,Mauddud (MA),137779.0,1.0958,0.4789,18.22,26.24,1.1389,1.0245,241.3,1872.0,100.0,5.64,1772.0,1827.2,1827.2,55.2,3.12,3.12,OVER_PREDICTION,True,True,True,True,True,True,True,True,1. QUALIFIED_5QC_CLEAN_ACTIVE,Pass: Active completion run meeting all 5 QC physical screening gates
GC-31,SA-0191_T,2024-10-16 08:45,REDA (Schlumberger),513 Series (REDA GN),GN1600,GN1600,200,7250.0,26.3,26.3,1325.0,3275.0,1950.0,222.0,150.0,50.0,0.8333,74.9,Mauddud (MA),137779.0,1.0958,0.4567,21.35,30.75,1.133,1.0484,227.0,1777.6,181.6,11.38,1596.0,1695.6,1695.6,99.6,6.24,6.24,OVER_PREDICTION,True,True,True,True,True,True,True,True,1. QUALIFIED_5QC_CLEAN_ACTIVE,Pass: Active completion run meeting all 5 QC physical screening gates
GC-31,SA-0191_T,2025-01-28 18:00,REDA (Schlumberger),513 Series (REDA GN),GN1600,GN1600,200,7250.0,130.7,130.7,1310.0,3341.0,2031.0,233.0,149.0,50.0,0.8333,85.0,Mauddud (MA),137779.0,1.0958,0.4672,21.73,31.29,1.1318,1.0368,224.0,1765.4,667.4,60.78,1098.0,1702.8,1702.8,604.8,55.08,55.08,OVER_PREDICTION,True,True,True,True,True,True,True,True,1. QUALIFIED_5QC_CLEAN_ACTIVE,Pass: Active completion run meeting all 5 QC physical screening gates
GC-31,SA-0191_T,2025-08-27 07:45,REDA (Schlumberger),513 Series (REDA GN),GN1600,GN1600,200,7250.0,341.3,341.3,1198.0,3226.0,2028.0,245.0,153.0,50.0,0.8333,84.6,Mauddud (MA),137779.0,1.0958,0.4668,21.72,31.28,1.1227,1.0358,201.8,1765.7,160.7,10.01,1605.0,1704.6,1704.6,99.6,6.21,6.21,OVER_PREDICTION,True,True,True,True,True,True,True,True,1. QUALIFIED_5QC_CLEAN_ACTIVE,Pass: Active completion run meeting all 5 QC physical screening gates
GC-31,SA-0191_T,2025-12-06 08:45,REDA (Schlumberger),513 Series (REDA GN),GN1600,GN1600,200,7250.0,442.3,442.3,1166.0,3174.0,2008.0,205.0,148.0,50.0,0.8333,74.5,Mauddud (MA),137779.0,1.0958,0.4563,22.0,31.68,1.1202,1.0455,195.5,1756.4,188.4,12.02,1568.0,1679.9,1679.9,111.9,7.14,7.14,OVER_PREDICTION,True,True,True,True,True,True,True,True,1. QUALIFIED_5QC_CLEAN_ACTIVE,Pass: Active completion run meeting all 5 QC physical screening gates
GC-31,SA-0191_T,2026-03-11 07:30,REDA (Schlumberger),513 Series (REDA GN),GN1600,GN1600,200,7250.0,537.2,537.2,1125.0,3252.0,2127.0,221.0,149.0,50.0,0.8333,76.0,Mauddud (MA),137779.0,1.0958,0.4579,23.23,33.45,1.1169,1.0433,187.5,1714.1,205.1,13.59,1509.0,1643.0,1643.0,134.0,8.88,8.88,OVER_PREDICTION,True,True,True,True,True,True,True,True,1. QUALIFIED_5QC_CLEAN_ACTIVE,Pass: Active completion run meeting all 5 QC physical screening gates
GC-31,SA-0191_T,2026-06-23 08:00,REDA (Schlumberger),513 Series (REDA GN),GN1600,GN1600,200,7250.0,641.3,641.3,1227.0,3284.0,2057.0,197.0,135.0,50.0,0.8333,76.0,Mauddud (MA),137779.0,1.0958,0.4579,22.46,32.34,1.125,1.0452,207.5,1740.9,842.9,93.86,898.0,1665.6,1665.6,767.6,85.48,85.48,OVER_PREDICTION,True,True,True,True,True,True,True,True,1. QUALIFIED_5QC_CLEAN_ACTIVE,Pass: Active completion run meeting all 5 QC physical screening gates
GC-31,SA-0205_T,2021-01-10 08:45,Halliburton / Summit ESP,400 Series (Summit SF),SF1750,SF1750,373,7550.0,0.0,-1288.0,1379.0,,,345.0,159.0,53.0,0.8833,66.0,Upper Burgan (UB),199739.0,1.1388,0.4474,,,1.1375,1.0599,237.8,,,,2084.0,,,,,,,False,False,False,True,True,False,False,False,7. FAILED_MISSING_TELEMETRY,"Failed Gate 1: Missing Telemetry (PIP=1379.0, PDP=nan)"
GC-31,SA-0205_T,2021-04-26 05:00,Halliburton / Summit ESP,400 Series (Summit SF),SF1750,SF1750,373,7550.0,0.0,-1182.2,1119.0,,,197.0,154.0,52.0,0.8667,67.5,Upper Burgan (UB),199739.0,1.1388,0.449,,,1.1165,1.0513,186.4,,,,2288.0,,,,,,,False,False,False,True,True,False,False,False,7. FAILED_MISSING_TELEMETRY,"Failed Gate 1: Missing Telemetry (PIP=1119.0, PDP=nan)"
GC-31,SA-0205_T,2021-11-17 11:00,Halliburton / Summit ESP,400 Series (Summit SF),SF1750,SF1750,373,7550.0,0.0,-976.9,,,,588.0,141.0,45.0,0.75,100.0,Upper Burgan (UB),199739.0,1.1388,0.4829,,,1.1477,1.02,262.5,,,,2580.0,,,,,,,False,False,False,True,False,False,False,False,7. FAILED_MISSING_TELEMETRY,"Failed Gate 1: Missing Telemetry (PIP=nan, PDP=nan)"
GC-31,SA-0205_T,2021-11-26 09:00,Halliburton / Summit ESP,400 Series (Summit SF),SF1750,SF1750,373,7550.0,0.0,-968.0,1829.0,,,566.3,151.1,45.0,0.75,66.0,Upper Burgan (UB),199739.0,1.1388,0.4474,,,1.1768,1.0733,331.4,,,,2639.5,,,,,,,False,False,False,True,True,False,False,False,7. FAILED_MISSING_TELEMETRY,"Failed Gate 1: Missing Telemetry (PIP=1829.0, PDP=nan)"
GC-31,SA-0205_T,2021-12-23 08:30,Halliburton / Summit ESP,400 Series (Summit SF),SF1750,SF1750,373,7550.0,0.0,-941.0,1830.0,,,515.0,150.0,45.0,0.75,73.2,Upper Burgan (UB),199739.0,1.1388,0.4549,,,1.1769,1.0621,331.6,,,,2299.0,,,,,,,False,False,False,True,True,False,False,False,7. FAILED_MISSING_TELEMETRY,"Failed Gate 1: Missing Telemetry (PIP=1830.0, PDP=nan)"
GC-31,SA-0205_T,2022-03-30 08:00,Halliburton / Summit ESP,400 Series (Summit SF),SF1750,SF1750,373,7550.0,0.0,-844.1,1349.0,3822.7,2473.7,338.0,158.0,45.0,0.75,81.0,Upper Burgan (UB),199739.0,1.1388,0.4631,14.32,25.46,1.135,1.0418,231.8,650.6,-1419.4,-68.57,2070.0,624.5,624.5,-1445.5,-69.83,69.83,UNDER_PREDICTION,True,True,True,True,True,True,False,False,2. QUALIFIED_5QC_HISTORICAL_RUN,Pass 5 QC Gates (Historical Completion Run: Days = -844.1)
GC-31,SA-0205_T,2022-06-10 07:15,Halliburton / Summit ESP,400 Series (Summit SF),SF1750,SF1750,373,7550.0,0.0,-772.1,1376.0,3624.7,2248.7,232.0,156.0,42.0,0.7,80.6,Upper Burgan (UB),199739.0,1.1388,0.4627,13.03,26.59,1.1372,1.0427,237.2,438.2,-1413.8,-76.34,1852.0,420.2,420.2,-1431.8,-77.31,77.31,UNDER_PREDICTION,True,True,True,True,True,True,False,False,2. QUALIFIED_5QC_HISTORICAL_RUN,Pass 5 QC Gates (Historical Completion Run: Days = -772.1)
GC-31,SA-0205_T,2022-09-09 08:00,Halliburton / Summit ESP,400 Series (Summit SF),SF1750,SF1750,373,7550.0,0.0,-681.1,1633.0,1889.0,256.0,334.0,154.0,42.0,0.7,82.8,Upper Burgan (UB),199739.0,1.1388,0.4649,1.48,3.02,1.1592,1.0439,290.0,1582.0,-177.0,-10.06,1759.0,1515.4,1515.4,-243.6,-13.85,13.85,UNDER_PREDICTION,True,True,True,True,True,True,False,False,2. QUALIFIED_5QC_HISTORICAL_RUN,Pass 5 QC Gates (Historical Completion Run: Days = -681.1)
GC-31,SA-0205_T,2023-01-08 07:45,Halliburton / Summit ESP,400 Series (Summit SF),SF1750,SF1750,373,7550.0,0.0,-560.1,1598.0,,,273.0,154.0,42.0,0.7,91.5,Upper Burgan (UB),199739.0,1.1388,0.474,,,1.1562,1.0316,282.7,,,,1901.0,,,,,,,False,False,False,True,True,False,False,False,7. FAILED_MISSING_TELEMETRY,"Failed Gate 1: Missing Telemetry (PIP=1598.0, PDP=nan)"
GC-31,SA-0205_T,2023-04-10 05:00,Halliburton / Summit ESP,400 Series (Summit SF),SF1750,SF1750,373,7550.0,0.0,-468.2,1763.0,1900.0,137.0,294.0,160.0,42.0,0.7,90.5,Upper Burgan (UB),199739.0,1.1388,0.473,0.78,1.59,1.1708,1.0343,317.4,1582.0,-250.0,-13.65,1832.0,1529.5,1529.5,-302.5,-16.51,16.51,UNDER_PREDICTION,True,True,False,True,True,False,False,False,4. FAILED_LOW_LIFT_THRESHOLD,Failed Gate 3: Low Dynamic Lift (Delta P = 137.0 psi < 250 psi threshold)
GC-31,SA-0205_T,2023-09-21 00:30,Halliburton / Summit ESP,400 Series (Summit SF),SF1750,SF1750,373,7550.0,0.0,-304.4,1461.0,3794.0,2333.0,203.0,157.0,51.0,0.85,92.7,Upper Burgan (UB),199739.0,1.1388,0.4753,13.16,18.21,1.1444,1.0291,254.5,1652.1,-864.9,-34.36,2517.0,1605.4,1605.4,-911.6,-36.22,36.22,UNDER_PREDICTION,True,True,True,True,True,True,False,False,2. QUALIFIED_5QC_HISTORICAL_RUN,Pass 5 QC Gates (Historical Completion Run: Days = -304.4)
GC-31,SA-0205_T,2023-10-09 07:45,Halliburton / Summit ESP,400 Series (Summit SF),SF1750,SF1750,373,7550.0,0.0,-286.1,1003.0,3762.0,2759.0,194.0,167.0,53.0,0.8833,95.2,Upper Burgan (UB),199739.0,1.1388,0.4779,15.48,19.84,1.1075,1.0242,164.1,1577.2,-575.8,-26.74,2153.0,1539.9,1539.9,-613.1,-28.48,28.48,UNDER_PREDICTION,True,True,True,True,True,True,False,False,2. QUALIFIED_5QC_HISTORICAL_RUN,Pass 5 QC Gates (Historical Completion Run: Days = -286.1)
GC-31,SA-0205_T,2024-03-29 07:30,Halliburton / Summit ESP,400 Series (Summit SF),SF1750,SF1750,373,7550.0,0.0,-114.1,,,,216.0,154.0,53.0,0.8833,96.6,Upper Burgan (UB),199739.0,1.1388,0.4793,,,1.1477,1.0243,262.5,,,,994.0,,,,,,,False,False,False,True,True,False,False,False,7. FAILED_MISSING_TELEMETRY,"Failed Gate 1: Missing Telemetry (PIP=nan, PDP=nan)"
GC-31,SA-0205_T,2024-07-24 20:15,Halliburton / Summit ESP,400 Series (Summit SF),SF1750,SF1750,373,7550.0,3.5,3.5,843.0,3808.0,2965.0,220.0,136.0,50.0,0.8333,96.0,Upper Burgan (UB),199739.0,1.1388,0.4787,16.61,23.92,1.0957,1.023,134.3,981.6,254.6,35.02,727.0,959.5,959.5,232.5,31.98,31.98,OVER_PREDICTION,True,True,True,True,True,True,True,True,1. QUALIFIED_5QC_CLEAN_ACTIVE,Pass: Active completion run meeting all 5 QC physical screening gates
GC-31,SA-0205_T,2024-08-28 12:30,Halliburton / Summit ESP,400 Series (Summit SF),SF1750,SF1750,373,7550.0,38.1,38.1,658.0,3695.0,3037.0,193.0,125.0,50.0,0.8333,69.0,Upper Burgan (UB),199739.0,1.1388,0.4506,18.07,26.02,1.0828,1.0395,101.2,623.3,236.3,61.06,387.0,599.6,599.6,212.6,54.94,54.94,OVER_PREDICTION,True,True,True,True,True,True,True,True,1. QUALIFIED_5QC_CLEAN_ACTIVE,Pass: Active completion run meeting all 5 QC physical screening gates
GC-31,SA-0205_T,2024-12-11 08:00,Halliburton / Summit ESP,400 Series (Summit SF),SF1750,SF1750,373,7550.0,142.9,142.9,717.0,3724.0,3007.0,220.0,114.0,50.0,0.8333,81.1,Upper Burgan (UB),199739.0,1.1388,0.4632,17.41,25.07,1.0869,1.0326,111.6,790.0,457.0,137.24,333.0,765.0,765.0,432.0,129.73,129.73,OVER_PREDICTION,True,True,True,True,True,True,True,True,1. QUALIFIED_5QC_CLEAN_ACTIVE,Pass: Active completion run meeting all 5 QC physical screening gates
GC-31,SA-0205_T,2025-04-17 08:30,Halliburton / Summit ESP,400 Series (Summit SF),SF1750,SF1750,373,7550.0,270.0,270.0,771.0,3786.0,3015.0,250.0,103.0,50.0,0.8333,83.0,Upper Burgan (UB),199739.0,1.1388,0.4652,17.38,25.03,1.0906,1.032,121.2,796.6,408.6,105.31,388.0,771.9,771.9,383.9,98.94,98.94,OVER_PREDICTION,True,True,True,True,True,True,True,True,1. QUALIFIED_5QC_CLEAN_ACTIVE,Pass: Active completion run meeting all 5 QC physical screening gates
GC-31,SA-0205_T,2025-09-03 22:45,Halliburton / Summit ESP,400 Series (Summit SF),SF1750,SF1750,373,7550.0,409.6,409.6,587.0,3677.0,3090.0,205.0,116.0,51.0,0.85,92.2,Upper Burgan (UB),199739.0,1.1388,0.4747,17.45,24.15,1.0781,1.0245,88.9,963.9,551.9,133.96,412.0,940.8,940.8,528.8,128.35,128.35,OVER_PREDICTION,True,True,True,True,True,True,True,True,1. QUALIFIED_5QC_CLEAN_ACTIVE,Pass: Active completion run meeting all 5 QC physical screening gates
GC-31,SA-0205_T,2025-11-30 12:30,Halliburton / Summit ESP,400 Series (Summit SF),SF1750,SF1750,373,7550.0,497.1,497.1,545.0,3711.0,3166.0,189.0,119.0,51.0,0.85,81.9,Upper Burgan (UB),199739.0,1.1388,0.464,18.29,25.31,1.0754,1.03,81.8,763.3,303.1,65.86,460.2,741.0,741.0,280.8,61.02,61.02,OVER_PREDICTION,True,True,True,True,True,True,True,True,1. QUALIFIED_5QC_CLEAN_ACTIVE,Pass: Active completion run meeting all 5 QC physical screening gates
GC-31,SA-0205_T,2026-03-17 20:45,Halliburton / Summit ESP,400 Series (Summit SF),SF1750,SF1750,373,7550.0,604.5,604.5,448.0,3706.0,3258.0,189.0,111.0,51.0,0.85,84.7,Upper Burgan (UB),199739.0,1.1388,0.4669,18.71,25.9,1.0693,1.0275,65.7,657.9,290.9,79.26,367.0,640.3,640.3,273.3,74.47,74.47,OVER_PREDICTION,True,True,True,True,True,True,True,True,1. QUALIFIED_5QC_CLEAN_ACTIVE,Pass: Active completion run meeting all 5 QC physical screening gates
GC-31,SA-0205_T,2026-07-05 07:30,Halliburton / Summit ESP,400 Series (Summit SF),SF1750,SF1750,373,7550.0,713.9,713.9,460.0,3700.0,3240.0,174.0,122.0,51.0,0.85,78.0,Upper Burgan (UB),199739.0,1.1388,0.4599,18.89,26.15,1.0701,1.031,67.7,612.0,222.0,56.92,390.0,593.6,593.6,203.6,52.21,52.21,OVER_PREDICTION,True,True,True,True,True,True,True,True,1. QUALIFIED_5QC_CLEAN_ACTIVE,Pass: Active completion run meeting all 5 QC physical screening gates
GC-31,SA-0207_T,2021-03-21 08:15,REDA (Schlumberger),538 Series (Wood Group TE),TE-1500,WE-1500,130,7000.0,2739.3,2739.3,1496.0,2846.7,1350.7,172.0,143.0,47.0,0.7833,56.0,Mauddud (MA),137779.0,1.0958,0.437,23.78,38.76,1.1473,1.076,261.6,1995.2,831.2,71.41,1164.0,1854.2,1854.2,690.2,59.3,59.3,OVER_PREDICTION,True,True,True,True,True,True,True,True,1. QUALIFIED_5QC_CLEAN_ACTIVE,Pass: Active completion run meeting all 5 QC physical screening gates
GC-31,SA-0207_T,2021-08-23 10:01,REDA (Schlumberger),538 Series (Wood Group TE),TE-1500,WE-1500,130,7000.0,2894.4,2894.4,1359.0,2816.0,1457.0,161.0,138.0,47.0,0.7833,52.0,Mauddud (MA),137779.0,1.0958,0.4328,25.89,42.2,1.1358,1.0756,233.8,1858.7,799.7,75.51,1059.0,1728.1,1728.1,669.1,63.18,63.18,OVER_PREDICTION,True,True,True,True,True,True,True,True,1. QUALIFIED_5QC_CLEAN_ACTIVE,Pass: Active completion run meeting all 5 QC physical screening gates
GC-31,SA-0207_T,2021-10-15 08:45,REDA (Schlumberger),538 Series (Wood Group TE),TE-1500,WE-1500,130,7000.0,2947.4,2947.4,1356.0,,,237.0,137.3,48.0,0.8,56.8,Mauddud (MA),137779.0,1.0958,0.4378,,,1.1355,1.0699,233.2,,,,771.0,,,,,,,False,False,False,True,True,False,True,False,7. FAILED_MISSING_TELEMETRY,"Failed Gate 1: Missing Telemetry (PIP=1356.0, PDP=nan)"
GC-31,SA-0207_T,2022-02-06 08:00,REDA (Schlumberger),538 Series (Wood Group TE),TE-1500,WE-1500,130,7000.0,3061.3,3061.3,1465.0,,,186.0,138.0,48.0,0.8,68.0,Mauddud (MA),137779.0,1.0958,0.4495,,,1.1447,1.0599,255.3,,,,904.0,,,,,,,False,False,False,True,True,False,True,False,7. FAILED_MISSING_TELEMETRY,"Failed Gate 1: Missing Telemetry (PIP=1465.0, PDP=nan)"
GC-31,SA-0207_T,2022-05-11 08:30,REDA (Schlumberger),538 Series (Wood Group TE),TE-1500,WE-1500,130,7000.0,3155.4,3155.4,1469.0,3039.7,1570.7,192.0,150.0,52.0,0.8667,74.8,Mauddud (MA),137779.0,1.0958,0.4566,26.46,35.23,1.145,1.0515,256.1,2400.8,1072.8,80.78,1328.0,2283.2,2283.2,955.2,71.93,71.93,OVER_PREDICTION,True,True,True,True,True,True,True,True,1. QUALIFIED_5QC_CLEAN_ACTIVE,Pass: Active completion run meeting all 5 QC physical screening gates
GC-31,SA-0207_T,2022-09-09 07:30,REDA (Schlumberger),538 Series (Wood Group TE),TE-1500,WE-1500,130,7000.0,3276.3,3276.3,1511.0,3402.7,1891.7,542.7,141.9,53.0,0.8833,58.9,Mauddud (MA),137779.0,1.0958,0.44,33.07,42.39,1.1486,1.0729,264.7,2088.0,884.9,73.55,1203.1,1946.2,1946.2,743.1,61.77,61.77,OVER_PREDICTION,True,True,True,True,True,True,True,True,1. QUALIFIED_5QC_CLEAN_ACTIVE,Pass: Active completion run meeting all 5 QC physical screening gates
GC-31,SA-0207_T,2023-01-03 09:00,REDA (Schlumberger),538 Series (Wood Group TE),TE-1500,WE-1500,130,7000.0,3392.4,3392.4,1588.0,3407.7,1819.7,361.0,134.0,52.0,0.8667,64.2,Mauddud (MA),137779.0,1.0958,0.4456,31.42,41.83,1.1553,1.0684,280.6,2072.2,758.2,57.7,1314.0,1939.5,1939.5,625.5,47.6,47.6,OVER_PREDICTION,True,True,True,True,True,True,True,True,1. QUALIFIED_5QC_CLEAN_ACTIVE,Pass: Active completion run meeting all 5 QC physical screening gates
GC-31,SA-0207_T,2023-04-01 05:00,REDA (Schlumberger),538 Series (Wood Group TE),TE-1500,WE-1500,130,7000.0,3480.2,3480.2,,,,227.0,132.0,50.0,0.8333,89.9,Mauddud (MA),137779.0,1.0958,0.4723,,,1.1477,1.0329,262.5,,,,1136.0,,,,,,,False,False,False,True,True,False,True,False,7. FAILED_MISSING_TELEMETRY,"Failed Gate 1: Missing Telemetry (PIP=nan, PDP=nan)"
GC-31,SA-0207_T,2023-07-09 05:15,REDA (Schlumberger),538 Series (Wood Group TE),TE-1500,WE-1500,130,7000.0,3579.2,3579.2,,,,228.0,142.0,52.0,0.8667,65.6,Mauddud (MA),137779.0,1.0958,0.447,,,1.1477,1.0639,262.5,,,,1153.0,,,,,,,False,False,False,True,True,False,True,False,7. FAILED_MISSING_TELEMETRY,"Failed Gate 1: Missing Telemetry (PIP=nan, PDP=nan)"
GC-31,SA-0207_T,2023-11-11 09:15,REDA (Schlumberger),538 Series (Wood Group TE),TE-1500,WE-1500,130,7000.0,3704.4,3704.4,1440.0,3120.0,1680.0,199.0,150.0,52.0,0.8667,83.8,Mauddud (MA),137779.0,1.0958,0.466,27.73,36.92,1.1426,1.0399,250.2,2304.3,1177.3,104.46,1127.0,2216.0,2216.0,1089.0,96.63,96.63,OVER_PREDICTION,True,True,True,True,True,True,True,True,1. QUALIFIED_5QC_CLEAN_ACTIVE,Pass: Active completion run meeting all 5 QC physical screening gates
GC-31,SA-0207_T,2024-03-27 10:15,REDA (Schlumberger),538 Series (Wood Group TE),TE-1500,WE-1500,130,7000.0,3841.4,3841.4,1409.0,3165.0,1756.0,217.0,154.0,52.0,0.8667,85.6,Mauddud (MA),137779.0,1.0958,0.4679,28.87,38.43,1.14,1.0373,243.9,2223.6,1050.6,89.57,1173.0,2143.7,2143.7,970.7,82.75,82.75,OVER_PREDICTION,True,True,True,True,True,True,True,True,1. QUALIFIED_5QC_CLEAN_ACTIVE,Pass: Active completion run meeting all 5 QC physical screening gates
GC-31,SA-0207_T,2024-09-11 08:15,REDA (Schlumberger),538 Series (Wood Group TE),TE-1500,WE-1500,130,7000.0,4009.3,4009.3,1394.0,3165.0,1771.0,221.0,150.0,51.8,0.8633,84.0,Mauddud (MA),137779.0,1.0958,0.4662,29.22,39.21,1.1387,1.039,240.9,2177.9,1082.9,98.89,1095.0,2096.2,2096.2,1001.2,91.43,91.43,OVER_PREDICTION,True,True,True,True,True,True,True,True,1. QUALIFIED_5QC_CLEAN_ACTIVE,Pass: Active completion run meeting all 5 QC physical screening gates
GC-31,SA-0207_T,2025-01-07 08:45,REDA (Schlumberger),538 Series (Wood Group TE),TE-1500,WE-1500,130,7000.0,4127.4,4127.4,1392.0,3208.0,1816.0,250.0,148.0,52.2,0.87,80.3,Mauddud (MA),137779.0,1.0958,0.4623,30.21,39.91,1.1385,1.0434,240.5,2162.8,1078.1,99.39,1084.7,2072.9,2072.9,988.2,91.1,91.1,OVER_PREDICTION,True,True,True,True,True,True,True,True,1. QUALIFIED_5QC_CLEAN_ACTIVE,Pass: Active completion run meeting all 5 QC physical screening gates
GC-31,SA-0207_T,2025-05-20 08:15,REDA (Schlumberger),538 Series (Wood Group TE),TE-1500,WE-1500,130,7000.0,4260.3,4260.3,1206.0,3063.0,1857.0,264.0,138.0,54.0,0.9,66.4,Mauddud (MA),137779.0,1.0958,0.4479,31.9,39.38,1.1233,1.0547,203.4,2262.3,1254.3,124.43,1008.0,2144.9,2144.9,1136.9,112.79,112.79,OVER_PREDICTION,True,True,True,True,True,True,True,True,1. QUALIFIED_5QC_CLEAN_ACTIVE,Pass: Active completion run meeting all 5 QC physical screening gates
GC-31,SA-0207_T,2025-09-14 11:30,REDA (Schlumberger),538 Series (Wood Group TE),TE-1500,WE-1500,130,7000.0,4377.5,4377.5,1107.0,3142.0,2035.0,288.0,148.0,55.0,0.9167,61.7,Mauddud (MA),137779.0,1.0958,0.443,35.34,42.05,1.1155,1.0566,184.0,2181.7,1158.7,113.26,1023.0,2064.9,2064.9,1041.9,101.85,101.85,OVER_PREDICTION,True,True,True,True,True,True,True,True,1. QUALIFIED_5QC_CLEAN_ACTIVE,Pass: Active completion run meeting all 5 QC physical screening gates
GC-31,SA-0207_T,2025-12-21 06:15,REDA (Schlumberger),538 Series (Wood Group TE),TE-1500,WE-1500,130,7000.0,4475.3,4475.3,1165.0,2963.0,1798.0,234.0,111.0,40.0,0.6667,61.0,Mauddud (MA),137779.0,1.0958,0.4422,31.28,70.37,1.1201,1.059,195.3,420.0,-770.0,-64.71,1190.0,396.6,396.6,-793.4,-66.67,66.67,UNDER_PREDICTION,True,True,True,True,True,True,True,True,1. QUALIFIED_5QC_CLEAN_ACTIVE,Pass: Active completion run meeting all 5 QC physical screening gates
GC-31,SA-0207_T,2026-07-25 07:00,REDA (Schlumberger),538 Series (Wood Group TE),TE-1500,WE-1500,130,7000.0,4691.3,4691.3,1115.0,3099.0,1984.0,260.0,144.0,55.0,0.9167,57.1,Mauddud (MA),137779.0,1.0958,0.4382,34.83,41.45,1.1161,1.0612,185.6,2208.4,1185.4,115.87,1023.0,2080.9,2080.9,1057.9,103.41,103.41,OVER_PREDICTION,True,True,True,True,True,True,True,True,1. QUALIFIED_5QC_CLEAN_ACTIVE,Pass: Active completion run meeting all 5 QC physical screening gates
GC-31,SA-0212_T,2021-02-25 08:15,REDA (Schlumberger),538 Series (REDA SN),SN2600,SN2600,156,7100.0,0.0,-543.5,1759.0,,,188.0,156.0,57.0,0.95,63.8,Mauddud (MA),137779.0,1.0958,0.4451,,,1.1705,1.0745,316.5,,,,1841.0,,,,,,,False,False,False,True,True,False,False,False,7. FAILED_MISSING_TELEMETRY,"Failed Gate 1: Missing Telemetry (PIP=1759.0, PDP=nan)"
GC-31,SA-0212_T,2021-07-21 06:30,REDA (Schlumberger),538 Series (REDA SN),SN2600,SN2600,156,7100.0,0.0,-397.6,1581.0,,,256.0,156.0,57.0,0.95,56.0,Mauddud (MA),137779.0,1.0958,0.437,,,1.1547,1.0793,279.2,,,,1556.0,,,,,,,False,False,False,True,True,False,False,False,7. FAILED_MISSING_TELEMETRY,"Failed Gate 1: Missing Telemetry (PIP=1581.0, PDP=nan)"
GC-31,SA-0212_T,2021-09-08 08:30,REDA (Schlumberger),538 Series (REDA SN),SN2600,SN2600,156,7100.0,0.0,-348.5,1612.0,3004.0,1392.0,209.0,160.0,57.0,0.95,62.0,Mauddud (MA),137779.0,1.0958,0.4433,20.13,22.3,1.1574,1.0722,285.6,3310.6,1712.6,107.17,1598.0,3087.6,3087.6,1489.6,93.22,93.22,OVER_PREDICTION,True,True,True,True,True,True,False,False,2. QUALIFIED_5QC_HISTORICAL_RUN,Pass 5 QC Gates (Historical Completion Run: Days = -348.5)
GC-31,SA-0212_T,2021-12-16 10:45,REDA (Schlumberger),538 Series (REDA SN),SN2600,SN2600,156,7100.0,0.0,-249.4,,,,188.0,151.0,57.0,0.95,54.0,Mauddud (MA),137779.0,1.0958,0.4349,,,1.1477,1.0787,262.5,,,,1626.0,,,,,,,False,False,False,True,True,False,False,False,7. FAILED_MISSING_TELEMETRY,"Failed Gate 1: Missing Telemetry (PIP=nan, PDP=nan)"
GC-31,SA-0212_T,2022-03-23 09:00,REDA (Schlumberger),538 Series (REDA SN),SN2600,SN2600,156,7100.0,0.0,-152.5,1705.0,2912.0,1207.0,190.0,158.0,57.0,0.95,65.2,Mauddud (MA),137779.0,1.0958,0.4466,17.32,19.19,1.1656,1.0707,305.1,3375.7,1483.7,78.42,1892.0,3152.9,3152.9,1260.9,66.64,66.64,OVER_PREDICTION,True,True,True,True,True,True,False,False,2. QUALIFIED_5QC_HISTORICAL_RUN,Pass 5 QC Gates (Historical Completion Run: Days = -152.5)
GC-31,SA-0212_T,2022-06-27 07:00,REDA (Schlumberger),538 Series (REDA SN),SN2600,SN2600,156,7100.0,0.0,-56.5,1717.0,3030.0,1313.0,207.0,158.0,57.0,0.95,64.0,Mauddud (MA),137779.0,1.0958,0.4454,18.9,20.94,1.1667,1.0728,307.6,3339.8,1573.8,89.12,1766.0,3113.1,3113.1,1347.1,76.28,76.28,OVER_PREDICTION,True,True,True,True,True,True,False,False,2. QUALIFIED_5QC_HISTORICAL_RUN,Pass 5 QC Gates (Historical Completion Run: Days = -56.5)
GC-31,SA-0212_T,2022-09-15 07:30,REDA (Schlumberger),538 Series (REDA SN),SN2600,SN2600,156,7100.0,23.5,23.5,1504.0,3134.0,1630.0,225.2,152.7,50.0,0.8333,63.8,Mauddud (MA),137779.0,1.0958,0.4451,23.47,33.8,1.148,1.0663,263.3,2641.8,541.0,25.75,2100.8,2477.4,2477.4,376.6,17.93,17.93,OVER_PREDICTION,True,True,True,True,True,True,True,True,1. QUALIFIED_5QC_CLEAN_ACTIVE,Pass: Active completion run meeting all 5 QC physical screening gates
GC-31,SA-0212_T,2023-02-04 08:15,REDA (Schlumberger),538 Series (REDA SN),SN2600,SN2600,156,7100.0,165.5,165.5,1507.0,3376.0,1869.0,252.0,156.0,53.0,0.8833,63.8,Mauddud (MA),137779.0,1.0958,0.4451,26.91,34.49,1.1483,1.0664,263.9,2779.7,741.7,36.39,2038.0,2606.5,2606.5,568.5,27.89,27.89,OVER_PREDICTION,True,True,True,True,True,True,True,True,1. QUALIFIED_5QC_CLEAN_ACTIVE,Pass: Active completion run meeting all 5 QC physical screening gates
GC-31,SA-0212_T,2023-06-10 11:00,REDA (Schlumberger),538 Series (REDA SN),SN2600,SN2600,156,7100.0,291.6,291.6,1341.0,3153.0,1812.0,248.0,156.0,53.0,0.8833,73.2,Mauddud (MA),137779.0,1.0958,0.4549,25.53,32.72,1.1343,1.0506,230.2,2831.3,336.3,13.48,2495.0,2694.8,2694.8,199.8,8.01,8.01,OVER_PREDICTION,True,True,True,True,True,True,True,True,1. QUALIFIED_5QC_CLEAN_ACTIVE,Pass: Active completion run meeting all 5 QC physical screening gates
GC-31,SA-0212_T,2023-09-23 08:45,REDA (Schlumberger),538 Series (REDA SN),SN2600,SN2600,156,7100.0,396.5,396.5,1323.0,3150.0,1827.0,233.0,158.0,53.0,0.8833,78.9,Mauddud (MA),137779.0,1.0958,0.4609,25.41,32.57,1.1328,1.0438,226.6,2835.4,337.4,13.51,2498.0,2716.4,2716.4,218.4,8.74,8.74,OVER_PREDICTION,True,True,True,True,True,True,True,True,1. QUALIFIED_5QC_CLEAN_ACTIVE,Pass: Active completion run meeting all 5 QC physical screening gates
GC-31,SA-0212_T,2024-01-03 08:45,REDA (Schlumberger),538 Series (REDA SN),SN2600,SN2600,156,7100.0,498.5,498.5,1420.0,3198.0,1778.0,273.0,158.0,53.0,0.8833,75.8,Mauddud (MA),137779.0,1.0958,0.4577,24.9,31.91,1.1409,1.0493,246.1,2853.6,358.6,14.37,2495.0,2719.6,2719.6,224.6,9.0,9.0,OVER_PREDICTION,True,True,True,True,True,True,True,True,1. QUALIFIED_5QC_CLEAN_ACTIVE,Pass: Active completion run meeting all 5 QC physical screening gates
GC-31,SA-0212_T,2024-05-05 08:45,REDA (Schlumberger),538 Series (REDA SN),SN2600,SN2600,156,7100.0,621.5,621.5,1447.0,3296.0,1849.0,308.0,158.0,53.0,0.8833,80.9,Mauddud (MA),137779.0,1.0958,0.463,25.6,32.81,1.1432,1.0435,251.6,2828.8,382.8,15.65,2446.0,2710.8,2710.8,264.8,10.83,10.83,OVER_PREDICTION,True,True,True,True,True,True,True,True,1. QUALIFIED_5QC_CLEAN_ACTIVE,Pass: Active completion run meeting all 5 QC physical screening gates
GC-31,SA-0212_T,2024-09-13 08:45,REDA (Schlumberger),538 Series (REDA SN),SN2600,SN2600,156,7100.0,752.5,752.5,1355.0,3200.0,1845.0,286.0,161.0,53.0,0.8833,72.5,Mauddud (MA),137779.0,1.0958,0.4542,26.04,33.38,1.1355,1.0518,233.0,2812.4,382.4,15.74,2430.0,2674.0,2674.0,244.0,10.04,10.04,OVER_PREDICTION,True,True,True,True,True,True,True,True,1. QUALIFIED_5QC_CLEAN_ACTIVE,Pass: Active completion run meeting all 5 QC physical screening gates
GC-31,SA-0212_T,2025-01-23 08:15,REDA (Schlumberger),538 Series (REDA SN),SN2600,SN2600,156,7100.0,884.5,884.5,1573.0,3291.0,1718.0,297.0,159.0,53.0,0.8833,75.6,Mauddud (MA),137779.0,1.0958,0.4574,24.07,30.85,1.154,1.0527,277.5,2882.0,388.6,15.59,2493.4,2737.7,2737.7,244.3,9.8,9.8,OVER_PREDICTION,True,True,True,True,True,True,True,True,1. QUALIFIED_5QC_CLEAN_ACTIVE,Pass: Active completion run meeting all 5 QC physical screening gates
GC-31,SA-0212_T,2025-08-23 16:30,REDA (Schlumberger),538 Series (REDA SN),SN2600,SN2600,156,7100.0,1096.9,1096.9,1562.0,3908.0,2346.0,329.0,163.0,53.0,0.8833,73.0,Mauddud (MA),137779.0,1.0958,0.4547,33.07,42.39,1.153,1.0559,275.2,2488.7,1133.7,83.67,1355.0,2356.9,2356.9,1001.9,73.94,73.94,OVER_PREDICTION,True,True,True,True,True,True,True,True,1. QUALIFIED_5QC_CLEAN_ACTIVE,Pass: Active completion run meeting all 5 QC physical screening gates
GC-31,SA-0212_T,2025-11-24 18:30,REDA (Schlumberger),538 Series (REDA SN),SN2600,SN2600,156,7100.0,1189.9,1189.9,1504.0,3767.0,2263.0,338.0,150.0,53.0,0.8833,71.9,Mauddud (MA),137779.0,1.0958,0.4536,31.98,40.99,1.148,1.056,263.3,2550.2,888.2,53.44,1662.0,2415.0,2415.0,753.0,45.31,45.31,OVER_PREDICTION,True,True,True,True,True,True,True,True,1. QUALIFIED_5QC_CLEAN_ACTIVE,Pass: Active completion run meeting all 5 QC physical screening gates
GC-31,SA-0212_T,2026-03-17 22:45,REDA (Schlumberger),538 Series (REDA SN),SN2600,SN2600,156,7100.0,1303.1,1303.1,1340.0,3359.0,2019.0,328.0,167.0,55.0,0.9167,68.0,Mauddud (MA),137779.0,1.0958,0.4495,28.79,34.26,1.1342,1.0566,230.0,2892.0,871.0,43.1,2021.0,2737.2,2737.2,716.2,35.44,35.44,OVER_PREDICTION,True,True,True,True,True,True,True,True,1. QUALIFIED_5QC_CLEAN_ACTIVE,Pass: Active completion run meeting all 5 QC physical screening gates
GC-31,SA-0213_T,2021-02-23 09:45,Halliburton / Summit ESP,400 Series (Summit SF),SF1750,SF1750,375,7300.0,0.0,-271.7,1194.0,3157.0,1963.0,312.0,145.0,45.0,0.75,61.6,Mauddud (MA),137779.0,1.0958,0.4429,11.82,21.01,1.1224,1.0593,201.0,1235.4,55.4,4.69,1180.0,1166.2,1166.2,-13.8,-1.17,1.17,UNDER_PREDICTION,True,True,True,True,True,True,False,False,2. QUALIFIED_5QC_HISTORICAL_RUN,Pass 5 QC Gates (Historical Completion Run: Days = -271.7)
GC-31,SA-0213_T,2021-11-24 16:10,Halliburton / Summit ESP,400 Series (Summit SF),SF1750,SF1750,375,7300.0,2.6,2.6,1664.0,,,299.5,151.6,58.0,0.9667,92.3,Mauddud (MA),137779.0,1.0958,0.4748,,,1.162,1.0309,296.5,,,,2509.1,,,,,,,False,False,False,True,True,False,True,False,7. FAILED_MISSING_TELEMETRY,"Failed Gate 1: Missing Telemetry (PIP=1664.0, PDP=nan)"
GC-31,SA-0213_T,2021-11-24 20:10,Halliburton / Summit ESP,400 Series (Summit SF),SF1750,SF1750,375,7300.0,2.7,2.7,1688.0,,,297.4,149.7,50.0,0.8333,88.4,Mauddud (MA),137779.0,1.0958,0.4708,,,1.1641,1.0367,301.5,,,,1837.5,,,,,,,False,False,False,True,True,False,True,False,7. FAILED_MISSING_TELEMETRY,"Failed Gate 1: Missing Telemetry (PIP=1688.0, PDP=nan)"
GC-31,SA-0213_T,2021-12-07 09:30,Halliburton / Summit ESP,400 Series (Summit SF),SF1750,SF1750,375,7300.0,15.3,15.3,1480.0,,,211.0,145.0,50.0,0.8333,78.0,Mauddud (MA),137779.0,1.0958,0.4599,,,1.146,1.0477,258.4,,,,1630.0,,,,,,,False,False,False,True,True,False,True,False,7. FAILED_MISSING_TELEMETRY,"Failed Gate 1: Missing Telemetry (PIP=1480.0, PDP=nan)"
GC-31,SA-0213_T,2022-05-27 10:45,Halliburton / Summit ESP,400 Series (Summit SF),SF1750,SF1750,375,7300.0,186.3,186.3,1475.0,3126.0,1651.0,170.0,150.0,50.0,0.8333,70.0,Mauddud (MA),137779.0,1.0958,0.4516,9.75,14.04,1.1455,1.0577,257.3,1863.7,146.7,8.54,1717.0,1762.1,1762.1,45.1,2.63,2.63,OVER_PREDICTION,True,True,True,True,True,True,True,True,1. QUALIFIED_5QC_CLEAN_ACTIVE,Pass: Active completion run meeting all 5 QC physical screening gates
GC-31,SA-0213_T,2022-09-28 08:00,Halliburton / Summit ESP,400 Series (Summit SF),SF1750,SF1750,375,7300.0,310.2,310.2,1422.0,3175.0,1753.0,172.0,149.0,50.0,0.8333,69.1,Mauddud (MA),137779.0,1.0958,0.4507,10.37,14.93,1.1411,1.0574,246.5,1819.7,198.7,12.26,1621.0,1720.9,1720.9,99.9,6.16,6.16,OVER_PREDICTION,True,True,True,True,True,True,True,True,1. QUALIFIED_5QC_CLEAN_ACTIVE,Pass: Active completion run meeting all 5 QC physical screening gates
GC-31,SA-0213_T,2023-01-24 08:00,Halliburton / Summit ESP,400 Series (Summit SF),SF1750,SF1750,375,7300.0,428.2,428.2,1408.0,3284.0,1876.0,219.0,154.0,50.0,0.8333,73.0,Mauddud (MA),137779.0,1.0958,0.4547,11.0,15.84,1.1399,1.0524,243.7,1770.5,241.5,15.79,1529.0,1682.4,1682.4,153.4,10.03,10.03,OVER_PREDICTION,True,True,True,True,True,True,True,True,1. QUALIFIED_5QC_CLEAN_ACTIVE,Pass: Active completion run meeting all 5 QC physical screening gates
GC-31,SA-0213_T,2023-05-12 07:00,Halliburton / Summit ESP,400 Series (Summit SF),SF1750,SF1750,375,7300.0,536.2,536.2,1349.0,3365.0,2016.0,208.0,144.0,50.0,0.8333,69.6,Mauddud (MA),137779.0,1.0958,0.4512,11.92,17.17,1.135,1.055,231.8,1691.0,129.0,8.26,1562.0,1602.9,1602.9,40.9,2.62,2.62,OVER_PREDICTION,True,True,True,True,True,True,True,True,1. QUALIFIED_5QC_CLEAN_ACTIVE,Pass: Active completion run meeting all 5 QC physical screening gates
GC-31,SA-0213_T,2023-08-31 09:00,Halliburton / Summit ESP,400 Series (Summit SF),SF1750,SF1750,375,7300.0,647.3,647.3,1336.0,3539.0,2203.0,211.0,151.0,50.0,0.8333,84.7,Mauddud (MA),137779.0,1.0958,0.4669,12.58,18.12,1.1339,1.0374,229.2,1626.3,935.3,135.35,691.0,1567.6,1567.6,876.6,126.86,126.86,OVER_PREDICTION,True,True,True,True,True,True,True,True,1. QUALIFIED_5QC_CLEAN_ACTIVE,Pass: Active completion run meeting all 5 QC physical screening gates
GC-31,SA-0213_T,2024-02-09 08:45,Halliburton / Summit ESP,400 Series (Summit SF),SF1750,SF1750,375,7300.0,809.3,809.3,1420.0,3594.0,2174.0,238.0,147.0,51.0,0.85,75.0,Mauddud (MA),137779.0,1.0958,0.4568,12.69,17.56,1.1409,1.0502,246.1,1698.6,549.6,47.83,1149.0,1617.4,1617.4,468.4,40.77,40.77,OVER_PREDICTION,True,True,True,True,True,True,True,True,1. QUALIFIED_5QC_CLEAN_ACTIVE,Pass: Active completion run meeting all 5 QC physical screening gates
GC-31,SA-0213_T,2024-06-15 08:30,Halliburton / Summit ESP,400 Series (Summit SF),SF1750,SF1750,375,7300.0,936.2,936.2,1440.0,3598.0,2158.0,252.0,154.0,54.0,0.9,78.4,Mauddud (MA),137779.0,1.0958,0.4604,12.5,15.43,1.1426,1.0465,250.2,1936.8,446.8,29.99,1490.0,1850.8,1850.8,360.8,24.21,24.21,OVER_PREDICTION,True,True,True,True,True,True,True,True,1. QUALIFIED_5QC_CLEAN_ACTIVE,Pass: Active completion run meeting all 5 QC physical screening gates
GC-31,SA-0213_T,2024-12-14 08:00,Halliburton / Summit ESP,400 Series (Summit SF),SF1750,SF1750,375,7300.0,1118.2,1118.2,1756.0,3431.0,1675.0,293.0,154.0,54.0,0.9,80.0,Mauddud (MA),137779.0,1.0958,0.462,9.67,11.94,1.1702,1.05,315.9,2034.0,-2.0,-0.1,2036.0,1937.1,1937.1,-98.9,-4.86,4.86,UNDER_PREDICTION,True,True,True,True,True,True,True,True,1. QUALIFIED_5QC_CLEAN_ACTIVE,Pass: Active completion run meeting all 5 QC physical screening gates
GC-31,SA-0213_T,2025-04-06 08:45,Halliburton / Summit ESP,400 Series (Summit SF),SF1750,SF1750,375,7300.0,1231.3,1231.3,1783.0,3440.0,1657.0,290.0,154.0,53.0,0.8833,83.3,Mauddud (MA),137779.0,1.0958,0.4655,9.49,12.16,1.1726,1.0455,321.6,1996.3,-7.7,-0.38,2004.0,1909.4,1909.4,-94.6,-4.72,4.72,UNDER_PREDICTION,True,True,True,True,True,True,True,True,1. QUALIFIED_5QC_CLEAN_ACTIVE,Pass: Active completion run meeting all 5 QC physical screening gates
GC-31,SA-0213_T,2025-07-27 21:15,Halliburton / Summit ESP,400 Series (Summit SF),SF1750,SF1750,375,7300.0,1343.8,1343.8,1513.0,3414.0,1901.0,274.0,146.0,53.0,0.8833,80.0,Mauddud (MA),137779.0,1.0958,0.462,10.97,14.06,1.1488,1.0458,265.1,1974.4,222.4,12.69,1752.0,1888.0,1888.0,136.0,7.76,7.76,OVER_PREDICTION,True,True,True,True,True,True,True,True,1. QUALIFIED_5QC_CLEAN_ACTIVE,Pass: Active completion run meeting all 5 QC physical screening gates
GC-31,SA-0213_T,2025-10-09 09:00,Halliburton / Summit ESP,400 Series (Summit SF),SF1750,SF1750,375,7300.0,1417.3,1417.3,1444.0,3368.0,1924.0,284.0,148.0,53.0,0.8833,84.5,Mauddud (MA),137779.0,1.0958,0.4667,10.99,14.09,1.1429,1.0391,251.0,1972.9,754.9,61.98,1218.0,1898.7,1898.7,680.7,55.89,55.89,OVER_PREDICTION,True,True,True,True,True,True,True,True,1. QUALIFIED_5QC_CLEAN_ACTIVE,Pass: Active completion run meeting all 5 QC physical screening gates
GC-31,SA-0213_T,2026-01-17 17:00,Halliburton / Summit ESP,400 Series (Summit SF),SF1750,SF1750,375,7300.0,1517.6,1517.6,1538.0,3454.0,1916.0,278.0,156.0,53.0,0.8833,80.0,Mauddud (MA),137779.0,1.0958,0.462,11.06,14.18,1.151,1.0462,270.3,1968.2,380.2,23.94,1588.0,1881.3,1881.3,293.3,18.47,18.47,OVER_PREDICTION,True,True,True,True,True,True,True,True,1. QUALIFIED_5QC_CLEAN_ACTIVE,Pass: Active completion run meeting all 5 QC physical screening gates
GC-31,SA-0213_T,2026-06-05 12:15,Halliburton / Summit ESP,400 Series (Summit SF),SF1750,SF1750,375,7300.0,1656.4,1656.4,1490.0,3335.0,1845.0,170.0,153.0,55.0,0.9167,91.4,Mauddud (MA),137779.0,1.0958,0.4739,10.38,12.35,1.1468,1.0309,260.4,2071.7,146.7,7.62,1925.0,2009.6,2009.6,84.6,4.39,4.39,OVER_PREDICTION,True,True,True,True,True,True,True,True,1. QUALIFIED_5QC_CLEAN_ACTIVE,Pass: Active completion run meeting all 5 QC physical screening gates
GC-31,SA-0217_T,2021-01-16 09:00,Alkhorayef (ACC),538 Series (ACC WE),WE-2600c,WE-2600,130,7200.0,0.0,-433.7,3187.0,,,387.0,160.0,55.0,0.9167,95.0,Mauddud (MA),137779.0,1.0958,0.4702,,,1.1848,1.0282,350.0,,,,3282.0,,,,,,,False,False,False,True,True,False,False,False,7. FAILED_MISSING_TELEMETRY,"Failed Gate 1: Missing Telemetry (PIP=3187.0, PDP=nan)"
GC-31,SA-0217_T,2021-04-23 05:45,Alkhorayef (ACC),538 Series (ACC WE),WE-2600c,WE-2600,130,7200.0,0.0,-336.8,3013.0,,,366.0,161.0,50.0,0.8333,96.0,Mauddud (MA),137779.0,1.0958,0.4712,,,1.1848,1.0266,350.0,,,,3321.0,,,,,,,False,False,False,True,True,False,False,False,7. FAILED_MISSING_TELEMETRY,"Failed Gate 1: Missing Telemetry (PIP=3013.0, PDP=nan)"
GC-31,SA-0217_T,2021-10-15 08:15,Alkhorayef (ACC),538 Series (ACC WE),WE-2600c,WE-2600,130,7200.0,0.0,-161.7,,,,286.0,165.0,54.0,0.9,90.0,Mauddud (MA),137779.0,1.0958,0.4654,,,1.1477,1.0328,262.5,,,,2749.0,,,,,,,False,False,False,True,True,False,False,False,7. FAILED_MISSING_TELEMETRY,"Failed Gate 1: Missing Telemetry (PIP=nan, PDP=nan)"
GC-31,SA-0217_T,2022-04-14 07:00,Alkhorayef (ACC),538 Series (ACC WE),WE-2600c,WE-2600,130,7200.0,19.2,19.2,1331.0,3010.0,1679.0,149.0,141.0,50.0,0.8333,78.6,Mauddud (MA),137779.0,1.0958,0.4544,28.42,40.93,1.1335,1.0443,228.2,2424.9,1024.9,73.21,1400.0,2322.1,2322.1,922.1,65.86,65.86,OVER_PREDICTION,True,True,True,True,True,True,True,True,1. QUALIFIED_5QC_CLEAN_ACTIVE,Pass: Active completion run meeting all 5 QC physical screening gates
GC-31,SA-0217_T,2022-07-07 11:30,Alkhorayef (ACC),538 Series (ACC WE),WE-2600c,WE-2600,130,7200.0,103.4,103.4,1218.0,2986.0,1768.0,164.0,149.0,50.0,0.8333,70.0,Mauddud (MA),137779.0,1.0958,0.4461,30.49,43.91,1.1243,1.0513,205.7,2301.3,659.3,40.15,1642.0,2189.0,2189.0,547.0,33.31,33.31,OVER_PREDICTION,True,True,True,True,True,True,True,True,1. QUALIFIED_5QC_CLEAN_ACTIVE,Pass: Active completion run meeting all 5 QC physical screening gates
GC-31,SA-0217_T,2022-11-12 08:15,Alkhorayef (ACC),538 Series (ACC WE),WE-2600c,WE-2600,130,7200.0,231.3,231.3,1143.0,3026.7,1883.7,156.0,146.0,50.0,0.8333,73.4,Mauddud (MA),137779.0,1.0958,0.4494,32.24,46.43,1.1183,1.0462,191.0,2172.7,790.7,57.21,1382.0,2076.8,2076.8,694.8,50.27,50.27,OVER_PREDICTION,True,True,True,True,True,True,True,True,1. QUALIFIED_5QC_CLEAN_ACTIVE,Pass: Active completion run meeting all 5 QC physical screening gates
GC-31,SA-0217_T,2023-02-06 08:45,Alkhorayef (ACC),538 Series (ACC WE),WE-2600c,WE-2600,130,7200.0,317.3,317.3,1307.0,3212.7,1905.7,204.0,160.0,50.0,0.8333,80.0,Mauddud (MA),137779.0,1.0958,0.4558,32.16,46.31,1.1315,1.0423,223.4,2179.4,100.4,4.83,2079.0,2090.9,2090.9,11.9,0.57,0.57,OVER_PREDICTION,True,True,True,True,True,True,True,True,1. QUALIFIED_5QC_CLEAN_ACTIVE,Pass: Active completion run meeting all 5 QC physical screening gates
GC-31,SA-0217_T,2023-03-05 08:00,Alkhorayef (ACC),538 Series (ACC WE),WE-2600c,WE-2600,130,7200.0,344.2,344.2,1461.0,3250.0,1789.0,219.0,155.0,48.5,0.8083,80.0,Mauddud (MA),137779.0,1.0958,0.4558,30.2,46.22,1.1444,1.0449,254.5,2118.8,608.8,40.32,1510.0,2027.8,2027.8,517.8,34.29,34.29,OVER_PREDICTION,True,True,True,True,True,True,True,True,1. QUALIFIED_5QC_CLEAN_ACTIVE,Pass: Active completion run meeting all 5 QC physical screening gates
GC-31,SA-0217_T,2023-06-28 08:45,Alkhorayef (ACC),538 Series (ACC WE),WE-2600c,WE-2600,130,7200.0,459.3,459.3,,,,145.2,131.7,52.0,0.8667,82.3,Mauddud (MA),137779.0,1.0958,0.458,,,1.1477,1.0426,262.5,,,,431.3,,,,,,,False,False,False,True,True,False,True,False,7. FAILED_MISSING_TELEMETRY,"Failed Gate 1: Missing Telemetry (PIP=nan, PDP=nan)"
GC-31,SA-0217_T,2023-11-10 08:45,Alkhorayef (ACC),538 Series (ACC WE),WE-2600c,WE-2600,130,7200.0,594.3,594.3,,,,198.0,144.0,58.0,0.9667,59.9,Mauddud (MA),137779.0,1.0958,0.4364,,,1.1477,1.0712,262.5,,,,995.0,,,,,,,False,False,False,True,True,False,True,False,7. FAILED_MISSING_TELEMETRY,"Failed Gate 1: Missing Telemetry (PIP=nan, PDP=nan)"
GC-31,SA-0217_T,2024-03-26 08:45,Alkhorayef (ACC),538 Series (ACC WE),WE-2600c,WE-2600,130,7200.0,731.3,731.3,,,,255.0,149.0,55.0,0.9167,63.9,Mauddud (MA),137779.0,1.0958,0.4402,,,1.1477,1.0661,262.5,,,,1396.0,,,,,,,False,False,False,True,True,False,True,False,7. FAILED_MISSING_TELEMETRY,"Failed Gate 1: Missing Telemetry (PIP=nan, PDP=nan)"
GC-31,SA-0217_T,2024-12-09 09:15,Alkhorayef (ACC),538 Series (ACC WE),WE-2600c,WE-2600,130,7200.0,989.3,989.3,,,,245.0,151.0,56.0,0.9333,75.5,Mauddud (MA),137779.0,1.0958,0.4514,,,1.1477,1.0513,262.5,,,,1309.0,,,,,,,False,False,False,True,True,False,True,False,7. FAILED_MISSING_TELEMETRY,"Failed Gate 1: Missing Telemetry (PIP=nan, PDP=nan)"
GC-31,SA-0217_T,2025-04-07 08:00,Alkhorayef (ACC),538 Series (ACC WE),WE-2600c,WE-2600,130,7200.0,1108.2,1108.2,0.0,,,260.0,141.0,57.0,0.95,67.5,Mauddud (MA),137779.0,1.0958,0.4437,,,1.1477,1.0615,262.5,,,,790.0,,,,,,,False,False,False,True,True,False,True,False,7. FAILED_MISSING_TELEMETRY,"Failed Gate 1: Missing Telemetry (PIP=0.0, PDP=nan)"
GC-31,SA-0217_T,2025-08-02 06:30,Alkhorayef (ACC),538 Series (ACC WE),WE-2600c,WE-2600,130,7200.0,1225.2,1225.2,,,,248.9,152.0,48.0,0.8,69.1,Mauddud (MA),137779.0,1.0958,0.4452,,,1.1477,1.0595,262.5,,,,900.0,,,,,,,False,False,False,True,True,False,True,False,7. FAILED_MISSING_TELEMETRY,"Failed Gate 1: Missing Telemetry (PIP=nan, PDP=nan)"
GC-31,SA-0217_T,2025-11-04 08:00,Alkhorayef (ACC),538 Series (ACC WE),WE-2600c,WE-2600,130,7200.0,1319.2,1319.2,,,,193.0,149.0,58.0,0.9667,76.7,Mauddud (MA),137779.0,1.0958,0.4526,,,1.1477,1.0498,262.5,,,,1338.0,,,,,,,False,False,False,True,True,False,True,False,7. FAILED_MISSING_TELEMETRY,"Failed Gate 1: Missing Telemetry (PIP=nan, PDP=nan)"
GC-31,SA-0217_T,2026-03-15 08:00,Alkhorayef (ACC),538 Series (ACC WE),WE-2600c,WE-2600,130,7200.0,1450.2,1450.2,0.0,0.0,0.0,221.0,162.0,58.0,0.9667,82.2,Mauddud (MA),137779.0,1.0958,0.4579,,,1.1477,1.0427,262.5,,,,1533.0,,,,,,,True,False,False,True,True,False,True,False,3. FAILED_ZERO_NEGATIVE_LIFT,"Failed Gate 2: Negative/Zero Lift (PDP=0.0 <= PIP=0.0, dP=0.0 psi)"
GC-31,SA-0218_T,2021-02-15 20:15,Alkhorayef (ACC),538 Series (ACC WE),WE-2600,WE-2600,176,7600.0,0.0,-1546.5,1513.0,,,309.0,121.0,47.0,0.7833,34.0,Upper Burgan (UB),199739.0,1.1388,0.4141,,,1.1488,1.105,265.1,,,,1715.0,,,,,,,False,False,False,True,True,False,False,False,7. FAILED_MISSING_TELEMETRY,"Failed Gate 1: Missing Telemetry (PIP=1513.0, PDP=nan)"
GC-31,SA-0218_T,2021-03-16 08:15,Alkhorayef (ACC),538 Series (ACC WE),WE-2600,WE-2600,176,7600.0,0.0,-1518.0,1294.0,,,285.0,129.0,47.0,0.7833,16.0,Upper Burgan (UB),199739.0,1.1388,0.3953,,,1.1304,1.1128,220.8,,,,1670.0,,,,,,,False,False,False,True,True,False,False,False,7. FAILED_MISSING_TELEMETRY,"Failed Gate 1: Missing Telemetry (PIP=1294.0, PDP=nan)"
GC-31,SA-0218_T,2021-09-22 08:15,Alkhorayef (ACC),538 Series (ACC WE),WE-2600,WE-2600,176,7600.0,0.0,-1328.0,1269.0,2651.0,1382.0,262.0,138.0,47.0,0.7833,23.3,Upper Burgan (UB),199739.0,1.1388,0.4029,19.49,31.77,1.1284,1.1032,215.8,2538.4,857.4,51.01,1681.0,2301.0,2301.0,620.0,36.88,36.88,OVER_PREDICTION,True,True,True,True,True,True,False,False,2. QUALIFIED_5QC_HISTORICAL_RUN,Pass 5 QC Gates (Historical Completion Run: Days = -1328.0)
GC-31,SA-0218_T,2022-01-03 08:15,Alkhorayef (ACC),538 Series (ACC WE),WE-2600,WE-2600,176,7600.0,0.0,-1225.0,1676.0,,,342.0,139.0,50.0,0.8333,30.0,Upper Burgan (UB),199739.0,1.1388,0.4099,,,1.163,1.1201,299.0,,,,1734.0,,,,,,,False,False,False,True,True,False,False,False,7. FAILED_MISSING_TELEMETRY,"Failed Gate 1: Missing Telemetry (PIP=1676.0, PDP=nan)"
GC-31,SA-0218_T,2022-04-13 05:00,Alkhorayef (ACC),538 Series (ACC WE),WE-2600,WE-2600,176,7600.0,0.0,-1125.1,1594.0,3003.0,1409.0,347.0,140.0,47.0,0.7833,32.6,Upper Burgan (UB),199739.0,1.1388,0.4126,19.4,31.62,1.1558,1.1115,281.9,2541.8,922.8,57.0,1619.0,2286.7,2286.7,667.7,41.24,41.24,OVER_PREDICTION,True,True,True,True,True,True,False,False,2. QUALIFIED_5QC_HISTORICAL_RUN,Pass 5 QC Gates (Historical Completion Run: Days = -1125.1)
GC-31,SA-0218_T,2022-07-03 07:30,Alkhorayef (ACC),538 Series (ACC WE),WE-2600,WE-2600,176,7600.0,0.0,-1044.0,1474.0,0.0,-1474.0,213.0,143.0,46.0,0.7667,40.6,Upper Burgan (UB),199739.0,1.1388,0.421,,,1.1455,1.0945,257.1,,,,1681.0,,,,,,,True,False,False,True,True,False,False,False,3. FAILED_ZERO_NEGATIVE_LIFT,"Failed Gate 2: Negative/Zero Lift (PDP=0.0 <= PIP=1474.0, dP=-1474.0 psi)"
GC-31,SA-0218_T,2022-11-12 08:15,Alkhorayef (ACC),538 Series (ACC WE),WE-2600,WE-2600,176,7600.0,0.0,-912.0,1477.0,2905.0,1428.0,222.9,135.6,46.0,0.7667,35.2,Upper Burgan (UB),199739.0,1.1388,0.4153,19.54,33.24,1.1457,1.1015,257.8,2450.3,730.9,42.51,1719.4,2224.6,2224.6,505.2,29.38,29.38,OVER_PREDICTION,True,True,True,True,True,True,False,False,2. QUALIFIED_5QC_HISTORICAL_RUN,Pass 5 QC Gates (Historical Completion Run: Days = -912.0)
GC-31,SA-0218_T,2023-02-20 09:00,Alkhorayef (ACC),538 Series (ACC WE),WE-2600,WE-2600,176,7600.0,0.0,-812.0,1523.0,3012.0,1489.0,282.0,136.0,46.0,0.7667,37.0,Upper Burgan (UB),199739.0,1.1388,0.4172,20.28,34.5,1.1497,1.1017,267.2,2419.4,801.4,49.53,1618.0,2196.1,2196.1,578.1,35.73,35.73,OVER_PREDICTION,True,True,True,True,True,True,False,False,2. QUALIFIED_5QC_HISTORICAL_RUN,Pass 5 QC Gates (Historical Completion Run: Days = -812.0)
GC-31,SA-0218_T,2023-06-29 08:00,Alkhorayef (ACC),538 Series (ACC WE),WE-2600,WE-2600,176,7600.0,0.0,-683.0,1548.0,2881.0,1333.0,236.0,149.0,46.0,0.7667,34.2,Upper Burgan (UB),199739.0,1.1388,0.4143,18.28,31.1,1.1518,1.1067,272.4,2499.7,864.7,52.89,1635.0,2258.6,2258.6,623.6,38.14,38.14,OVER_PREDICTION,True,True,True,True,True,True,False,False,2. QUALIFIED_5QC_HISTORICAL_RUN,Pass 5 QC Gates (Historical Completion Run: Days = -683.0)
GC-31,SA-0218_T,2023-11-10 13:45,Alkhorayef (ACC),538 Series (ACC WE),WE-2600,WE-2600,176,7600.0,0.0,-548.8,1380.0,3011.0,1631.0,219.0,145.0,46.0,0.7667,48.5,Upper Burgan (UB),199739.0,1.1388,0.4292,21.59,36.73,1.1375,1.0805,238.0,2360.6,1018.6,75.9,1342.0,2184.7,2184.7,842.7,62.79,62.79,OVER_PREDICTION,True,True,True,True,True,True,False,False,2. QUALIFIED_5QC_HISTORICAL_RUN,Pass 5 QC Gates (Historical Completion Run: Days = -548.8)
GC-31,SA-0218_T,2024-02-29 08:15,Alkhorayef (ACC),538 Series (ACC WE),WE-2600,WE-2600,176,7600.0,0.0,-438.0,1280.0,3089.0,1809.0,248.0,149.0,46.0,0.7667,48.7,Upper Burgan (UB),199739.0,1.1388,0.4294,23.94,40.73,1.1293,1.0761,218.0,2238.1,805.1,56.18,1433.0,2079.9,2079.9,646.9,45.14,45.14,OVER_PREDICTION,True,True,True,True,True,True,False,False,2. QUALIFIED_5QC_HISTORICAL_RUN,Pass 5 QC Gates (Historical Completion Run: Days = -438.0)
GC-31,SA-0218_T,2024-07-11 06:30,Alkhorayef (ACC),538 Series (ACC WE),WE-2600,WE-2600,176,7600.0,0.0,-305.1,1224.0,3049.0,1825.0,244.0,205.0,46.0,0.7667,58.7,Upper Burgan (UB),199739.0,1.1388,0.4398,23.58,40.11,1.1248,1.0633,206.9,2258.8,849.8,60.31,1409.0,2124.4,2124.4,715.4,50.77,50.77,OVER_PREDICTION,True,True,True,True,True,True,False,False,2. QUALIFIED_5QC_HISTORICAL_RUN,Pass 5 QC Gates (Historical Completion Run: Days = -305.1)
GC-31,SA-0218_T,2024-12-28 08:45,Alkhorayef (ACC),538 Series (ACC WE),WE-2600,WE-2600,176,7600.0,0.0,-135.0,1135.0,2970.0,1835.0,229.0,138.0,46.0,0.7667,44.0,Upper Burgan (UB),199739.0,1.1388,0.4245,24.56,41.78,1.1177,1.0747,189.5,2200.8,878.8,66.48,1322.0,2047.8,2047.8,725.8,54.9,54.9,OVER_PREDICTION,True,True,True,True,True,True,False,False,2. QUALIFIED_5QC_HISTORICAL_RUN,Pass 5 QC Gates (Historical Completion Run: Days = -135.0)
GC-31,SA-0218_T,2025-07-02 13:30,Alkhorayef (ACC),538 Series (ACC WE),WE-2600,WE-2600,176,7600.0,51.2,51.2,896.0,3114.0,2218.0,220.2,135.0,46.0,0.7667,41.0,Upper Burgan (UB),199739.0,1.1388,0.4214,29.91,50.88,1.0996,1.067,144.1,1697.0,320.0,23.24,1377.0,1590.5,1590.5,213.5,15.5,15.5,OVER_PREDICTION,True,True,True,True,True,True,True,True,1. QUALIFIED_5QC_CLEAN_ACTIVE,Pass: Active completion run meeting all 5 QC physical screening gates
GC-31,SA-0218_T,2025-09-29 07:45,Alkhorayef (ACC),538 Series (ACC WE),WE-2600,WE-2600,176,7600.0,140.0,140.0,909.0,3153.0,2244.0,209.0,149.0,48.0,0.8,49.1,Upper Burgan (UB),199739.0,1.1388,0.4298,29.66,46.34,1.1005,1.061,146.5,2090.7,349.7,20.09,1741.0,1970.5,1970.5,229.5,13.18,13.18,OVER_PREDICTION,True,True,True,True,True,True,True,True,1. QUALIFIED_5QC_CLEAN_ACTIVE,Pass: Active completion run meeting all 5 QC physical screening gates
GC-31,SA-0218_T,2026-01-17 07:30,Alkhorayef (ACC),538 Series (ACC WE),WE-2600,WE-2600,176,7600.0,250.0,250.0,943.0,3228.0,2285.0,243.0,142.0,48.0,0.8,48.9,Upper Burgan (UB),199739.0,1.1388,0.4296,30.22,47.22,1.103,1.0624,152.8,2041.1,489.1,31.51,1552.0,1921.2,1921.2,369.2,23.79,23.79,OVER_PREDICTION,True,True,True,True,True,True,True,True,1. QUALIFIED_5QC_CLEAN_ACTIVE,Pass: Active completion run meeting all 5 QC physical screening gates
GC-31,SA-0218_T,2026-06-05 14:00,Alkhorayef (ACC),538 Series (ACC WE),WE-2600,WE-2600,176,7600.0,389.2,389.2,972.0,3080.0,2108.0,144.0,141.0,49.0,0.8167,50.5,Upper Burgan (UB),199739.0,1.1388,0.4313,27.77,41.63,1.1052,1.0622,158.3,2350.2,434.2,22.66,1916.0,2212.6,2212.6,296.6,15.48,15.48,OVER_PREDICTION,True,True,True,True,True,True,True,True,1. QUALIFIED_5QC_CLEAN_ACTIVE,Pass: Active completion run meeting all 5 QC physical screening gates
GC-31,SA-0221ST2_T,2023-03-10 08:15,Borets,400 Series (Borets WFT-400),B400-1050,B400-1050,204,6600.0,0.0,-1199.0,1224.0,3305.0,2081.0,185.0,137.0,50.0,0.8333,88.5,Mauddud (MA),137779.0,1.0958,0.4709,21.66,31.19,1.1248,1.032,206.9,552.1,-802.9,-59.25,1355.0,535.0,535.0,-820.0,-60.52,60.52,UNDER_PREDICTION,True,True,True,True,True,True,False,False,2. QUALIFIED_5QC_HISTORICAL_RUN,Pass 5 QC Gates (Historical Completion Run: Days = -1199.0)
GC-31,SA-0221ST2_T,2023-11-02 11:45,Borets,400 Series (Borets WFT-400),B400-1050,B400-1050,204,6600.0,0.0,-961.9,1254.0,3454.0,2200.0,198.0,129.0,50.0,0.8333,89.9,Mauddud (MA),137779.0,1.0958,0.4723,22.83,32.88,1.1272,1.0308,212.8,372.3,-890.7,-70.52,1263.0,361.2,361.2,-901.8,-71.4,71.4,UNDER_PREDICTION,True,True,True,True,True,True,False,False,2. QUALIFIED_5QC_HISTORICAL_RUN,Pass 5 QC Gates (Historical Completion Run: Days = -961.9)
GC-31,SA-0221ST2_T,2024-01-26 08:30,Borets,400 Series (Borets WFT-400),B400-1050,B400-1050,204,6600.0,0.0,-877.0,1322.0,3545.0,2223.0,311.0,129.0,50.0,0.8333,96.1,Mauddud (MA),137779.0,1.0958,0.4788,22.76,32.78,1.1327,1.0244,226.4,381.6,-541.4,-58.66,923.0,372.5,372.5,-550.5,-59.64,59.64,UNDER_PREDICTION,True,True,True,True,True,True,False,False,2. QUALIFIED_5QC_HISTORICAL_RUN,Pass 5 QC Gates (Historical Completion Run: Days = -877.0)
GC-31,SA-0221ST2_T,2025-08-02 16:00,Borets,400 Series (Borets WFT-400),B400-1050,B400-1050,204,6600.0,0.0,-322.7,916.0,3403.0,2487.0,204.9,136.0,50.0,0.8333,91.5,Mauddud (MA),137779.0,1.0958,0.474,25.72,37.04,1.101,1.0269,147.8,0.0,-800.9,-100.0,800.9,0.0,0.0,-800.9,-100.0,100.0,UNDER_PREDICTION,True,True,True,True,True,True,False,False,2. QUALIFIED_5QC_HISTORICAL_RUN,Pass 5 QC Gates (Historical Completion Run: Days = -322.7)
GC-31,SA-0221ST2_T,2025-10-19 17:15,Borets,400 Series (Borets WFT-400),B400-1050,B400-1050,204,6600.0,0.0,-244.6,924.0,3359.0,2435.0,187.0,129.0,50.0,0.8333,95.9,Mauddud (MA),137779.0,1.0958,0.4786,24.94,35.92,1.1016,1.0233,149.3,0.0,-763.0,-100.0,763.0,0.0,0.0,-763.0,-100.0,100.0,UNDER_PREDICTION,True,True,True,True,True,True,False,False,2. QUALIFIED_5QC_HISTORICAL_RUN,Pass 5 QC Gates (Historical Completion Run: Days = -244.6)
GC-31,SA-0221ST2_T,2026-01-31 03:30,Borets,400 Series (Borets WFT-400),B400-1050,B400-1050,204,6600.0,0.0,-141.2,908.0,3479.0,2571.0,294.0,119.0,50.0,0.8333,98.1,Mauddud (MA),137779.0,1.0958,0.4809,26.21,37.75,1.1005,1.0215,146.3,0.0,-587.0,-100.0,587.0,0.0,0.0,-587.0,-100.0,100.0,UNDER_PREDICTION,True,True,True,True,False,False,False,False,6. FAILED_EXCESSIVE_WATER_CUT,Failed Gate 5: Excessive Water Cut (WC = 98.1% > 98.0% threshold)
GC-31,SA-0221ST2_T,2026-06-26 13:00,Borets,400 Series (Borets WFT-400),B400-1050,B400-1050,204,6600.0,5.2,5.2,1022.0,2508.0,1486.0,167.0,110.0,50.0,0.8333,35.8,Mauddud (MA),137779.0,1.0958,0.416,17.51,25.22,1.109,1.0771,167.7,1110.0,534.0,92.71,576.0,1030.5,1030.5,454.5,78.91,78.91,OVER_PREDICTION,True,True,True,True,True,True,True,True,1. QUALIFIED_5QC_CLEAN_ACTIVE,Pass: Active completion run meeting all 5 QC physical screening gates
GC-31,SA-0222_T,2021-03-20 08:15,Halliburton / Summit ESP,538 Series (Summit SJ),SJ4200,SJ4200,78,7850.0,0.0,-1242.1,,,,233.0,137.0,50.0,0.8333,81.2,Lower Burgan (LB),213445.0,1.1483,0.4633,,,1.1477,1.044,262.5,,,,1586.0,,,,,,,False,False,False,True,True,False,False,False,7. FAILED_MISSING_TELEMETRY,"Failed Gate 1: Missing Telemetry (PIP=nan, PDP=nan)"
GC-31,SA-0222_T,2021-09-22 10:30,Halliburton / Summit ESP,538 Series (Summit SJ),SJ4200,SJ4200,78,7850.0,0.0,-1056.0,3059.0,3471.0,412.0,210.0,132.0,50.0,0.8333,78.0,Lower Burgan (LB),213445.0,1.1483,0.4599,11.48,16.53,1.1848,1.0563,350.0,4458.2,3234.2,264.23,1224.0,4220.8,4220.8,2996.8,244.84,244.84,OVER_PREDICTION,True,True,True,True,True,True,False,False,2. QUALIFIED_5QC_HISTORICAL_RUN,Pass 5 QC Gates (Historical Completion Run: Days = -1056.0)
GC-31,SA-0222_T,2022-04-20 05:00,Halliburton / Summit ESP,538 Series (Summit SJ),SJ4200,SJ4200,78,7850.0,0.0,-846.2,,3922.0,,288.0,144.0,50.0,0.8333,91.8,Lower Burgan (LB),213445.0,1.1483,0.4743,,,1.1477,1.0305,262.5,,,,2421.0,,,,,,,False,False,False,True,True,False,False,False,7. FAILED_MISSING_TELEMETRY,"Failed Gate 1: Missing Telemetry (PIP=nan, PDP=3922.0)"
GC-31,SA-0222_T,2022-07-23 07:45,Halliburton / Summit ESP,538 Series (Summit SJ),SJ4200,SJ4200,78,7850.0,0.0,-752.1,2786.0,3841.0,1055.0,364.9,142.0,50.0,0.8333,85.7,Lower Burgan (LB),213445.0,1.1483,0.468,28.9,41.62,1.1848,1.0436,350.0,4458.2,1799.5,67.68,2658.7,4272.1,4272.1,1613.4,60.68,60.68,OVER_PREDICTION,True,True,True,True,True,True,False,False,2. QUALIFIED_5QC_HISTORICAL_RUN,Pass 5 QC Gates (Historical Completion Run: Days = -752.1)
GC-31,SA-0222_T,2022-10-23 10:00,Halliburton / Summit ESP,538 Series (Summit SJ),SJ4200,SJ4200,78,7850.0,0.0,-660.0,2772.0,3887.0,1115.0,448.0,150.0,50.0,0.8333,86.3,Lower Burgan (LB),213445.0,1.1483,0.4686,30.51,43.94,1.1848,1.0426,350.0,4458.2,1521.2,51.79,2937.0,4276.1,4276.1,1339.1,45.59,45.59,OVER_PREDICTION,True,True,True,True,True,True,False,False,2. QUALIFIED_5QC_HISTORICAL_RUN,Pass 5 QC Gates (Historical Completion Run: Days = -660.0)
GC-31,SA-0222_T,2023-02-02 12:15,Halliburton / Summit ESP,538 Series (Summit SJ),SJ4200,SJ4200,78,7850.0,0.0,-557.9,,,,436.0,151.0,50.0,0.8333,81.2,Lower Burgan (LB),213445.0,1.1483,0.4633,,,1.1477,1.044,262.5,,,,2203.0,,,,,,,False,False,False,True,True,False,False,False,7. FAILED_MISSING_TELEMETRY,"Failed Gate 1: Missing Telemetry (PIP=nan, PDP=nan)"
GC-31,SA-0222_T,2023-05-31 08:00,Halliburton / Summit ESP,538 Series (Summit SJ),SJ4200,SJ4200,78,7850.0,0.0,-440.1,2758.0,3855.0,1097.0,456.0,149.0,50.0,0.8333,83.5,Lower Burgan (LB),213445.0,1.1483,0.4657,30.2,43.49,1.1848,1.0472,350.0,4458.2,2003.2,81.6,2455.0,4257.3,4257.3,1802.3,73.41,73.41,OVER_PREDICTION,True,True,True,True,True,True,False,False,2. QUALIFIED_5QC_HISTORICAL_RUN,Pass 5 QC Gates (Historical Completion Run: Days = -440.1)
GC-31,SA-0222_T,2023-09-29 08:00,Halliburton / Summit ESP,538 Series (Summit SJ),SJ4200,SJ4200,78,7850.0,0.0,-319.1,2687.0,3864.0,1177.0,415.0,151.0,50.0,0.8333,82.8,Lower Burgan (LB),213445.0,1.1483,0.4649,32.45,46.73,1.1848,1.0483,350.0,4458.2,2197.2,97.18,2261.0,4252.6,4252.6,1991.6,88.08,88.08,OVER_PREDICTION,True,True,True,True,True,True,False,False,2. QUALIFIED_5QC_HISTORICAL_RUN,Pass 5 QC Gates (Historical Completion Run: Days = -319.1)
GC-31,SA-0222_T,2023-12-26 10:30,Halliburton / Summit ESP,538 Series (Summit SJ),SJ4200,SJ4200,78,7850.0,0.0,-231.0,2699.0,3905.0,1206.0,435.0,166.0,50.0,0.8333,90.1,Lower Burgan (LB),213445.0,1.1483,0.4726,32.72,47.12,1.1848,1.0363,350.0,4458.2,2185.2,96.14,2273.0,4302.0,4302.0,2029.0,89.27,89.27,OVER_PREDICTION,True,True,True,True,True,True,False,False,2. QUALIFIED_5QC_HISTORICAL_RUN,Pass 5 QC Gates (Historical Completion Run: Days = -231.0)
GC-31,SA-0222_T,2024-04-02 08:15,Halliburton / Summit ESP,538 Series (Summit SJ),SJ4200,SJ4200,78,7850.0,0.0,-133.1,2749.0,3876.0,1127.0,387.0,146.0,50.0,0.8333,81.1,Lower Burgan (LB),213445.0,1.1483,0.4632,31.19,44.92,1.1848,1.0511,350.0,4458.2,2371.2,113.62,2087.0,4241.3,4241.3,2154.3,103.22,103.22,OVER_PREDICTION,True,True,True,True,True,True,False,False,2. QUALIFIED_5QC_HISTORICAL_RUN,Pass 5 QC Gates (Historical Completion Run: Days = -133.1)
GC-31,SA-0222_T,2024-09-13 13:15,Halliburton / Summit ESP,538 Series (Summit SJ),SJ4200,SJ4200,78,7850.0,31.1,31.1,2552.0,4209.0,1657.0,454.0,160.7,50.0,0.8333,95.4,Lower Burgan (LB),213445.0,1.1483,0.4781,44.44,64.0,1.1848,1.0276,350.0,3499.9,494.9,16.47,3005.0,3406.0,3406.0,401.0,13.34,13.34,OVER_PREDICTION,True,True,True,True,True,True,True,True,1. QUALIFIED_5QC_CLEAN_ACTIVE,Pass: Active completion run meeting all 5 QC physical screening gates
GC-31,SA-0222_T,2025-01-24 07:15,Halliburton / Summit ESP,538 Series (Summit SJ),SJ4200,SJ4200,78,7850.0,163.9,163.9,2608.0,4192.0,1584.0,537.0,161.0,50.0,0.8333,85.0,Lower Burgan (LB),213445.0,1.1483,0.4672,43.46,62.59,1.1848,1.0447,350.0,3734.6,592.3,18.85,3142.3,3574.7,3574.7,432.4,13.76,13.76,OVER_PREDICTION,True,True,True,True,True,True,True,True,1. QUALIFIED_5QC_CLEAN_ACTIVE,Pass: Active completion run meeting all 5 QC physical screening gates
GC-31,SA-0222_T,2025-07-07 07:45,Halliburton / Summit ESP,538 Series (Summit SJ),SJ4200,SJ4200,78,7850.0,327.9,327.9,2619.0,3466.0,847.0,531.0,161.0,50.0,0.8333,85.5,Lower Burgan (LB),213445.0,1.1483,0.4678,23.21,33.43,1.1848,1.0439,350.0,4458.2,1582.2,55.01,2876.0,4270.7,4270.7,1394.7,48.49,48.49,OVER_PREDICTION,True,True,True,True,True,True,True,True,1. QUALIFIED_5QC_CLEAN_ACTIVE,Pass: Active completion run meeting all 5 QC physical screening gates
GC-31,SA-0222_T,2025-09-20 18:00,Halliburton / Summit ESP,538 Series (Summit SJ),SJ4200,SJ4200,78,7850.0,403.3,403.3,2509.0,3453.0,944.0,330.0,167.0,50.0,0.8333,94.3,Lower Burgan (LB),213445.0,1.1483,0.4769,25.38,36.55,1.1848,1.0294,350.0,4458.2,1026.2,29.9,3432.0,4330.9,4330.9,898.9,26.19,26.19,OVER_PREDICTION,True,True,True,True,True,True,True,True,1. QUALIFIED_5QC_CLEAN_ACTIVE,Pass: Active completion run meeting all 5 QC physical screening gates
GC-31,SA-0222_T,2026-01-18 07:30,Halliburton / Summit ESP,538 Series (Summit SJ),SJ4200,SJ4200,78,7850.0,522.9,522.9,2545.0,3563.0,1018.0,388.0,162.0,50.0,0.8333,90.6,Lower Burgan (LB),213445.0,1.1483,0.4731,27.59,39.73,1.1848,1.0355,350.0,4458.2,1121.2,33.6,3337.0,4305.4,4305.4,968.4,29.02,29.02,OVER_PREDICTION,True,True,True,True,True,True,True,True,1. QUALIFIED_5QC_CLEAN_ACTIVE,Pass: Active completion run meeting all 5 QC physical screening gates
GC-31,SA-0222_T,2026-05-02 08:45,Halliburton / Summit ESP,538 Series (Summit SJ),SJ4200,SJ4200,78,7850.0,626.9,626.9,2579.0,3115.0,536.0,370.0,160.0,50.0,0.8333,90.6,Lower Burgan (LB),213445.0,1.1483,0.4731,14.53,20.92,1.1848,1.0355,350.0,4458.2,1482.2,49.81,2976.0,4305.4,4305.4,1329.4,44.67,44.67,OVER_PREDICTION,True,True,True,True,True,True,True,True,1. QUALIFIED_5QC_CLEAN_ACTIVE,Pass: Active completion run meeting all 5 QC physical screening gates
GC-31,SA-0227_T,2021-03-09 08:45,Halliburton / Summit ESP,538 Series (Summit SJ),SJ2800,SJ2800,136,7140.0,0.0,-1852.6,1570.0,2620.7,1050.7,288.0,129.0,51.0,0.85,32.1,Upper Burgan (UB),199739.0,1.1388,0.4121,18.75,25.95,1.1537,1.1108,276.9,2966.5,1865.5,169.44,1101.0,2670.6,2670.6,1569.6,142.56,142.56,OVER_PREDICTION,True,True,True,True,True,True,False,False,2. QUALIFIED_5QC_HISTORICAL_RUN,Pass 5 QC Gates (Historical Completion Run: Days = -1852.6)
GC-31,SA-0227_T,2021-09-27 08:30,Halliburton / Summit ESP,538 Series (Summit SJ),SJ2800,SJ2800,136,7140.0,0.0,-1650.6,1471.0,2479.0,1008.0,244.0,126.0,51.0,0.85,32.4,Upper Burgan (UB),199739.0,1.1388,0.4124,17.97,24.87,1.1452,1.1046,256.5,2966.5,2100.5,242.55,866.0,2685.5,2685.5,1819.5,210.1,210.1,OVER_PREDICTION,True,True,True,True,True,True,False,False,2. QUALIFIED_5QC_HISTORICAL_RUN,Pass 5 QC Gates (Historical Completion Run: Days = -1650.6)
GC-31,SA-0227_T,2022-01-16 09:00,Halliburton / Summit ESP,538 Series (Summit SJ),SJ2800,SJ2800,136,7140.0,0.0,-1539.6,1473.0,,,216.0,107.0,51.0,0.85,34.6,Upper Burgan (UB),199739.0,1.1388,0.4147,,,1.1454,1.102,256.9,,,,1096.0,,,,,,,False,False,False,True,True,False,False,False,7. FAILED_MISSING_TELEMETRY,"Failed Gate 1: Missing Telemetry (PIP=1473.0, PDP=nan)"
GC-31,SA-0227_T,2022-04-26 04:10,Halliburton / Summit ESP,538 Series (Summit SJ),SJ2800,SJ2800,136,7140.0,0.0,-1439.8,1459.0,2430.0,971.0,194.4,115.1,48.0,0.8,30.2,Upper Burgan (UB),199739.0,1.1388,0.4101,17.41,27.2,1.1442,1.1067,254.1,2792.0,1866.4,201.64,925.6,2522.9,2522.9,1597.3,172.57,172.57,OVER_PREDICTION,True,True,True,True,True,True,False,False,2. QUALIFIED_5QC_HISTORICAL_RUN,Pass 5 QC Gates (Historical Completion Run: Days = -1439.8)
GC-31,SA-0227_T,2022-08-14 08:15,Halliburton / Summit ESP,538 Series (Summit SJ),SJ2800,SJ2800,136,7140.0,0.0,-1329.6,1435.0,2406.0,971.0,204.0,126.0,48.0,0.8,24.8,Upper Burgan (UB),199739.0,1.1388,0.4045,17.65,27.58,1.1422,1.1119,249.2,2792.0,1896.0,211.61,896.0,2511.1,2511.1,1615.1,180.26,180.26,OVER_PREDICTION,True,True,True,True,True,True,False,False,2. QUALIFIED_5QC_HISTORICAL_RUN,Pass 5 QC Gates (Historical Completion Run: Days = -1329.6)
GC-31,SA-0227_T,2022-12-31 12:30,Halliburton / Summit ESP,538 Series (Summit SJ),SJ2800,SJ2800,136,7140.0,0.0,-1190.4,1607.0,2461.0,854.0,171.0,124.0,48.0,0.8,36.8,Upper Burgan (UB),199739.0,1.1388,0.417,15.06,23.53,1.157,1.1066,284.6,2792.0,1752.0,168.46,1040.0,2523.2,2523.2,1483.2,142.62,142.62,OVER_PREDICTION,True,True,True,True,True,True,False,False,2. QUALIFIED_5QC_HISTORICAL_RUN,Pass 5 QC Gates (Historical Completion Run: Days = -1190.4)
GC-31,SA-0227_T,2023-03-29 06:15,Halliburton / Summit ESP,538 Series (Summit SJ),SJ2800,SJ2800,136,7140.0,0.0,-1102.7,,,,158.0,128.0,50.0,0.8333,100.0,Upper Burgan (UB),199739.0,1.1388,0.4829,,,1.1477,1.02,262.5,,,,1484.0,,,,,,,False,False,False,True,False,False,False,False,7. FAILED_MISSING_TELEMETRY,"Failed Gate 1: Missing Telemetry (PIP=nan, PDP=nan)"
GC-31,SA-0227_T,2023-04-09 04:45,Halliburton / Summit ESP,538 Series (Summit SJ),SJ2800,SJ2800,136,7140.0,0.0,-1091.8,,,,148.0,112.0,50.0,0.8333,100.0,Upper Burgan (UB),199739.0,1.1388,0.4829,,,1.1477,1.02,262.5,,,,1484.0,,,,,,,False,False,False,True,False,False,False,False,7. FAILED_MISSING_TELEMETRY,"Failed Gate 1: Missing Telemetry (PIP=nan, PDP=nan)"
GC-31,SA-0227_T,2025-04-12 08:30,Halliburton / Summit ESP,538 Series (Summit SJ),SJ2800,SJ2800,136,7140.0,0.0,-357.6,1266.0,3250.0,1984.0,263.0,148.0,50.0,0.8333,70.0,Upper Burgan (UB),199739.0,1.1388,0.4516,32.3,46.52,1.1282,1.0525,215.2,2819.7,362.7,14.76,2457.0,2679.2,2679.2,222.2,9.04,9.04,OVER_PREDICTION,True,True,True,True,True,True,False,False,2. QUALIFIED_5QC_HISTORICAL_RUN,Pass 5 QC Gates (Historical Completion Run: Days = -357.6)
GC-31,SA-0227_T,2025-08-02 08:00,Halliburton / Summit ESP,538 Series (Summit SJ),SJ2800,SJ2800,136,7140.0,0.0,-245.6,922.0,3389.0,2467.0,294.0,138.0,46.0,0.7667,79.0,Upper Burgan (UB),199739.0,1.1388,0.461,39.35,66.94,1.1015,1.0371,148.9,1284.2,335.2,35.32,949.0,1238.2,1238.2,289.2,30.47,30.47,OVER_PREDICTION,True,True,True,True,True,True,False,False,2. QUALIFIED_5QC_HISTORICAL_RUN,Pass 5 QC Gates (Historical Completion Run: Days = -245.6)
GC-31,SA-0227_T,2025-11-05 09:00,Halliburton / Summit ESP,538 Series (Summit SJ),SJ2800,SJ2800,136,7140.0,0.0,-150.6,909.0,3348.0,2439.0,265.0,135.0,46.0,0.7667,84.0,Upper Burgan (UB),199739.0,1.1388,0.4662,38.47,65.44,1.1005,1.0329,146.5,1485.2,701.2,89.44,784.0,1437.9,1437.9,653.9,83.41,83.41,OVER_PREDICTION,True,True,True,True,True,True,False,False,2. QUALIFIED_5QC_HISTORICAL_RUN,Pass 5 QC Gates (Historical Completion Run: Days = -150.6)
GC-31,SA-0227_T,2026-04-07 16:30,Halliburton / Summit ESP,538 Series (Summit SJ),SJ2800,SJ2800,136,7140.0,2.7,2.7,637.0,3057.0,2420.0,59.0,124.0,50.0,0.8333,90.0,Upper Burgan (UB),199739.0,1.1388,0.4725,37.66,54.23,1.0814,1.0261,97.5,2461.9,275.9,12.62,2186.0,2399.2,2399.2,213.2,9.75,9.75,OVER_PREDICTION,True,True,True,True,True,True,True,True,1. QUALIFIED_5QC_CLEAN_ACTIVE,Pass: Active completion run meeting all 5 QC physical screening gates
GC-31,SA-0227_T,2026-05-02 08:45,Halliburton / Summit ESP,538 Series (Summit SJ),SJ2800,SJ2800,136,7140.0,27.4,27.4,733.0,3363.0,2630.0,181.0,127.0,48.0,0.8,88.7,Upper Burgan (UB),199739.0,1.1388,0.4711,41.05,64.14,1.088,1.0277,114.4,1692.0,461.0,37.45,1231.0,1646.4,1646.4,415.4,33.74,33.74,OVER_PREDICTION,True,True,True,True,True,True,True,True,1. QUALIFIED_5QC_CLEAN_ACTIVE,Pass: Active completion run meeting all 5 QC physical screening gates
GC-31,SA-0229H_T,2021-04-01 08:15,REDA (Schlumberger),538/540 Series (REDA S),S4000N,S4000N,130,6000.0,0.0,-1514.7,,,,341.0,162.0,50.0,0.8333,79.6,Mauddud (MA),137779.0,1.0958,0.4616,,,1.1477,1.046,262.5,,,,2993.0,,,,,,,False,False,False,True,True,False,False,False,7. FAILED_MISSING_TELEMETRY,"Failed Gate 1: Missing Telemetry (PIP=nan, PDP=nan)"
GC-31,SA-0229H_T,2021-10-05 08:00,REDA (Schlumberger),538/540 Series (REDA S),S4000N,S4000N,130,6000.0,0.0,-1327.7,1563.0,,,208.0,130.0,50.0,0.8333,92.4,Mauddud (MA),137779.0,1.0958,0.475,,,1.1531,1.0301,275.5,,,,3946.0,,,,,,,False,False,False,True,True,False,False,False,7. FAILED_MISSING_TELEMETRY,"Failed Gate 1: Missing Telemetry (PIP=1563.0, PDP=nan)"
GC-31,SA-0229H_T,2022-01-14 08:15,REDA (Schlumberger),538/540 Series (REDA S),S4000N,S4000N,130,6000.0,0.0,-1226.7,1268.0,2938.0,1670.0,212.2,163.2,51.0,0.85,84.3,Mauddud (MA),137779.0,1.0958,0.4665,27.54,38.12,1.1283,1.037,215.6,4264.4,79.4,1.9,4185.0,4112.2,4112.2,-72.8,-1.74,1.74,UNDER_PREDICTION,True,True,True,True,True,True,False,False,2. QUALIFIED_5QC_HISTORICAL_RUN,Pass 5 QC Gates (Historical Completion Run: Days = -1226.7)
GC-31,SA-0229H_T,2022-04-15 04:30,REDA (Schlumberger),538/540 Series (REDA S),S4000N,S4000N,130,6000.0,0.0,-1135.8,1286.0,2975.0,1689.0,238.0,181.0,51.0,0.85,90.0,Mauddud (MA),137779.0,1.0958,0.4725,27.5,38.06,1.1298,1.031,219.2,4269.0,83.0,1.98,4186.0,4140.7,4140.7,-45.3,-1.08,1.08,UNDER_PREDICTION,True,True,True,True,True,True,False,False,2. QUALIFIED_5QC_HISTORICAL_RUN,Pass 5 QC Gates (Historical Completion Run: Days = -1135.8)
GC-31,SA-0229H_T,2022-08-19 07:30,REDA (Schlumberger),538/540 Series (REDA S),S4000N,S4000N,130,6000.0,0.0,-1009.7,1371.0,2911.0,1540.0,180.0,151.0,52.0,0.8667,90.5,Mauddud (MA),137779.0,1.0958,0.473,25.05,33.35,1.1368,1.0311,236.2,4695.1,3390.1,259.78,1305.0,4553.5,4553.5,3248.5,248.93,248.93,OVER_PREDICTION,True,True,True,True,True,True,False,False,2. QUALIFIED_5QC_HISTORICAL_RUN,Pass 5 QC Gates (Historical Completion Run: Days = -1009.7)
GC-31,SA-0229H_T,2023-07-11 07:30,REDA (Schlumberger),538/540 Series (REDA S),S4000N,S4000N,130,6000.0,0.0,-683.7,742.0,2783.0,2041.0,182.0,164.0,46.0,0.7667,74.5,Mauddud (MA),137779.0,1.0958,0.4563,34.41,58.54,1.0886,1.0375,116.0,1947.9,-1439.1,-42.49,3387.0,1877.5,1877.5,-1509.5,-44.57,44.57,UNDER_PREDICTION,True,True,True,True,True,True,False,False,2. QUALIFIED_5QC_HISTORICAL_RUN,Pass 5 QC Gates (Historical Completion Run: Days = -683.7)
GC-31,SA-0229H_T,2023-11-23 08:15,REDA (Schlumberger),538/540 Series (REDA S),S4000N,S4000N,130,6000.0,0.0,-548.7,611.0,2805.0,2194.0,198.0,155.0,46.0,0.7667,84.5,Mauddud (MA),137779.0,1.0958,0.4667,36.16,61.51,1.0797,1.0293,93.0,1571.7,-1620.3,-50.76,3192.0,1527.0,1527.0,-1665.0,-52.16,52.16,UNDER_PREDICTION,True,True,True,True,True,True,False,False,2. QUALIFIED_5QC_HISTORICAL_RUN,Pass 5 QC Gates (Historical Completion Run: Days = -548.7)
GC-31,SA-0229H_T,2024-05-23 08:15,REDA (Schlumberger),538/540 Series (REDA S),S4000N,S4000N,130,6000.0,0.0,-366.7,920.0,0.0,-920.0,256.0,158.0,46.0,0.7667,88.6,Mauddud (MA),137779.0,1.0958,0.471,,,1.1013,1.0293,148.5,,,,4208.0,,,,,,,True,False,False,True,True,False,False,False,3. FAILED_ZERO_NEGATIVE_LIFT,"Failed Gate 2: Negative/Zero Lift (PDP=0.0 <= PIP=920.0, dP=-920.0 psi)"
GC-31,SA-0229H_T,2024-08-17 00:30,REDA (Schlumberger),538/540 Series (REDA S),S4000N,S4000N,130,6000.0,0.0,-281.0,2257.0,3031.0,774.0,86.0,109.0,50.0,0.8333,100.0,Mauddud (MA),137779.0,1.0958,0.4829,12.33,17.76,1.1848,1.02,350.0,5359.8,2.8,0.05,5357.0,5254.7,5254.7,-102.3,-1.91,1.91,UNDER_PREDICTION,True,True,True,True,False,False,False,False,6. FAILED_EXCESSIVE_WATER_CUT,Failed Gate 5: Excessive Water Cut (WC = 100.0% > 98.0% threshold)
GC-31,SA-0229H_T,2024-09-26 08:15,REDA (Schlumberger),538/540 Series (REDA S),S4000N,S4000N,130,6000.0,0.0,-240.7,2275.0,3202.0,927.0,306.0,107.0,45.0,0.75,100.0,Mauddud (MA),137779.0,1.0958,0.4829,14.77,26.26,1.1848,1.02,350.0,4444.2,-56.8,-1.26,4501.0,4357.1,4357.1,-143.9,-3.2,3.2,UNDER_PREDICTION,True,True,True,True,False,False,False,False,6. FAILED_EXCESSIVE_WATER_CUT,Failed Gate 5: Excessive Water Cut (WC = 100.0% > 98.0% threshold)
GC-31,SA-0229H_T,2025-06-24 08:15,REDA (Schlumberger),538/540 Series (REDA S),S4000N,S4000N,130,6000.0,30.3,30.3,1232.0,3103.0,1871.0,225.0,122.0,50.0,0.8333,100.0,Mauddud (MA),137779.0,1.0958,0.4829,29.81,42.93,1.1254,1.02,208.5,3795.7,-195.3,-4.89,3991.0,3721.3,3721.3,-269.7,-6.76,6.76,UNDER_PREDICTION,True,True,True,True,False,False,True,False,6. FAILED_EXCESSIVE_WATER_CUT,Failed Gate 5: Excessive Water Cut (WC = 100.0% > 98.0% threshold)
GC-31,SA-0242_T,2021-01-08 08:45,Baker Hughes (Centrilift),538 Series (Centrilift Centurion),P31,P31,153,7500.0,0.0,-425.0,1314.0,,,197.6,133.4,54.0,0.9,7.2,Upper Burgan (UB),199739.0,1.1388,0.3861,,,1.1321,1.124,224.8,,,,1980.7,,,,,,,False,False,False,True,True,False,False,False,7. FAILED_MISSING_TELEMETRY,"Failed Gate 1: Missing Telemetry (PIP=1314.0, PDP=nan)"
GC-31,SA-0242_T,2021-05-03 05:15,Baker Hughes (Centrilift),538 Series (Centrilift Centurion),P31,P31,153,7500.0,0.0,-310.2,1251.0,,,176.0,131.0,50.0,0.8333,8.0,Upper Burgan (UB),199739.0,1.1388,0.387,,,1.127,1.1184,212.2,,,,1892.0,,,,,,,False,False,False,True,True,False,False,False,7. FAILED_MISSING_TELEMETRY,"Failed Gate 1: Missing Telemetry (PIP=1251.0, PDP=nan)"
GC-31,SA-0242_T,2021-10-16 09:15,Baker Hughes (Centrilift),538 Series (Centrilift Centurion),P31,P31,153,7500.0,0.0,-144.0,1396.0,,,179.0,137.0,50.0,0.8333,33.0,Upper Burgan (UB),199739.0,1.1388,0.413,,,1.1389,1.0997,241.3,,,,1910.0,,,,,,,False,False,False,True,True,False,False,False,7. FAILED_MISSING_TELEMETRY,"Failed Gate 1: Missing Telemetry (PIP=1396.0, PDP=nan)"
GC-31,SA-0242_T,2022-03-11 21:00,Baker Hughes (Centrilift),538 Series (Centrilift Centurion),P31,P31,153,7500.0,2.5,2.5,1344.0,3566.0,2222.0,217.0,140.0,50.0,0.8333,92.0,Upper Burgan (UB),199739.0,1.1388,0.4745,30.6,44.07,1.1346,1.0292,230.8,2991.1,-87.9,-2.85,3079.0,2906.3,2906.3,-172.7,-5.61,5.61,UNDER_PREDICTION,True,True,True,True,True,True,True,True,1. QUALIFIED_5QC_CLEAN_ACTIVE,Pass: Active completion run meeting all 5 QC physical screening gates
GC-31,SA-0242_T,2022-05-13 08:45,Baker Hughes (Centrilift),538 Series (Centrilift Centurion),P31,P31,153,7500.0,65.0,65.0,1208.0,2906.0,1698.0,180.4,141.0,50.0,0.8333,39.9,Upper Burgan (UB),199739.0,1.1388,0.4202,26.41,38.03,1.1235,1.0822,203.7,3212.6,184.4,6.09,3028.2,2968.6,2968.6,-59.6,-1.97,1.97,UNDER_PREDICTION,True,True,True,True,True,True,True,True,1. QUALIFIED_5QC_CLEAN_ACTIVE,Pass: Active completion run meeting all 5 QC physical screening gates
GC-31,SA-0242_T,2022-08-26 05:30,Baker Hughes (Centrilift),538 Series (Centrilift Centurion),P31,P31,153,7500.0,169.9,169.9,1080.0,2505.0,1425.0,181.0,143.0,50.0,0.8333,25.2,Upper Burgan (UB),199739.0,1.1388,0.4049,23.0,33.12,1.1134,1.0899,178.8,3373.3,580.3,20.78,2793.0,3095.1,3095.1,302.1,10.82,10.82,OVER_PREDICTION,True,True,True,True,True,True,True,True,1. QUALIFIED_5QC_CLEAN_ACTIVE,Pass: Active completion run meeting all 5 QC physical screening gates
GC-31,SA-0242_T,2022-12-18 08:15,Baker Hughes (Centrilift),538 Series (Centrilift Centurion),P31,P31,153,7500.0,284.0,284.0,,,,230.0,142.0,50.0,0.8333,34.5,Upper Burgan (UB),199739.0,1.1388,0.4146,,,1.1477,1.1036,262.5,,,,2955.0,,,,,,,False,False,False,True,True,False,True,False,7. FAILED_MISSING_TELEMETRY,"Failed Gate 1: Missing Telemetry (PIP=nan, PDP=nan)"
GC-31,SA-0242_T,2023-04-03 05:15,Baker Hughes (Centrilift),538 Series (Centrilift Centurion),P31,P31,153,7500.0,389.8,389.8,,,,236.0,147.0,50.0,0.8333,25.3,Upper Burgan (UB),199739.0,1.1388,0.405,,,1.1477,1.1154,262.5,,,,2611.0,,,,,,,False,False,False,True,True,False,True,False,7. FAILED_MISSING_TELEMETRY,"Failed Gate 1: Missing Telemetry (PIP=nan, PDP=nan)"
GC-31,SA-0242_T,2023-07-24 08:00,Baker Hughes (Centrilift),538 Series (Centrilift Centurion),P31,P31,153,7500.0,502.0,502.0,,,,188.0,144.0,50.0,0.8333,24.0,Upper Burgan (UB),199739.0,1.1388,0.4037,,,1.1477,1.117,262.5,,,,2943.0,,,,,,,False,False,False,True,True,False,True,False,7. FAILED_MISSING_TELEMETRY,"Failed Gate 1: Missing Telemetry (PIP=nan, PDP=nan)"
GC-31,SA-0242_T,2023-11-10 07:30,Baker Hughes (Centrilift),538 Series (Centrilift Centurion),P31,P31,153,7500.0,610.9,610.9,,,,218.0,152.0,50.0,0.8333,34.0,Upper Burgan (UB),199739.0,1.1388,0.4141,,,1.1477,1.1043,262.5,,,,2804.0,,,,,,,False,False,False,True,True,False,True,False,7. FAILED_MISSING_TELEMETRY,"Failed Gate 1: Missing Telemetry (PIP=nan, PDP=nan)"
GC-31,SA-0242_T,2024-03-16 08:30,Baker Hughes (Centrilift),538 Series (Centrilift Centurion),P31,P31,153,7500.0,738.0,738.0,,,,225.0,155.0,50.0,0.8333,40.8,Upper Burgan (UB),199739.0,1.1388,0.4212,,,1.1477,1.0956,262.5,,,,2975.0,,,,,,,False,False,False,True,True,False,True,False,7. FAILED_MISSING_TELEMETRY,"Failed Gate 1: Missing Telemetry (PIP=nan, PDP=nan)"
GC-31,SA-0242_T,2024-08-08 08:30,Baker Hughes (Centrilift),538 Series (Centrilift Centurion),P31,P31,153,7500.0,883.0,883.0,,,,203.0,150.0,50.0,0.8333,37.1,Upper Burgan (UB),199739.0,1.1388,0.4173,,,1.1477,1.1003,262.5,,,,2847.0,,,,,,,False,False,False,True,True,False,True,False,7. FAILED_MISSING_TELEMETRY,"Failed Gate 1: Missing Telemetry (PIP=nan, PDP=nan)"
GC-31,SA-0242_T,2024-12-01 08:00,Baker Hughes (Centrilift),538 Series (Centrilift Centurion),P31,P31,153,7500.0,998.0,998.0,,,,205.0,154.0,50.0,0.8333,38.3,Upper Burgan (UB),199739.0,1.1388,0.4186,,,1.1477,1.0988,262.5,,,,2930.0,,,,,,,False,False,False,True,True,False,True,False,7. FAILED_MISSING_TELEMETRY,"Failed Gate 1: Missing Telemetry (PIP=nan, PDP=nan)"
GC-31,SA-0242_T,2025-04-28 08:45,Baker Hughes (Centrilift),538 Series (Centrilift Centurion),P31,P31,153,7500.0,1146.0,1146.0,,,,251.2,159.0,50.0,0.8333,56.9,Upper Burgan (UB),199739.0,1.1388,0.438,,,1.1477,1.075,262.5,,,,2795.5,,,,,,,False,False,False,True,True,False,True,False,7. FAILED_MISSING_TELEMETRY,"Failed Gate 1: Missing Telemetry (PIP=nan, PDP=nan)"
GC-31,SA-0242_T,2025-07-26 08:15,Baker Hughes (Centrilift),538 Series (Centrilift Centurion),P31,P31,153,7500.0,1235.0,1235.0,812.2,2334.5,1522.3,219.0,154.0,50.0,0.8333,46.5,Upper Burgan (UB),199739.0,1.1388,0.4271,23.3,33.55,1.0935,1.0593,128.7,3359.6,201.6,6.38,3158.0,3171.4,3171.4,13.4,0.42,0.42,OVER_PREDICTION,True,True,True,True,True,True,True,True,1. QUALIFIED_5QC_CLEAN_ACTIVE,Pass: Active completion run meeting all 5 QC physical screening gates
GC-31,SA-0242_T,2025-10-19 18:45,Baker Hughes (Centrilift),538 Series (Centrilift Centurion),P31,P31,153,7500.0,1320.4,1320.4,,,,206.0,148.0,50.0,0.8333,44.0,Upper Burgan (UB),199739.0,1.1388,0.4245,,,1.1477,1.0915,262.5,,,,2619.0,,,,,,,False,False,False,True,True,False,True,False,7. FAILED_MISSING_TELEMETRY,"Failed Gate 1: Missing Telemetry (PIP=nan, PDP=nan)"
GC-31,SA-0242_T,2026-02-01 10:15,Baker Hughes (Centrilift),538 Series (Centrilift Centurion),P31,P31,153,7500.0,1425.1,1425.1,0.0,0.0,0.0,218.0,146.0,50.0,0.8333,50.3,Upper Burgan (UB),199739.0,1.1388,0.4311,,,1.1477,1.0835,262.5,,,,2376.0,,,,,,,True,False,False,True,True,False,True,False,3. FAILED_ZERO_NEGATIVE_LIFT,"Failed Gate 2: Negative/Zero Lift (PDP=0.0 <= PIP=0.0, dP=0.0 psi)"
GC-31,SA-0242_T,2026-04-27 10:30,Baker Hughes (Centrilift),538 Series (Centrilift Centurion),P31,P31,153,7500.0,1510.1,1510.1,0.0,0.0,0.0,171.0,138.0,50.0,0.8333,0.0,Upper Burgan (UB),199739.0,1.1388,0.3786,,,1.1477,1.1477,262.5,,,,2375.0,,,,,,,True,False,False,True,True,False,True,False,3. FAILED_ZERO_NEGATIVE_LIFT,"Failed Gate 2: Negative/Zero Lift (PDP=0.0 <= PIP=0.0, dP=0.0 psi)"
GC-31,SA-0251_T,2021-05-10 08:30,REDA (Schlumberger),538/540 Series (REDA S),S8000N,SN8500,79,7739.0,494.4,494.4,2699.0,,,741.5,172.4,52.0,0.8667,88.1,Lower Burgan (LB),213445.0,1.1483,0.4705,,,1.1848,1.0396,350.0,,,,3623.9,,,,,,,False,False,False,True,True,False,True,False,7. FAILED_MISSING_TELEMETRY,"Failed Gate 1: Missing Telemetry (PIP=2699.0, PDP=nan)"
GC-31,SA-0251_T,2021-10-16 09:15,REDA (Schlumberger),538/540 Series (REDA S),S8000N,SN8500,79,7739.0,653.4,653.4,2683.0,,,681.0,166.0,52.0,0.8667,85.0,Lower Burgan (LB),213445.0,1.1483,0.4672,,,1.1848,1.0447,350.0,,,,3322.0,,,,,,,False,False,False,True,True,False,True,False,7. FAILED_MISSING_TELEMETRY,"Failed Gate 1: Missing Telemetry (PIP=2683.0, PDP=nan)"
GC-31,SA-0251_T,2022-01-17 18:00,REDA (Schlumberger),538/540 Series (REDA S),S8000N,SN8500,79,7739.0,746.8,746.8,2702.0,,,702.0,162.0,50.0,0.8333,90.8,Lower Burgan (LB),213445.0,1.1483,0.4733,,,1.1848,1.0352,350.0,,,,2966.0,,,,,,,False,False,False,True,True,False,True,False,7. FAILED_MISSING_TELEMETRY,"Failed Gate 1: Missing Telemetry (PIP=2702.0, PDP=nan)"
GC-31,SA-0251_T,2022-04-15 05:15,REDA (Schlumberger),538/540 Series (REDA S),S8000N,SN8500,79,7739.0,834.3,834.3,2722.0,4340.7,1618.7,740.0,166.0,52.0,0.8667,90.0,Lower Burgan (LB),213445.0,1.1483,0.4725,43.37,57.74,1.1848,1.0365,350.0,4394.2,1351.2,44.4,3043.0,4239.5,4239.5,1196.5,39.32,39.32,OVER_PREDICTION,True,True,True,True,True,True,True,True,1. QUALIFIED_5QC_CLEAN_ACTIVE,Pass: Active completion run meeting all 5 QC physical screening gates
GC-31,SA-0251_T,2022-07-08 09:00,REDA (Schlumberger),538/540 Series (REDA S),S8000N,SN8500,79,7739.0,918.4,918.4,2767.0,4366.0,1599.0,634.4,166.4,52.0,0.8667,94.3,Lower Burgan (LB),213445.0,1.1483,0.4769,42.44,56.5,1.1848,1.0294,350.0,4900.5,1139.9,30.31,3760.6,4760.6,4760.6,1000.0,26.59,26.59,OVER_PREDICTION,True,True,True,True,True,True,True,True,1. QUALIFIED_5QC_CLEAN_ACTIVE,Pass: Active completion run meeting all 5 QC physical screening gates
GC-31,SA-0251_T,2022-11-14 08:15,REDA (Schlumberger),538/540 Series (REDA S),S8000N,SN8500,79,7739.0,1047.4,1047.4,2730.0,4326.7,1596.7,728.6,155.0,52.0,0.8667,92.9,Lower Burgan (LB),213445.0,1.1483,0.4755,42.51,56.59,1.1848,1.0317,350.0,4864.4,1692.4,53.35,3172.0,4714.9,4714.9,1542.9,48.64,48.64,OVER_PREDICTION,True,True,True,True,True,True,True,True,1. QUALIFIED_5QC_CLEAN_ACTIVE,Pass: Active completion run meeting all 5 QC physical screening gates
GC-31,SA-0251_T,2023-03-04 08:15,REDA (Schlumberger),538/540 Series (REDA S),S8000N,SN8500,79,7739.0,1157.4,1157.4,2635.0,4190.7,1555.7,588.0,185.0,52.0,0.8667,89.7,Lower Burgan (LB),213445.0,1.1483,0.4721,41.71,55.53,1.1848,1.037,350.0,5236.3,1624.3,44.97,3612.0,5049.6,5049.6,1437.6,39.8,39.8,OVER_PREDICTION,True,True,True,True,True,True,True,True,1. QUALIFIED_5QC_CLEAN_ACTIVE,Pass: Active completion run meeting all 5 QC physical screening gates
GC-31,SA-0251_T,2023-06-28 07:30,REDA (Schlumberger),538/540 Series (REDA S),S8000N,SN8500,79,7739.0,1273.4,1273.4,2660.0,4235.0,1575.0,635.0,170.0,52.0,0.8667,90.7,Lower Burgan (LB),213445.0,1.1483,0.4732,42.13,56.09,1.1848,1.0353,350.0,5048.5,1880.5,59.36,3168.0,4876.2,4876.2,1708.2,53.92,53.92,OVER_PREDICTION,True,True,True,True,True,True,True,True,1. QUALIFIED_5QC_CLEAN_ACTIVE,Pass: Active completion run meeting all 5 QC physical screening gates
GC-31,SA-0251_T,2024-01-05 08:00,REDA (Schlumberger),538/540 Series (REDA S),S8000N,SN8500,79,7739.0,1464.4,1464.4,2650.0,4201.0,1551.0,586.0,170.0,52.0,0.8667,89.8,Lower Burgan (LB),213445.0,1.1483,0.4722,41.57,55.34,1.1848,1.0368,350.0,5297.7,1967.7,59.09,3330.0,5109.6,5109.6,1779.6,53.44,53.44,OVER_PREDICTION,True,True,True,True,True,True,True,True,1. QUALIFIED_5QC_CLEAN_ACTIVE,Pass: Active completion run meeting all 5 QC physical screening gates
GC-31,SA-0251_T,2024-04-20 09:00,REDA (Schlumberger),538/540 Series (REDA S),S8000N,SN8500,79,7739.0,1570.4,1570.4,2695.0,4285.0,1590.0,653.0,170.0,52.0,0.8667,92.3,Lower Burgan (LB),213445.0,1.1483,0.4748,42.39,56.43,1.1848,1.0327,350.0,4925.7,1782.7,56.72,3143.0,4769.8,4769.8,1626.8,51.76,51.76,OVER_PREDICTION,True,True,True,True,True,True,True,True,1. QUALIFIED_5QC_CLEAN_ACTIVE,Pass: Active completion run meeting all 5 QC physical screening gates
GC-31,SA-0251_T,2025-01-09 08:45,REDA (Schlumberger),538/540 Series (REDA S),S8000N,SN8500,79,7739.0,1834.4,1834.4,2684.0,4296.0,1612.0,614.0,170.0,52.0,0.8667,91.3,Lower Burgan (LB),213445.0,1.1483,0.4738,43.07,57.34,1.1848,1.0343,350.0,4567.5,1706.5,59.65,2861.0,4415.9,4415.9,1554.9,54.35,54.35,OVER_PREDICTION,True,True,True,True,True,True,True,True,1. QUALIFIED_5QC_CLEAN_ACTIVE,Pass: Active completion run meeting all 5 QC physical screening gates
GC-31,SA-0251_T,2025-08-10 18:30,REDA (Schlumberger),538/540 Series (REDA S),S8000N,SN8500,79,7739.0,2047.8,2047.8,2688.0,4279.0,1591.0,620.0,169.0,52.0,0.8667,94.5,Lower Burgan (LB),213445.0,1.1483,0.4771,42.21,56.19,1.1848,1.0291,350.0,5012.4,2085.4,71.25,2927.0,4870.8,4870.8,1943.8,66.41,66.41,OVER_PREDICTION,True,True,True,True,True,True,True,True,1. QUALIFIED_5QC_CLEAN_ACTIVE,Pass: Active completion run meeting all 5 QC physical screening gates
GC-31,SA-0251_T,2025-09-16 07:45,REDA (Schlumberger),538/540 Series (REDA S),S8000N,SN8500,79,7739.0,2084.4,2084.4,2017.0,4008.0,1991.0,350.0,173.0,52.0,0.8667,91.1,Lower Burgan (LB),213445.0,1.1483,0.4736,53.21,70.84,1.1848,1.0347,350.0,0.0,-3717.9,-100.0,3717.9,0.0,0.0,-3717.9,-100.0,100.0,UNDER_PREDICTION,True,True,True,True,True,True,True,True,1. QUALIFIED_5QC_CLEAN_ACTIVE,Pass: Active completion run meeting all 5 QC physical screening gates
GC-31,SA-0251_T,2025-12-30 12:00,REDA (Schlumberger),538/540 Series (REDA S),S8000N,SN8500,79,7739.0,2189.5,2189.5,2525.0,4077.0,1552.0,407.0,171.0,53.0,0.8833,94.3,Lower Burgan (LB),213445.0,1.1483,0.4769,41.19,52.79,1.1848,1.0294,350.0,6121.8,2295.8,60.01,3826.0,5947.0,5947.0,2121.0,55.44,55.44,OVER_PREDICTION,True,True,True,True,True,True,True,True,1. QUALIFIED_5QC_CLEAN_ACTIVE,Pass: Active completion run meeting all 5 QC physical screening gates
GC-31,SA-0251_T,2026-03-24 20:30,REDA (Schlumberger),538/540 Series (REDA S),S8000N,SN8500,79,7739.0,2273.9,2273.9,2598.0,4101.0,1503.0,410.0,324.0,52.0,0.8667,92.4,Lower Burgan (LB),213445.0,1.1483,0.475,40.06,53.33,1.1848,1.0325,350.0,5871.9,2380.9,68.2,3491.0,5686.9,5686.9,2195.9,62.9,62.9,OVER_PREDICTION,True,True,True,True,True,True,True,True,1. QUALIFIED_5QC_CLEAN_ACTIVE,Pass: Active completion run meeting all 5 QC physical screening gates
GC-31,SA-0251_T,2026-06-07 07:00,REDA (Schlumberger),538/540 Series (REDA S),S8000N,SN8500,79,7739.0,2348.3,2348.3,2607.0,4130.0,1523.0,397.0,171.0,52.0,0.8667,96.0,Lower Burgan (LB),213445.0,1.1483,0.4787,40.27,53.61,1.1848,1.0266,350.0,5798.8,2132.8,58.18,3666.0,5648.6,5648.6,1982.6,54.08,54.08,OVER_PREDICTION,True,True,True,True,True,True,True,True,1. QUALIFIED_5QC_CLEAN_ACTIVE,Pass: Active completion run meeting all 5 QC physical screening gates
GC-31,SA-0252_T,2021-01-09 21:15,Alkhorayef (ACC),538 Series (ACC WE),WE-1500,WE-1500,142,7700.0,0.0,-1052.1,2329.0,,,205.0,153.0,50.0,0.8333,97.2,Upper Burgan (UB),199739.0,1.1388,0.48,,,1.1848,1.0246,350.0,,,,1523.0,,,,,,,False,False,False,True,True,False,False,False,7. FAILED_MISSING_TELEMETRY,"Failed Gate 1: Missing Telemetry (PIP=2329.0, PDP=nan)"
GC-31,SA-0252_T,2021-01-27 08:30,Alkhorayef (ACC),538 Series (ACC WE),WE-1500,WE-1500,142,7700.0,0.0,-1034.6,1622.0,,,232.2,160.3,50.0,0.8333,92.3,Upper Burgan (UB),199739.0,1.1388,0.4748,,,1.1583,1.0306,287.7,,,,2018.5,,,,,,,False,False,False,True,True,False,False,False,7. FAILED_MISSING_TELEMETRY,"Failed Gate 1: Missing Telemetry (PIP=1622.0, PDP=nan)"
GC-31,SA-0252_T,2021-04-23 05:15,Alkhorayef (ACC),538 Series (ACC WE),WE-1500,WE-1500,142,7700.0,0.0,-948.8,921.0,,,182.0,153.0,50.0,0.8333,75.0,Upper Burgan (UB),199739.0,1.1388,0.4568,,,1.1014,1.0404,148.7,,,,1681.0,,,,,,,False,False,False,True,True,False,False,False,7. FAILED_MISSING_TELEMETRY,"Failed Gate 1: Missing Telemetry (PIP=921.0, PDP=nan)"
GC-31,SA-0252_T,2022-03-24 08:15,Alkhorayef (ACC),538 Series (ACC WE),WE-1500,WE-1500,142,7700.0,0.0,-613.7,1740.0,3684.0,1944.0,140.0,152.0,50.0,0.8333,97.7,Upper Burgan (UB),199739.0,1.1388,0.4805,28.49,41.03,1.1688,1.0234,312.5,2024.5,395.5,24.28,1629.0,1978.2,1978.2,349.2,21.44,21.44,OVER_PREDICTION,True,True,True,True,True,True,False,False,2. QUALIFIED_5QC_HISTORICAL_RUN,Pass 5 QC Gates (Historical Completion Run: Days = -613.7)
GC-31,SA-0252_T,2022-04-25 10:45,Alkhorayef (ACC),538 Series (ACC WE),WE-1500,WE-1500,142,7700.0,0.0,-581.6,1197.0,,,129.0,144.0,50.0,0.8333,84.0,Upper Burgan (UB),199739.0,1.1388,0.4662,,,1.1226,1.0364,201.6,,,,1158.0,,,,,,,False,False,False,True,True,False,False,False,7. FAILED_MISSING_TELEMETRY,"Failed Gate 1: Missing Telemetry (PIP=1197.0, PDP=nan)"
GC-31,SA-0252_T,2022-08-05 12:45,Alkhorayef (ACC),538 Series (ACC WE),WE-1500,WE-1500,142,7700.0,0.0,-479.5,1196.0,3340.0,2144.0,158.0,144.0,52.0,0.8667,80.5,Upper Burgan (UB),199739.0,1.1388,0.4626,32.64,43.45,1.1225,1.04,201.4,2005.4,373.4,22.88,1632.0,1928.3,1928.3,296.3,18.16,18.16,OVER_PREDICTION,True,True,True,True,True,True,False,False,2. QUALIFIED_5QC_HISTORICAL_RUN,Pass 5 QC Gates (Historical Completion Run: Days = -479.5)
GC-31,SA-0252_T,2022-12-08 09:15,Alkhorayef (ACC),538 Series (ACC WE),WE-1500,WE-1500,142,7700.0,0.0,-354.6,1168.0,3362.7,2194.7,190.0,140.0,50.0,0.8333,75.0,Upper Burgan (UB),199739.0,1.1388,0.4568,33.83,48.72,1.1203,1.0451,195.9,1722.6,-22.4,-1.28,1745.0,1648.3,1648.3,-96.7,-5.54,5.54,UNDER_PREDICTION,True,True,True,True,True,True,False,False,2. QUALIFIED_5QC_HISTORICAL_RUN,Pass 5 QC Gates (Historical Completion Run: Days = -354.6)
GC-31,SA-0252_T,2023-03-19 08:30,Alkhorayef (ACC),538 Series (ACC WE),WE-1500,WE-1500,142,7700.0,0.0,-253.6,1276.0,3395.0,2119.0,213.0,143.0,50.0,0.8333,76.0,Upper Burgan (UB),199739.0,1.1388,0.4579,32.59,46.93,1.129,1.0462,217.2,1792.8,294.8,19.68,1498.0,1713.7,1713.7,215.7,14.4,14.4,OVER_PREDICTION,True,True,True,True,True,True,False,False,2. QUALIFIED_5QC_HISTORICAL_RUN,Pass 5 QC Gates (Historical Completion Run: Days = -253.6)
GC-31,SA-0252_T,2023-07-02 07:00,Alkhorayef (ACC),538 Series (ACC WE),WE-1500,WE-1500,142,7700.0,0.0,-148.7,1233.0,3342.0,2109.0,202.0,141.0,50.0,0.8333,76.4,Upper Burgan (UB),199739.0,1.1388,0.4583,32.41,46.67,1.1255,1.0449,208.7,1803.1,338.1,23.08,1465.0,1725.6,1725.6,260.6,17.79,17.79,OVER_PREDICTION,True,True,True,True,True,True,False,False,2. QUALIFIED_5QC_HISTORICAL_RUN,Pass 5 QC Gates (Historical Completion Run: Days = -148.7)
GC-31,SA-0252_T,2023-12-15 09:15,Alkhorayef (ACC),538 Series (ACC WE),WE-1500,WE-1500,142,7700.0,17.4,17.4,1637.0,3718.0,2081.0,208.4,147.7,50.0,0.8333,95.0,Upper Burgan (UB),199739.0,1.1388,0.4777,30.68,44.18,1.1596,1.027,290.8,1899.5,779.5,69.6,1120.0,1849.6,1849.6,729.6,65.14,65.14,OVER_PREDICTION,True,True,True,True,True,True,True,True,1. QUALIFIED_5QC_CLEAN_ACTIVE,Pass: Active completion run meeting all 5 QC physical screening gates
GC-31,SA-0252_T,2024-01-16 08:30,Alkhorayef (ACC),538 Series (ACC WE),WE-1500,WE-1500,142,7700.0,49.4,49.4,1372.0,3434.0,2062.0,224.7,138.3,50.0,0.8333,70.7,Upper Burgan (UB),199739.0,1.1388,0.4523,32.1,46.23,1.1369,1.0542,236.4,1820.2,744.4,69.2,1075.8,1726.5,1726.5,650.7,60.49,60.49,OVER_PREDICTION,True,True,True,True,True,True,True,True,1. QUALIFIED_5QC_CLEAN_ACTIVE,Pass: Active completion run meeting all 5 QC physical screening gates
GC-31,SA-0252_T,2024-05-04 08:30,Alkhorayef (ACC),538 Series (ACC WE),WE-1500,WE-1500,142,7700.0,158.4,158.4,1151.0,3360.0,2209.0,205.0,140.0,51.0,0.85,63.1,Upper Burgan (UB),199739.0,1.1388,0.4444,35.0,48.44,1.119,1.0565,192.6,1768.4,735.4,71.19,1033.0,1673.8,1673.8,640.8,62.03,62.03,OVER_PREDICTION,True,True,True,True,True,True,True,True,1. QUALIFIED_5QC_CLEAN_ACTIVE,Pass: Active completion run meeting all 5 QC physical screening gates
GC-31,SA-0252_T,2024-09-16 09:00,Alkhorayef (ACC),538 Series (ACC WE),WE-1500,WE-1500,142,7700.0,293.4,293.4,,,,168.0,148.0,55.0,0.9167,71.8,Upper Burgan (UB),199739.0,1.1388,0.4535,,,1.1477,1.056,262.5,,,,1456.0,,,,,,,False,False,False,True,True,False,True,False,7. FAILED_MISSING_TELEMETRY,"Failed Gate 1: Missing Telemetry (PIP=nan, PDP=nan)"
GC-31,SA-0252_T,2025-04-19 10:30,Alkhorayef (ACC),538 Series (ACC WE),WE-1500,WE-1500,142,7700.0,508.4,508.4,,,,236.0,144.0,55.0,0.9167,70.4,Upper Burgan (UB),199739.0,1.1388,0.452,,,1.1477,1.0578,262.5,,,,936.0,,,,,,,False,False,False,True,True,False,True,False,7. FAILED_MISSING_TELEMETRY,"Failed Gate 1: Missing Telemetry (PIP=nan, PDP=nan)"
GC-31,SA-0252_T,2025-09-05 08:30,Alkhorayef (ACC),538 Series (ACC WE),WE-1500,WE-1500,142,7700.0,647.4,647.4,,,,198.0,150.0,55.0,0.9167,82.5,Upper Burgan (UB),199739.0,1.1388,0.4646,,,1.1477,1.0423,262.5,,,,1259.0,,,,,,,False,False,False,True,True,False,True,False,7. FAILED_MISSING_TELEMETRY,"Failed Gate 1: Missing Telemetry (PIP=nan, PDP=nan)"
GC-31,SA-0252_T,2025-12-13 21:30,Alkhorayef (ACC),538 Series (ACC WE),WE-1500,WE-1500,142,7700.0,746.9,746.9,,,,215.0,144.0,55.0,0.9167,82.3,Upper Burgan (UB),199739.0,1.1388,0.4644,,,1.1477,1.0426,262.5,,,,978.0,,,,,,,False,False,False,True,True,False,True,False,7. FAILED_MISSING_TELEMETRY,"Failed Gate 1: Missing Telemetry (PIP=nan, PDP=nan)"
GC-31,SA-0252_T,2026-05-03 10:15,Alkhorayef (ACC),538 Series (ACC WE),WE-1500,WE-1500,142,7700.0,887.4,887.4,0.0,0.0,0.0,166.0,139.0,55.0,0.9167,81.7,Upper Burgan (UB),199739.0,1.1388,0.4638,,,1.1477,1.0434,262.5,,,,895.0,,,,,,,True,False,False,True,True,False,True,False,3. FAILED_ZERO_NEGATIVE_LIFT,"Failed Gate 2: Negative/Zero Lift (PDP=0.0 <= PIP=0.0, dP=0.0 psi)"
GC-31,SA-0254ST1_T,2021-01-17 05:00,Alkhorayef (ACC),538 Series (ACC WE),WE-1500c,WE-1500,130,6300.0,0.0,-493.2,1363.0,,,348.0,129.0,50.0,0.8333,88.6,Upper Burgan (UB),199739.0,1.1388,0.4806,,,1.1361,1.0332,234.6,,,,1655.0,,,,,,,False,False,False,True,True,False,False,False,7. FAILED_MISSING_TELEMETRY,"Failed Gate 1: Missing Telemetry (PIP=1363.0, PDP=nan)"
GC-31,SA-0254ST1_T,2021-01-30 08:15,Alkhorayef (ACC),538 Series (ACC WE),WE-1500c,WE-1500,130,6300.0,0.0,-480.0,1262.0,,,388.0,145.0,50.0,0.8333,50.0,Upper Burgan (UB),199739.0,1.1388,0.4362,,,1.1278,1.0739,214.4,,,,1594.0,,,,,,,False,False,False,True,True,False,False,False,7. FAILED_MISSING_TELEMETRY,"Failed Gate 1: Missing Telemetry (PIP=1262.0, PDP=nan)"
GC-31,SA-0254ST1_T,2021-05-03 04:45,Alkhorayef (ACC),538 Series (ACC WE),WE-1500c,WE-1500,130,6300.0,0.0,-387.2,1183.0,,,268.0,151.0,50.0,0.8333,66.0,Upper Burgan (UB),199739.0,1.1388,0.4546,,,1.1215,1.0545,198.8,,,,1479.0,,,,,,,False,False,False,True,True,False,False,False,7. FAILED_MISSING_TELEMETRY,"Failed Gate 1: Missing Telemetry (PIP=1183.0, PDP=nan)"
GC-31,SA-0254ST1_T,2021-10-16 08:15,Alkhorayef (ACC),538 Series (ACC WE),WE-1500c,WE-1500,130,6300.0,0.0,-221.0,1238.0,,,355.0,158.0,50.0,0.8333,88.9,Upper Burgan (UB),199739.0,1.1388,0.4809,,,1.1259,1.0318,209.7,,,,1389.0,,,,,,,False,False,False,True,True,False,False,False,7. FAILED_MISSING_TELEMETRY,"Failed Gate 1: Missing Telemetry (PIP=1238.0, PDP=nan)"
GC-31,SA-0254ST1_T,2022-06-21 07:45,Alkhorayef (ACC),538 Series (ACC WE),WE-1500c,WE-1500,130,6300.0,27.0,27.0,583.0,,,176.0,129.0,50.0,0.8333,36.4,Upper Burgan (UB),199739.0,1.1388,0.4205,,,1.0779,1.0568,88.2,,,,1182.0,,,,,,,False,False,False,True,True,False,True,False,7. FAILED_MISSING_TELEMETRY,"Failed Gate 1: Missing Telemetry (PIP=583.0, PDP=nan)"
GC-31,SA-0254ST1_T,2023-01-25 08:15,Alkhorayef (ACC),538 Series (ACC WE),WE-1500c,WE-1500,130,6300.0,245.0,245.0,791.0,170.0,-621.0,179.0,142.0,60.0,1.0,28.1,Upper Burgan (UB),199739.0,1.1388,0.411,,,1.092,1.0718,124.8,,,,1321.0,,,,,,,True,False,False,True,True,False,True,False,3. FAILED_ZERO_NEGATIVE_LIFT,"Failed Gate 2: Negative/Zero Lift (PDP=170.0 <= PIP=791.0, dP=-621.0 psi)"
GC-31,SA-0254ST1_T,2023-02-03 10:00,Alkhorayef (ACC),538 Series (ACC WE),WE-1500c,WE-1500,130,6300.0,254.1,254.1,668.0,2674.0,2006.0,193.0,152.0,54.0,0.9,39.9,Upper Burgan (UB),199739.0,1.1388,0.4245,36.35,44.88,1.0835,1.0582,102.9,2022.4,550.4,37.39,1472.0,1911.2,1911.2,439.2,29.84,29.84,OVER_PREDICTION,True,True,True,True,True,True,True,True,1. QUALIFIED_5QC_CLEAN_ACTIVE,Pass: Active completion run meeting all 5 QC physical screening gates
GC-31,SA-0254ST1_T,2023-07-12 05:00,Alkhorayef (ACC),538 Series (ACC WE),WE-1500c,WE-1500,130,6300.0,412.8,412.8,1178.0,3363.0,2185.0,176.0,137.0,50.0,0.8333,46.0,Upper Burgan (UB),199739.0,1.1388,0.4316,38.95,56.09,1.1211,1.0746,197.9,1403.9,-294.1,-17.32,1698.0,1306.4,1306.4,-391.6,-23.06,23.06,UNDER_PREDICTION,True,True,True,True,True,True,True,True,1. QUALIFIED_5QC_CLEAN_ACTIVE,Pass: Active completion run meeting all 5 QC physical screening gates
GC-31,SA-0254ST1_T,2023-11-02 08:15,Alkhorayef (ACC),538 Series (ACC WE),WE-1500c,WE-1500,130,6300.0,526.0,526.0,,2603.0,,227.0,147.0,54.0,0.9,50.9,Upper Burgan (UB),199739.0,1.1388,0.4372,,,1.1477,1.0827,262.5,,,,1545.0,,,,,,,False,False,False,True,True,False,True,False,7. FAILED_MISSING_TELEMETRY,"Failed Gate 1: Missing Telemetry (PIP=nan, PDP=2603.0)"
GC-31,SA-0254ST1_T,2024-02-10 09:15,Alkhorayef (ACC),538 Series (ACC WE),WE-1500c,WE-1500,130,6300.0,626.0,626.0,1209.0,2457.0,1248.0,259.0,149.0,55.0,0.9167,50.0,Upper Burgan (UB),199739.0,1.1388,0.4362,22.01,26.19,1.1236,1.0718,203.9,2539.3,833.3,48.85,1706.0,2369.2,2369.2,663.2,38.87,38.87,OVER_PREDICTION,True,True,True,True,True,True,True,True,1. QUALIFIED_5QC_CLEAN_ACTIVE,Pass: Active completion run meeting all 5 QC physical screening gates
GC-31,SA-0254ST1_T,2024-06-04 07:45,Alkhorayef (ACC),538 Series (ACC WE),WE-1500c,WE-1500,130,6300.0,741.0,741.0,775.0,2823.0,2048.0,256.0,150.0,55.0,0.9167,53.2,Upper Burgan (UB),199739.0,1.1388,0.4398,35.82,42.63,1.0909,1.0532,121.9,2156.4,674.4,45.51,1482.0,2047.5,2047.5,565.5,38.16,38.16,OVER_PREDICTION,True,True,True,True,True,True,True,True,1. QUALIFIED_5QC_CLEAN_ACTIVE,Pass: Active completion run meeting all 5 QC physical screening gates
GC-31,SA-0254ST1_T,2024-10-04 07:45,Alkhorayef (ACC),538 Series (ACC WE),WE-1500c,WE-1500,130,6300.0,863.0,863.0,702.0,2882.0,2180.0,230.0,149.0,55.0,0.9167,63.4,Upper Burgan (UB),199739.0,1.1388,0.4516,37.14,44.2,1.0858,1.0441,108.9,2088.8,878.8,72.63,1210.0,2000.6,2000.6,790.6,65.34,65.34,OVER_PREDICTION,True,True,True,True,True,True,True,True,1. QUALIFIED_5QC_CLEAN_ACTIVE,Pass: Active completion run meeting all 5 QC physical screening gates
GC-31,SA-0254ST1_T,2025-01-27 07:45,Alkhorayef (ACC),538 Series (ACC WE),WE-1500c,WE-1500,130,6300.0,978.0,978.0,743.0,3031.0,2288.0,341.0,154.0,55.0,0.9167,60.0,Upper Burgan (UB),199739.0,1.1388,0.4477,39.32,46.79,1.0887,1.0475,116.2,1978.3,768.3,63.5,1210.0,1888.7,1888.7,678.7,56.09,56.09,OVER_PREDICTION,True,True,True,True,True,True,True,True,1. QUALIFIED_5QC_CLEAN_ACTIVE,Pass: Active completion run meeting all 5 QC physical screening gates
GC-31,SA-0254ST1_T,2025-06-14 08:15,Alkhorayef (ACC),538 Series (ACC WE),WE-1500c,WE-1500,130,6300.0,1116.0,1116.0,760.0,2853.0,2093.0,247.0,150.0,55.0,0.9167,57.6,Upper Burgan (UB),199739.0,1.1388,0.4449,36.19,43.07,1.0898,1.0496,119.2,2137.6,965.6,82.39,1172.0,2036.6,2036.6,864.6,73.77,73.77,OVER_PREDICTION,True,True,True,True,True,True,True,True,1. QUALIFIED_5QC_CLEAN_ACTIVE,Pass: Active completion run meeting all 5 QC physical screening gates
GC-31,SA-0254ST1_T,2025-09-29 07:15,Alkhorayef (ACC),538 Series (ACC WE),WE-1500c,WE-1500,130,6300.0,1222.9,1222.9,668.0,2815.0,2147.0,215.0,154.0,56.0,0.9333,61.1,Upper Burgan (UB),199739.0,1.1388,0.4489,36.79,42.24,1.0835,1.0447,102.9,2212.8,853.8,62.83,1359.0,2118.1,2118.1,759.1,55.86,55.86,OVER_PREDICTION,True,True,True,True,True,True,True,True,1. QUALIFIED_5QC_CLEAN_ACTIVE,Pass: Active completion run meeting all 5 QC physical screening gates
GC-31,SA-0254ST1_T,2026-07-05 06:15,Alkhorayef (ACC),538 Series (ACC WE),WE-1500c,WE-1500,130,6300.0,1501.9,1501.9,715.0,2798.0,2083.0,194.0,136.0,54.0,0.9,55.0,Upper Burgan (UB),199739.0,1.1388,0.4419,36.26,44.77,1.0867,1.05,111.2,2027.0,1037.0,104.75,990.0,1930.4,1930.4,940.4,94.99,94.99,OVER_PREDICTION,True,True,True,True,True,True,True,True,1. QUALIFIED_5QC_CLEAN_ACTIVE,Pass: Active completion run meeting all 5 QC physical screening gates
GC-31,SA-0255_T,2021-02-06 08:15,Halliburton / Summit ESP,538 Series (Summit SJ),SJ2800,SJ2800,182,7200.0,0.0,-1961.6,,,,167.0,100.0,54.0,0.9,2.3,Mauddud (MA),137779.0,1.0958,0.381,,,1.1477,1.1447,262.5,,,,352.0,,,,,,,False,False,False,True,True,False,False,False,7. FAILED_MISSING_TELEMETRY,"Failed Gate 1: Missing Telemetry (PIP=nan, PDP=nan)"
GC-31,SA-0255_T,2021-06-29 07:30,Halliburton / Summit ESP,538 Series (Summit SJ),SJ2800,SJ2800,182,7200.0,0.0,-1818.6,,,,174.0,109.0,54.0,0.9,1.3,Mauddud (MA),137779.0,1.0958,0.38,,,1.1477,1.146,262.5,,,,384.0,,,,,,,False,False,False,True,True,False,False,False,7. FAILED_MISSING_TELEMETRY,"Failed Gate 1: Missing Telemetry (PIP=nan, PDP=nan)"
GC-31,SA-0255_T,2021-10-19 09:00,Halliburton / Summit ESP,538 Series (Summit SJ),SJ2800,SJ2800,182,7200.0,0.0,-1706.6,,,,250.0,102.0,53.0,0.8833,0.9,Mauddud (MA),137779.0,1.0958,0.3796,,,1.1477,1.1465,262.5,,,,442.0,,,,,,,False,False,False,True,True,False,False,False,7. FAILED_MISSING_TELEMETRY,"Failed Gate 1: Missing Telemetry (PIP=nan, PDP=nan)"
GC-31,SA-0255_T,2022-03-02 08:15,Halliburton / Summit ESP,538 Series (Summit SJ),SJ2800,SJ2800,182,7200.0,0.0,-1572.6,,,,179.0,99.0,50.0,0.8333,0.0,Mauddud (MA),137779.0,1.0958,0.3786,,,1.1477,1.1477,262.5,,,,408.0,,,,,,,False,False,False,True,True,False,False,False,7. FAILED_MISSING_TELEMETRY,"Failed Gate 1: Missing Telemetry (PIP=nan, PDP=nan)"
GC-31,SA-0255_T,2022-06-22 13:15,Halliburton / Summit ESP,538 Series (Summit SJ),SJ2800,SJ2800,182,7200.0,0.0,-1460.4,,,,155.0,102.0,53.0,0.8833,1.5,Mauddud (MA),137779.0,1.0958,0.3802,,,1.1477,1.1458,262.5,,,,468.0,,,,,,,False,False,False,True,True,False,False,False,7. FAILED_MISSING_TELEMETRY,"Failed Gate 1: Missing Telemetry (PIP=nan, PDP=nan)"
GC-31,SA-0255_T,2022-12-21 08:15,Halliburton / Summit ESP,538 Series (Summit SJ),SJ2800,SJ2800,182,7200.0,0.0,-1278.6,2412.0,3503.0,1091.0,435.0,130.0,50.0,0.8333,69.1,Mauddud (MA),137779.0,1.0958,0.4507,13.3,19.15,1.1848,1.0709,350.0,2908.2,1676.2,136.06,1232.0,2715.6,2715.6,1483.6,120.42,120.42,OVER_PREDICTION,True,True,True,True,True,True,False,False,2. QUALIFIED_5QC_HISTORICAL_RUN,Pass 5 QC Gates (Historical Completion Run: Days = -1278.6)
GC-31,SA-0255_T,2023-02-24 09:00,Halliburton / Summit ESP,538 Series (Summit SJ),SJ2800,SJ2800,182,7200.0,0.0,-1213.6,2327.0,3932.0,1605.0,369.0,136.0,51.0,0.85,90.9,Mauddud (MA),137779.0,1.0958,0.4734,18.63,25.79,1.1848,1.035,350.0,2966.5,1649.5,125.25,1317.0,2866.2,2866.2,1549.2,117.63,117.63,OVER_PREDICTION,True,True,True,True,True,True,False,False,2. QUALIFIED_5QC_HISTORICAL_RUN,Pass 5 QC Gates (Historical Completion Run: Days = -1213.6)
GC-31,SA-0255_T,2023-07-08 07:45,Halliburton / Summit ESP,538 Series (Summit SJ),SJ2800,SJ2800,182,7200.0,0.0,-1079.6,2239.0,3959.0,1720.0,357.0,146.0,51.0,0.85,91.2,Mauddud (MA),137779.0,1.0958,0.4737,19.95,27.61,1.1848,1.0345,350.0,2966.5,1690.5,132.48,1276.0,2867.6,2867.6,1591.6,124.73,124.73,OVER_PREDICTION,True,True,True,True,True,True,False,False,2. QUALIFIED_5QC_HISTORICAL_RUN,Pass 5 QC Gates (Historical Completion Run: Days = -1079.6)
GC-31,SA-0255_T,2024-04-20 10:30,Halliburton / Summit ESP,538 Series (Summit SJ),SJ2800,SJ2800,182,7200.0,0.0,-792.5,959.0,3483.0,2524.0,53.0,143.0,50.0,0.8333,94.2,Mauddud (MA),137779.0,1.0958,0.4768,29.08,41.88,1.1042,1.0249,155.8,2908.2,2053.2,240.14,855.0,2837.6,2837.6,1982.6,231.88,231.88,OVER_PREDICTION,True,True,True,True,True,True,False,False,2. QUALIFIED_5QC_HISTORICAL_RUN,Pass 5 QC Gates (Historical Completion Run: Days = -792.5)
GC-31,SA-0255_T,2024-09-19 08:30,Halliburton / Summit ESP,538 Series (Summit SJ),SJ2800,SJ2800,182,7200.0,0.0,-640.6,1042.0,2753.0,1711.0,254.0,143.0,45.0,0.75,44.1,Mauddud (MA),137779.0,1.0958,0.4246,22.14,39.36,1.1105,1.0706,171.6,2617.5,994.5,61.28,1623.0,2444.9,2444.9,821.9,50.64,50.64,OVER_PREDICTION,True,True,True,True,True,True,False,False,2. QUALIFIED_5QC_HISTORICAL_RUN,Pass 5 QC Gates (Historical Completion Run: Days = -640.6)
GC-31,SA-0255_T,2025-04-17 12:15,Halliburton / Summit ESP,538 Series (Summit SJ),SJ2800,SJ2800,182,7200.0,0.0,-430.4,1101.0,3035.0,1934.0,282.0,152.0,46.0,0.7667,69.3,Mauddud (MA),137779.0,1.0958,0.4509,23.57,40.1,1.1151,1.0492,182.9,2675.8,1063.6,65.97,1612.2,2550.4,2550.4,938.2,58.19,58.19,OVER_PREDICTION,True,True,True,True,True,True,False,False,2. QUALIFIED_5QC_HISTORICAL_RUN,Pass 5 QC Gates (Historical Completion Run: Days = -430.4)
GC-31,SA-0255_T,2025-06-03 09:45,Halliburton / Summit ESP,538 Series (Summit SJ),SJ2800,SJ2800,182,7200.0,0.0,-383.5,1098.0,3097.0,1999.0,278.0,146.0,46.0,0.7667,79.1,Mauddud (MA),137779.0,1.0958,0.4611,23.82,40.52,1.1148,1.0398,182.3,2675.8,1284.8,92.37,1391.0,2573.3,2573.3,1182.3,85.0,85.0,OVER_PREDICTION,True,True,True,True,True,True,False,False,2. QUALIFIED_5QC_HISTORICAL_RUN,Pass 5 QC Gates (Historical Completion Run: Days = -383.5)
GC-31,SA-0255_T,2025-09-17 10:00,Halliburton / Summit ESP,538 Series (Summit SJ),SJ2800,SJ2800,182,7200.0,0.0,-277.5,1529.0,3097.0,1568.0,226.0,148.0,46.0,0.7667,71.1,Mauddud (MA),137779.0,1.0958,0.4528,19.03,32.37,1.1502,1.0576,268.4,2675.8,1543.2,136.25,1132.6,2530.0,2530.0,1397.4,123.38,123.38,OVER_PREDICTION,True,True,True,True,True,True,False,False,2. QUALIFIED_5QC_HISTORICAL_RUN,Pass 5 QC Gates (Historical Completion Run: Days = -277.5)
GC-31,SA-0255_T,2025-11-25 08:15,Halliburton / Summit ESP,538 Series (Summit SJ),SJ2800,SJ2800,182,7200.0,0.0,-208.6,1401.0,3261.0,1860.0,235.0,152.0,47.0,0.7833,75.8,Mauddud (MA),137779.0,1.0958,0.4577,22.33,36.39,1.1393,1.0489,242.3,2733.7,1449.7,112.9,1284.0,2606.3,2606.3,1322.3,102.98,102.98,OVER_PREDICTION,True,True,True,True,True,True,False,False,2. QUALIFIED_5QC_HISTORICAL_RUN,Pass 5 QC Gates (Historical Completion Run: Days = -208.6)
GC-31,SA-0255_T,2026-03-17 23:45,Halliburton / Summit ESP,538 Series (Summit SJ),SJ2800,SJ2800,182,7200.0,0.0,-95.9,942.0,3220.0,2278.0,269.0,144.0,51.0,0.85,77.8,Mauddud (MA),137779.0,1.0958,0.4597,27.23,37.69,1.103,1.0384,152.6,2966.5,1686.5,131.76,1280.0,2856.7,2856.7,1576.7,123.18,123.18,OVER_PREDICTION,True,True,True,True,True,True,False,False,2. QUALIFIED_5QC_HISTORICAL_RUN,Pass 5 QC Gates (Historical Completion Run: Days = -95.9)
GC-31,SA-0255_T,2026-06-24 06:30,Halliburton / Summit ESP,538 Series (Summit SJ),SJ2800,SJ2800,182,7200.0,2.3,2.3,1291.0,3164.0,1873.0,35.0,146.0,48.0,0.8,88.4,Mauddud (MA),137779.0,1.0958,0.4708,21.86,34.16,1.1302,1.0328,220.2,2792.0,-27.0,-0.96,2819.0,2703.4,2703.4,-115.6,-4.1,4.1,UNDER_PREDICTION,True,True,True,True,True,True,True,True,1. QUALIFIED_5QC_CLEAN_ACTIVE,Pass: Active completion run meeting all 5 QC physical screening gates
GC-31,SA-0255_T,2026-07-14 07:30,Halliburton / Summit ESP,538 Series (Summit SJ),SJ2800,SJ2800,182,7200.0,22.4,22.4,847.0,3468.0,2621.0,525.0,144.0,46.0,0.7667,63.8,Mauddud (MA),137779.0,1.0958,0.4451,32.35,55.03,1.096,1.0475,135.0,2226.0,1001.0,81.71,1225.0,2125.0,2125.0,900.0,73.47,73.47,OVER_PREDICTION,True,True,True,True,True,True,True,True,1. QUALIFIED_5QC_CLEAN_ACTIVE,Pass: Active completion run meeting all 5 QC physical screening gates
GC-31,SA-0256_T,2021-03-21 11:30,Halliburton / Summit ESP,538 Series (Summit SJ),SJ2800,SJ2800,136,7450.0,0.0,-1399.7,1751.0,,,306.0,143.0,52.0,0.8667,70.0,Upper Burgan (UB),199739.0,1.1388,0.4516,,,1.1697,1.0649,314.8,,,,927.0,,,,,,,False,False,False,True,True,False,False,False,7. FAILED_MISSING_TELEMETRY,"Failed Gate 1: Missing Telemetry (PIP=1751.0, PDP=nan)"
GC-31,SA-0256_T,2021-08-23 09:30,Halliburton / Summit ESP,538 Series (Summit SJ),SJ2800,SJ2800,136,7450.0,0.0,-1244.8,1597.0,3293.0,1696.0,157.0,142.0,50.0,0.8333,68.0,Upper Burgan (UB),199739.0,1.1388,0.4495,27.74,39.95,1.1561,1.0635,282.5,2908.2,1994.2,218.18,914.0,2734.4,2734.4,1820.4,199.17,199.17,OVER_PREDICTION,True,True,True,True,True,True,False,False,2. QUALIFIED_5QC_HISTORICAL_RUN,Pass 5 QC Gates (Historical Completion Run: Days = -1244.8)
GC-31,SA-0256_T,2021-10-19 08:15,Halliburton / Summit ESP,538 Series (Summit SJ),SJ2800,SJ2800,136,7450.0,0.0,-1187.9,1816.0,,,252.0,143.0,50.0,0.8333,58.5,Upper Burgan (UB),199739.0,1.1388,0.4396,,,1.1756,1.0846,328.6,,,,822.0,,,,,,,False,False,False,True,True,False,False,False,7. FAILED_MISSING_TELEMETRY,"Failed Gate 1: Missing Telemetry (PIP=1816.0, PDP=nan)"
GC-31,SA-0256_T,2022-02-02 11:45,Halliburton / Summit ESP,538 Series (Summit SJ),SJ2800,SJ2800,136,7450.0,0.0,-1081.7,1536.0,,,277.0,144.0,54.0,0.9,60.0,Upper Burgan (UB),199739.0,1.1388,0.4412,,,1.1508,1.0723,269.9,,,,823.0,,,,,,,False,False,False,True,True,False,False,False,7. FAILED_MISSING_TELEMETRY,"Failed Gate 1: Missing Telemetry (PIP=1536.0, PDP=nan)"
GC-31,SA-0256_T,2022-05-29 09:30,Halliburton / Summit ESP,538 Series (Summit SJ),SJ2800,SJ2800,136,7450.0,0.0,-965.8,1382.0,3312.0,1930.0,163.0,145.0,52.0,0.8667,68.5,Upper Burgan (UB),199739.0,1.1388,0.45,31.53,41.97,1.1377,1.0571,238.4,3024.8,2142.8,242.95,882.0,2861.5,2861.5,1979.5,224.43,224.43,OVER_PREDICTION,True,True,True,True,True,True,False,False,2. QUALIFIED_5QC_HISTORICAL_RUN,Pass 5 QC Gates (Historical Completion Run: Days = -965.8)
GC-31,SA-0256_T,2023-01-15 08:15,Halliburton / Summit ESP,538 Series (Summit SJ),SJ2800,SJ2800,136,7450.0,0.0,-734.9,1969.0,3728.0,1759.0,183.0,170.0,50.0,0.8333,95.3,Upper Burgan (UB),199739.0,1.1388,0.478,27.06,38.97,1.1848,1.0277,350.0,2908.2,1387.2,91.2,1521.0,2829.7,2829.7,1308.7,86.04,86.04,OVER_PREDICTION,True,True,True,True,True,True,False,False,2. QUALIFIED_5QC_HISTORICAL_RUN,Pass 5 QC Gates (Historical Completion Run: Days = -734.9)
GC-31,SA-0256_T,2023-04-29 08:30,Halliburton / Summit ESP,538 Series (Summit SJ),SJ2800,SJ2800,136,7450.0,0.0,-630.8,1550.0,3434.0,1884.0,160.0,149.0,50.0,0.8333,80.6,Upper Burgan (UB),199739.0,1.1388,0.4627,29.94,43.12,1.152,1.0456,272.8,2908.2,1356.2,87.38,1552.0,2781.4,2781.4,1229.4,79.21,79.21,OVER_PREDICTION,True,True,True,True,True,True,False,False,2. QUALIFIED_5QC_HISTORICAL_RUN,Pass 5 QC Gates (Historical Completion Run: Days = -630.8)
GC-31,SA-0256_T,2023-09-01 07:00,Halliburton / Summit ESP,538 Series (Summit SJ),SJ2800,SJ2800,136,7450.0,0.0,-505.9,1762.0,3474.0,1712.0,174.0,151.0,50.0,0.8333,80.0,Upper Burgan (UB),199739.0,1.1388,0.462,27.25,39.24,1.1707,1.0501,317.2,2908.2,1256.2,76.04,1652.0,2769.3,2769.3,1117.3,67.63,67.63,OVER_PREDICTION,True,True,True,True,True,True,False,False,2. QUALIFIED_5QC_HISTORICAL_RUN,Pass 5 QC Gates (Historical Completion Run: Days = -505.9)
GC-31,SA-0256_T,2024-05-30 08:15,Halliburton / Summit ESP,538 Series (Summit SJ),SJ2800,SJ2800,136,7450.0,0.0,-233.9,1199.0,3652.0,2453.0,250.0,166.0,50.0,0.8333,80.0,Upper Burgan (UB),199739.0,1.1388,0.462,39.04,56.22,1.1228,1.0406,202.0,2352.7,672.7,40.04,1680.0,2261.0,2261.0,581.0,34.58,34.58,OVER_PREDICTION,True,True,True,True,True,True,False,False,2. QUALIFIED_5QC_HISTORICAL_RUN,Pass 5 QC Gates (Historical Completion Run: Days = -233.9)
GC-31,SA-0256_T,2025-02-04 07:45,Halliburton / Summit ESP,538 Series (Summit SJ),SJ2800,SJ2800,136,7450.0,16.1,16.1,1093.0,3712.0,2619.0,242.0,160.0,50.0,0.8333,83.2,Upper Burgan (UB),199739.0,1.1388,0.4654,41.38,59.59,1.1144,1.0359,181.3,2141.6,442.6,26.05,1699.0,2067.5,2067.5,368.5,21.69,21.69,OVER_PREDICTION,True,True,True,True,True,True,True,True,1. QUALIFIED_5QC_CLEAN_ACTIVE,Pass: Active completion run meeting all 5 QC physical screening gates
GC-31,SA-0256_T,2025-05-07 08:15,Halliburton / Summit ESP,538 Series (Summit SJ),SJ2800,SJ2800,136,7450.0,108.1,108.1,1393.0,3763.0,2370.0,234.0,174.0,50.0,0.8333,90.8,Upper Burgan (UB),199739.0,1.1388,0.4733,36.82,53.03,1.1386,1.0309,240.7,2523.9,475.9,23.24,2048.0,2448.2,2448.2,400.2,19.54,19.54,OVER_PREDICTION,True,True,True,True,True,True,True,True,1. QUALIFIED_5QC_CLEAN_ACTIVE,Pass: Active completion run meeting all 5 QC physical screening gates
GC-31,SA-0256_T,2025-09-15 16:30,Halliburton / Summit ESP,538 Series (Summit SJ),SJ2800,SJ2800,136,7450.0,239.5,239.5,1333.0,3732.0,2399.0,214.0,164.0,50.0,0.8333,92.0,Upper Burgan (UB),199739.0,1.1388,0.4745,37.17,53.53,1.1336,1.0291,228.6,2498.3,1046.3,72.06,1452.0,2427.7,2427.7,975.7,67.2,67.2,OVER_PREDICTION,True,True,True,True,True,True,True,True,1. QUALIFIED_5QC_CLEAN_ACTIVE,Pass: Active completion run meeting all 5 QC physical screening gates
GC-31,SA-0256_T,2025-12-21 16:15,Halliburton / Summit ESP,538 Series (Summit SJ),SJ2800,SJ2800,136,7450.0,336.5,336.5,1317.0,3665.0,2348.0,187.0,149.0,50.0,0.8333,90.0,Upper Burgan (UB),199739.0,1.1388,0.4725,36.54,52.62,1.1323,1.0312,225.4,2544.5,1258.5,97.86,1286.0,2467.4,2467.4,1181.4,91.87,91.87,OVER_PREDICTION,True,True,True,True,True,True,True,True,1. QUALIFIED_5QC_CLEAN_ACTIVE,Pass: Active completion run meeting all 5 QC physical screening gates
GC-31,SA-0256_T,2026-03-15 07:30,Halliburton / Summit ESP,538 Series (Summit SJ),SJ2800,SJ2800,136,7450.0,420.1,420.1,1343.0,3647.0,2304.0,196.0,158.0,50.0,0.8333,86.8,Upper Burgan (UB),199739.0,1.1388,0.4691,36.11,52.0,1.1345,1.0351,230.6,2574.9,1306.9,103.07,1268.0,2487.6,2487.6,1219.6,96.18,96.18,OVER_PREDICTION,True,True,True,True,True,True,True,True,1. QUALIFIED_5QC_CLEAN_ACTIVE,Pass: Active completion run meeting all 5 QC physical screening gates
GC-31,SA-0256_T,2026-06-06 07:15,Halliburton / Summit ESP,538 Series (Summit SJ),SJ2800,SJ2800,136,7450.0,503.1,503.1,1500.0,3686.0,2186.0,186.0,148.0,50.0,0.8333,91.3,Upper Burgan (UB),199739.0,1.1388,0.4738,33.92,48.85,1.1477,1.0311,262.5,2720.1,1362.1,100.3,1358.0,2638.0,2638.0,1280.0,94.26,94.26,OVER_PREDICTION,True,True,True,True,True,True,True,True,1. QUALIFIED_5QC_CLEAN_ACTIVE,Pass: Active completion run meeting all 5 QC physical screening gates
GC-31,SA-0259_T,2021-02-04 08:15,REDA (Schlumberger),538 Series (Wood Group TE),TE-1500,WE-1500,150,7100.0,2220.3,2220.3,1530.0,,,237.0,146.0,50.0,0.8333,60.0,Mauddud (MA),137779.0,1.0958,0.4412,,,1.1503,1.0721,268.6,,,,1688.0,,,,,,,False,False,False,True,True,False,True,False,7. FAILED_MISSING_TELEMETRY,"Failed Gate 1: Missing Telemetry (PIP=1530.0, PDP=nan)"
GC-31,SA-0259_T,2021-07-27 06:45,REDA (Schlumberger),538 Series (Wood Group TE),TE-1500,WE-1500,150,7100.0,2393.3,2393.3,1233.0,,,199.0,146.0,50.0,0.8333,55.8,Mauddud (MA),137779.0,1.0958,0.4368,,,1.1255,1.0666,208.7,,,,1550.0,,,,,,,False,False,False,True,True,False,True,False,7. FAILED_MISSING_TELEMETRY,"Failed Gate 1: Missing Telemetry (PIP=1233.0, PDP=nan)"
GC-31,SA-0259_T,2021-10-19 08:00,REDA (Schlumberger),538 Series (Wood Group TE),TE-1500,WE-1500,150,7100.0,2477.3,2477.3,1253.0,,,218.0,144.0,50.0,0.8333,55.2,Mauddud (MA),137779.0,1.0958,0.4362,,,1.1271,1.068,212.6,,,,1534.0,,,,,,,False,False,False,True,True,False,True,False,7. FAILED_MISSING_TELEMETRY,"Failed Gate 1: Missing Telemetry (PIP=1253.0, PDP=nan)"
GC-31,SA-0259_T,2022-01-20 23:00,REDA (Schlumberger),538 Series (Wood Group TE),TE-1500,WE-1500,150,7100.0,2570.9,2570.9,1334.0,,,205.0,138.0,50.0,0.8333,58.6,Mauddud (MA),137779.0,1.0958,0.4397,,,1.1337,1.0671,228.8,,,,1593.0,,,,,,,False,False,False,True,True,False,True,False,7. FAILED_MISSING_TELEMETRY,"Failed Gate 1: Missing Telemetry (PIP=1334.0, PDP=nan)"
GC-31,SA-0259_T,2022-04-17 12:00,REDA (Schlumberger),538 Series (Wood Group TE),TE-1500,WE-1500,150,7100.0,2657.5,2657.5,1484.0,2765.7,1281.7,249.0,148.0,52.0,0.8667,56.6,Mauddud (MA),137779.0,1.0958,0.4376,19.52,25.99,1.1463,1.0748,259.2,2400.8,619.8,34.8,1781.0,2233.7,2233.7,452.7,25.42,25.42,OVER_PREDICTION,True,True,True,True,True,True,True,True,1. QUALIFIED_5QC_CLEAN_ACTIVE,Pass: Active completion run meeting all 5 QC physical screening gates
GC-31,SA-0259_T,2022-07-27 12:15,REDA (Schlumberger),538 Series (Wood Group TE),TE-1500,WE-1500,150,7100.0,2758.5,2758.5,1372.0,3004.7,1632.7,354.0,150.0,52.0,0.8667,58.0,Mauddud (MA),137779.0,1.0958,0.4391,24.79,33.0,1.1369,1.0691,236.4,2400.8,683.8,39.83,1717.0,2245.7,2245.7,528.7,30.79,30.79,OVER_PREDICTION,True,True,True,True,True,True,True,True,1. QUALIFIED_5QC_CLEAN_ACTIVE,Pass: Active completion run meeting all 5 QC physical screening gates
GC-31,SA-0259_T,2022-10-18 08:15,REDA (Schlumberger),538 Series (Wood Group TE),TE-1500,WE-1500,150,7100.0,2841.3,2841.3,1271.0,2982.7,1711.7,358.0,136.0,54.0,0.9,57.2,Mauddud (MA),137779.0,1.0958,0.4383,26.04,32.15,1.1286,1.0665,216.2,2493.0,866.0,53.23,1627.0,2337.6,2337.6,710.6,43.68,43.68,OVER_PREDICTION,True,True,True,True,True,True,True,True,1. QUALIFIED_5QC_CLEAN_ACTIVE,Pass: Active completion run meeting all 5 QC physical screening gates
GC-31,SA-0259_T,2023-02-17 08:00,REDA (Schlumberger),538 Series (Wood Group TE),TE-1500,WE-1500,150,7100.0,2963.3,2963.3,1463.0,3140.7,1677.7,420.0,150.0,55.0,0.9167,57.3,Mauddud (MA),137779.0,1.0958,0.4384,25.51,30.36,1.1445,1.0732,254.9,2539.3,695.3,37.71,1844.0,2366.2,2366.2,522.2,28.32,28.32,OVER_PREDICTION,True,True,True,True,True,True,True,True,1. QUALIFIED_5QC_CLEAN_ACTIVE,Pass: Active completion run meeting all 5 QC physical screening gates
GC-31,SA-0259_T,2023-02-23 08:15,REDA (Schlumberger),538 Series (Wood Group TE),TE-1500,WE-1500,150,7100.0,2969.3,2969.3,1472.0,3136.7,1664.7,418.0,154.0,55.0,0.9167,50.0,Mauddud (MA),137779.0,1.0958,0.4308,25.76,30.65,1.1453,1.0826,256.7,2539.3,582.3,29.75,1957.0,2345.5,2345.5,388.5,19.85,19.85,OVER_PREDICTION,True,True,True,True,True,True,True,True,1. QUALIFIED_5QC_CLEAN_ACTIVE,Pass: Active completion run meeting all 5 QC physical screening gates
GC-31,SA-0259_T,2023-06-03 08:00,REDA (Schlumberger),538 Series (Wood Group TE),TE-1500,WE-1500,150,7100.0,3069.3,3069.3,1405.0,3093.7,1688.7,387.0,153.0,55.0,0.9167,60.5,Mauddud (MA),137779.0,1.0958,0.4417,25.49,30.33,1.1396,1.0673,243.1,2539.3,894.3,54.36,1645.0,2379.3,2379.3,734.3,44.64,44.64,OVER_PREDICTION,True,True,True,True,True,True,True,True,1. QUALIFIED_5QC_CLEAN_ACTIVE,Pass: Active completion run meeting all 5 QC physical screening gates
GC-31,SA-0259_T,2023-11-11 14:30,REDA (Schlumberger),538 Series (Wood Group TE),TE-1500,WE-1500,150,7100.0,3230.6,3230.6,1132.0,3010.7,1878.7,302.0,152.0,56.0,0.9333,57.6,Mauddud (MA),137779.0,1.0958,0.4387,28.55,32.78,1.1175,1.0613,188.9,2585.2,909.2,54.25,1676.0,2435.8,2435.8,759.8,45.33,45.33,OVER_PREDICTION,True,True,True,True,True,True,True,True,1. QUALIFIED_5QC_CLEAN_ACTIVE,Pass: Active completion run meeting all 5 QC physical screening gates
GC-31,SA-0259_T,2024-03-10 10:15,REDA (Schlumberger),538 Series (Wood Group TE),TE-1500,WE-1500,150,7100.0,3350.4,3350.4,1249.0,3051.0,1802.0,336.0,153.0,55.0,0.9167,50.5,Mauddud (MA),137779.0,1.0958,0.4313,27.86,33.15,1.1268,1.0729,211.8,2539.3,916.3,56.46,1623.0,2366.8,2366.8,743.8,45.83,45.83,OVER_PREDICTION,True,True,True,True,True,True,True,True,1. QUALIFIED_5QC_CLEAN_ACTIVE,Pass: Active completion run meeting all 5 QC physical screening gates
GC-31,SA-0259_T,2024-10-08 08:45,REDA (Schlumberger),538 Series (Wood Group TE),TE-1500,WE-1500,150,7100.0,3562.3,3562.3,1225.0,3156.0,1931.0,347.0,149.0,55.0,0.9167,65.5,Mauddud (MA),137779.0,1.0958,0.4469,28.8,34.27,1.1249,1.0562,207.1,2539.3,951.3,59.91,1588.0,2404.2,2404.2,816.2,51.4,51.4,OVER_PREDICTION,True,True,True,True,True,True,True,True,1. QUALIFIED_5QC_CLEAN_ACTIVE,Pass: Active completion run meeting all 5 QC physical screening gates
GC-31,SA-0259_T,2025-02-20 08:00,REDA (Schlumberger),538 Series (Wood Group TE),TE-1500,WE-1500,150,7100.0,3697.3,3697.3,1535.0,3303.0,1768.0,407.0,148.0,54.5,0.9083,66.0,Mauddud (MA),137779.0,1.0958,0.4474,26.34,31.93,1.1507,1.0644,269.7,2516.0,865.0,52.39,1651.0,2363.7,2363.7,712.7,43.17,43.17,OVER_PREDICTION,True,True,True,True,True,True,True,True,1. QUALIFIED_5QC_CLEAN_ACTIVE,Pass: Active completion run meeting all 5 QC physical screening gates
GC-31,SA-0259_T,2025-07-29 07:30,REDA (Schlumberger),538 Series (Wood Group TE),TE-1500,WE-1500,150,7100.0,3856.3,3856.3,1293.0,3278.0,1985.0,346.0,159.0,55.0,0.9167,61.0,Mauddud (MA),137779.0,1.0958,0.4422,29.92,35.6,1.1304,1.063,220.6,2532.8,1050.8,70.9,1482.0,2382.6,2382.6,900.6,60.77,60.77,OVER_PREDICTION,True,True,True,True,True,True,True,True,1. QUALIFIED_5QC_CLEAN_ACTIVE,Pass: Active completion run meeting all 5 QC physical screening gates
GC-31,SA-0259_T,2025-10-14 10:15,REDA (Schlumberger),538 Series (Wood Group TE),TE-1500,WE-1500,150,7100.0,3933.4,3933.4,1196.0,3303.0,2107.0,331.0,142.0,55.0,0.9167,66.3,Mauddud (MA),137779.0,1.0958,0.4477,31.37,37.33,1.1225,1.0546,201.4,2412.1,977.1,68.09,1435.0,2287.3,2287.3,852.3,59.39,59.39,OVER_PREDICTION,True,True,True,True,True,True,True,True,1. QUALIFIED_5QC_CLEAN_ACTIVE,Pass: Active completion run meeting all 5 QC physical screening gates
GC-31,SA-0259_T,2026-01-20 17:50,REDA (Schlumberger),538 Series (Wood Group TE),TE-1500,WE-1500,150,7100.0,4031.7,4031.7,1235.0,3604.0,2369.0,473.0,145.0,55.0,0.9167,68.0,Mauddud (MA),137779.0,1.0958,0.4495,35.13,41.8,1.1257,1.0538,209.1,2193.1,946.1,75.87,1247.0,2081.1,2081.1,834.1,66.89,66.89,OVER_PREDICTION,True,True,True,True,True,True,True,True,1. QUALIFIED_5QC_CLEAN_ACTIVE,Pass: Active completion run meeting all 5 QC physical screening gates
GC-31,SA-0261_T,2021-01-04 08:30,REDA (Schlumberger),538/540 Series (REDA S),S4000N,S4000N,112,7100.0,0.0,-1823.4,1681.0,,,194.0,150.0,49.0,0.8167,44.5,Mauddud (MA),137779.0,1.0958,0.425,,,1.1635,1.0996,300.1,,,,1507.0,,,,,,,False,False,False,True,True,False,False,False,7. FAILED_MISSING_TELEMETRY,"Failed Gate 1: Missing Telemetry (PIP=1681.0, PDP=nan)"
GC-31,SA-0261_T,2021-05-24 10:45,REDA (Schlumberger),538/540 Series (REDA S),S4000N,S4000N,112,7100.0,0.0,-1683.3,,,,155.8,157.9,49.0,0.8167,40.4,Mauddud (MA),137779.0,1.0958,0.4208,,,1.1477,1.0961,262.5,,,,1698.8,,,,,,,False,False,False,True,True,False,False,False,7. FAILED_MISSING_TELEMETRY,"Failed Gate 1: Missing Telemetry (PIP=nan, PDP=nan)"
GC-31,SA-0261_T,2021-10-26 08:30,REDA (Schlumberger),538/540 Series (REDA S),S4000N,S4000N,112,7100.0,0.0,-1528.4,,,,173.0,156.0,49.0,0.8167,55.5,Mauddud (MA),137779.0,1.0958,0.4365,,,1.1477,1.0768,262.5,,,,1309.0,,,,,,,False,False,False,True,True,False,False,False,7. FAILED_MISSING_TELEMETRY,"Failed Gate 1: Missing Telemetry (PIP=nan, PDP=nan)"
GC-31,SA-0261_T,2021-12-16 08:30,REDA (Schlumberger),538/540 Series (REDA S),S4000N,S4000N,112,7100.0,0.0,-1477.4,,,,187.0,145.0,49.0,0.8167,57.8,Mauddud (MA),137779.0,1.0958,0.4389,,,1.1477,1.0739,262.5,,,,1181.0,,,,,,,False,False,False,True,True,False,False,False,7. FAILED_MISSING_TELEMETRY,"Failed Gate 1: Missing Telemetry (PIP=nan, PDP=nan)"
GC-31,SA-0261_T,2022-03-18 08:30,REDA (Schlumberger),538/540 Series (REDA S),S4000N,S4000N,112,7100.0,0.0,-1385.4,1428.0,,,258.0,147.0,49.0,0.8167,67.0,Mauddud (MA),137779.0,1.0958,0.4485,,,1.1416,1.0601,247.8,,,,1762.0,,,,,,,False,False,False,True,True,False,False,False,7. FAILED_MISSING_TELEMETRY,"Failed Gate 1: Missing Telemetry (PIP=1428.0, PDP=nan)"
GC-31,SA-0261_T,2022-06-28 08:30,REDA (Schlumberger),538/540 Series (REDA S),S4000N,S4000N,112,7100.0,0.0,-1283.4,1629.0,3331.0,1702.0,233.0,157.0,49.0,0.8167,75.8,Mauddud (MA),137779.0,1.0958,0.4577,33.21,49.79,1.1589,1.0536,289.2,3082.0,1488.0,93.35,1594.0,2925.2,2925.2,1331.2,83.51,83.51,OVER_PREDICTION,True,True,True,True,True,True,False,False,2. QUALIFIED_5QC_HISTORICAL_RUN,Pass 5 QC Gates (Historical Completion Run: Days = -1283.4)
GC-31,SA-0261_T,2022-10-14 10:30,REDA (Schlumberger),538/540 Series (REDA S),S4000N,S4000N,112,7100.0,0.0,-1175.4,1382.0,3159.0,1777.0,206.0,147.0,49.0,0.8167,63.1,Mauddud (MA),137779.0,1.0958,0.4444,35.7,53.52,1.1377,1.0634,238.4,2681.5,1218.5,83.29,1463.0,2521.5,2521.5,1058.5,72.35,72.35,OVER_PREDICTION,True,True,True,True,True,True,False,False,2. QUALIFIED_5QC_HISTORICAL_RUN,Pass 5 QC Gates (Historical Completion Run: Days = -1175.4)
GC-31,SA-0261_T,2023-05-22 08:30,REDA (Schlumberger),538/540 Series (REDA S),S4000N,S4000N,112,7100.0,0.0,-955.4,1313.0,3586.0,2273.0,355.0,171.0,50.0,0.8333,82.7,Mauddud (MA),137779.0,1.0958,0.4648,43.66,62.88,1.132,1.0394,224.6,1505.9,-2092.1,-58.15,3598.0,1448.8,1448.8,-2149.2,-59.73,59.73,UNDER_PREDICTION,True,True,True,True,True,True,False,False,2. QUALIFIED_5QC_HISTORICAL_RUN,Pass 5 QC Gates (Historical Completion Run: Days = -955.4)
GC-31,SA-0261_T,2023-10-18 09:00,REDA (Schlumberger),538/540 Series (REDA S),S4000N,S4000N,112,7100.0,0.0,-806.4,1316.0,3317.0,2001.0,207.0,159.0,50.0,0.8333,83.8,Mauddud (MA),137779.0,1.0958,0.466,38.34,55.21,1.1322,1.0382,225.2,2536.7,-63.3,-2.43,2600.0,2443.4,2443.4,-156.6,-6.02,6.02,UNDER_PREDICTION,True,True,True,True,True,True,False,False,2. QUALIFIED_5QC_HISTORICAL_RUN,Pass 5 QC Gates (Historical Completion Run: Days = -806.4)
GC-31,SA-0261_T,2024-02-08 08:30,REDA (Schlumberger),538/540 Series (REDA S),S4000N,S4000N,112,7100.0,0.0,-693.4,1309.0,3353.0,2044.0,241.0,161.0,50.0,0.8333,81.6,Mauddud (MA),137779.0,1.0958,0.4637,39.36,56.68,1.1317,1.0405,223.8,2356.5,-67.5,-2.78,2424.0,2264.7,2264.7,-159.3,-6.57,6.57,UNDER_PREDICTION,True,True,True,True,True,True,False,False,2. QUALIFIED_5QC_HISTORICAL_RUN,Pass 5 QC Gates (Historical Completion Run: Days = -693.4)
GC-31,SA-0261_T,2024-06-12 11:00,REDA (Schlumberger),538/540 Series (REDA S),S4000N,S4000N,112,7100.0,0.0,-568.3,1329.0,3491.0,2162.0,254.0,162.0,50.0,0.8333,90.0,Mauddud (MA),137779.0,1.0958,0.4725,40.86,58.84,1.1333,1.0313,227.8,2077.7,-216.3,-9.43,2294.0,2014.6,2014.6,-279.4,-12.18,12.18,UNDER_PREDICTION,True,True,True,True,True,True,False,False,2. QUALIFIED_5QC_HISTORICAL_RUN,Pass 5 QC Gates (Historical Completion Run: Days = -568.3)
GC-31,SA-0261_T,2024-09-15 08:00,REDA (Schlumberger),538/540 Series (REDA S),S4000N,S4000N,112,7100.0,0.0,-473.5,1305.0,3416.0,2111.0,251.0,162.0,50.0,0.8333,88.5,Mauddud (MA),137779.0,1.0958,0.4709,40.03,57.65,1.1313,1.0328,223.0,2233.0,-38.0,-1.67,2271.0,2162.1,2162.1,-108.9,-4.8,4.8,UNDER_PREDICTION,True,True,True,True,True,True,False,False,2. QUALIFIED_5QC_HISTORICAL_RUN,Pass 5 QC Gates (Historical Completion Run: Days = -473.5)
GC-31,SA-0261_T,2025-01-07 07:30,REDA (Schlumberger),538/540 Series (REDA S),S4000N,S4000N,112,7100.0,0.0,-359.5,1330.0,3562.0,2232.0,342.0,286.0,50.0,0.8333,85.3,Mauddud (MA),137779.0,1.0958,0.4676,42.62,61.38,1.1334,1.0367,228.0,1727.6,-581.4,-25.18,2309.0,1666.5,1666.5,-642.5,-27.83,27.83,UNDER_PREDICTION,True,True,True,True,True,True,False,False,2. QUALIFIED_5QC_HISTORICAL_RUN,Pass 5 QC Gates (Historical Completion Run: Days = -359.5)
GC-31,SA-0261_T,2025-05-13 08:45,REDA (Schlumberger),538/540 Series (REDA S),S4000N,S4000N,112,7100.0,0.0,-233.4,1208.0,3489.0,2281.0,268.0,157.0,50.0,0.8333,74.6,Mauddud (MA),137779.0,1.0958,0.4564,44.62,64.26,1.1235,1.0463,203.7,1290.0,-347.0,-21.2,1637.0,1232.9,1232.9,-404.1,-24.69,24.69,UNDER_PREDICTION,True,True,True,True,True,True,False,False,2. QUALIFIED_5QC_HISTORICAL_RUN,Pass 5 QC Gates (Historical Completion Run: Days = -233.4)
GC-31,SA-0261_T,2025-08-30 08:00,REDA (Schlumberger),538/540 Series (REDA S),S4000N,S4000N,112,7100.0,0.0,-124.5,1216.0,3330.0,2114.0,252.0,157.0,55.0,0.9167,75.5,Mauddud (MA),137779.0,1.0958,0.4573,41.27,49.11,1.1241,1.0455,205.3,3537.3,2327.8,192.46,1209.5,3383.3,3383.3,2173.8,179.73,179.73,OVER_PREDICTION,True,True,True,True,True,True,False,False,2. QUALIFIED_5QC_HISTORICAL_RUN,Pass 5 QC Gates (Historical Completion Run: Days = -124.5)
GC-31,SA-0261_T,2026-02-03 16:45,REDA (Schlumberger),538/540 Series (REDA S),S4000N,S4000N,112,7100.0,32.9,32.9,1002.0,345.0,-657.0,278.0,156.0,50.0,0.8333,70.4,Mauddud (MA),137779.0,1.0958,0.452,,,1.1075,1.0459,163.9,,,,1023.0,,,,,,,True,False,False,True,True,False,True,False,3. FAILED_ZERO_NEGATIVE_LIFT,"Failed Gate 2: Negative/Zero Lift (PDP=345.0 <= PIP=1002.0, dP=-657.0 psi)"
GC-31,SA-0261_T,2026-05-01 08:00,REDA (Schlumberger),538/540 Series (REDA S),S4000N,S4000N,112,7100.0,119.5,119.5,999.0,3311.0,2312.0,166.0,163.0,50.0,0.8333,65.2,Mauddud (MA),137779.0,1.0958,0.4466,46.22,66.56,1.1072,1.0504,163.4,888.2,-244.8,-21.61,1133.0,845.6,845.6,-287.4,-25.37,25.37,UNDER_PREDICTION,True,True,True,True,True,True,True,True,1. QUALIFIED_5QC_CLEAN_ACTIVE,Pass: Active completion run meeting all 5 QC physical screening gates
GC-31,SA-0271_T,2022-12-06 00:30,Alkhorayef (ACC),538 Series (ACC WE),WE-1500c,WE-1500,137,7400.0,0.0,-96.6,1765.0,3590.7,1825.7,183.0,139.0,48.0,0.8,88.7,Upper Burgan (UB),199739.0,1.1388,0.4807,27.72,43.31,1.171,1.0371,317.8,1856.4,294.4,18.85,1562.0,1790.1,1790.1,228.1,14.6,14.6,OVER_PREDICTION,True,True,True,True,True,True,False,False,2. QUALIFIED_5QC_HISTORICAL_RUN,Pass 5 QC Gates (Historical Completion Run: Days = -96.6)
GC-31,SA-0271_T,2023-04-03 08:15,Alkhorayef (ACC),538 Series (ACC WE),WE-1500c,WE-1500,137,7400.0,21.8,21.8,1412.0,3316.7,1904.7,121.0,140.0,50.0,0.8333,78.5,Upper Burgan (UB),199739.0,1.1388,0.4689,29.65,42.7,1.1402,1.0458,244.5,1957.5,463.5,31.02,1494.0,1871.7,1871.7,377.7,25.28,25.28,OVER_PREDICTION,True,True,True,True,True,True,True,True,1. QUALIFIED_5QC_CLEAN_ACTIVE,Pass: Active completion run meeting all 5 QC physical screening gates
GC-31,SA-0271_T,2023-07-22 07:00,Alkhorayef (ACC),538 Series (ACC WE),WE-1500c,WE-1500,137,7400.0,131.7,131.7,996.0,2993.7,1997.7,125.0,124.0,50.0,0.8333,50.0,Upper Burgan (UB),199739.0,1.1388,0.4362,33.43,48.14,1.107,1.0635,162.8,1745.6,784.6,81.64,961.0,1641.4,1641.4,680.4,70.8,70.8,OVER_PREDICTION,True,True,True,True,True,True,True,True,1. QUALIFIED_5QC_CLEAN_ACTIVE,Pass: Active completion run meeting all 5 QC physical screening gates
GC-31,SA-0271_T,2023-11-08 06:45,Alkhorayef (ACC),538 Series (ACC WE),WE-1500c,WE-1500,137,7400.0,240.7,240.7,803.0,2917.7,2114.7,111.0,112.0,51.0,0.85,38.2,Upper Burgan (UB),199739.0,1.1388,0.4226,36.53,50.56,1.0929,1.065,127.0,1681.3,932.3,124.47,749.0,1578.6,1578.6,829.6,110.76,110.76,OVER_PREDICTION,True,True,True,True,True,True,True,True,1. QUALIFIED_5QC_CLEAN_ACTIVE,Pass: Active completion run meeting all 5 QC physical screening gates
GC-31,SA-0271_T,2024-03-10 08:30,Alkhorayef (ACC),538 Series (ACC WE),WE-1500c,WE-1500,137,7400.0,363.8,363.8,818.0,2712.0,1894.0,222.0,112.0,51.0,0.85,25.3,Upper Burgan (UB),199739.0,1.1388,0.4077,33.91,46.93,1.0939,1.0752,129.7,1828.7,1038.7,131.48,790.0,1700.7,1700.7,910.7,115.28,115.28,OVER_PREDICTION,True,True,True,True,True,True,True,True,1. QUALIFIED_5QC_CLEAN_ACTIVE,Pass: Active completion run meeting all 5 QC physical screening gates
GC-31,SA-0271_T,2024-07-20 07:30,Alkhorayef (ACC),538 Series (ACC WE),WE-1500c,WE-1500,137,7400.0,495.7,495.7,805.0,2645.0,1840.0,195.0,128.0,50.0,0.8333,20.7,Upper Burgan (UB),199739.0,1.1388,0.4025,33.37,48.06,1.093,1.0779,127.4,1748.7,977.7,126.81,771.0,1622.3,1622.3,851.3,110.42,110.42,OVER_PREDICTION,True,True,True,True,True,True,True,True,1. QUALIFIED_5QC_CLEAN_ACTIVE,Pass: Active completion run meeting all 5 QC physical screening gates
GC-31,SA-0271_T,2024-12-11 08:00,Alkhorayef (ACC),538 Series (ACC WE),WE-1500c,WE-1500,137,7400.0,639.8,639.8,856.0,2744.0,1888.0,222.0,117.0,50.0,0.8333,22.4,Upper Burgan (UB),199739.0,1.1388,0.4044,34.08,49.08,1.0967,1.0795,136.7,1708.3,926.3,118.45,782.0,1582.5,1582.5,800.5,102.37,102.37,OVER_PREDICTION,True,True,True,True,True,True,True,True,1. QUALIFIED_5QC_CLEAN_ACTIVE,Pass: Active completion run meeting all 5 QC physical screening gates
GC-31,SA-0271_T,2025-03-24 08:15,Alkhorayef (ACC),538 Series (ACC WE),WE-1500c,WE-1500,137,7400.0,742.8,742.8,884.0,2804.0,1920.0,242.0,113.0,50.0,0.8333,22.6,Upper Burgan (UB),199739.0,1.1388,0.4046,34.63,49.87,1.0987,1.0809,141.9,1676.2,1038.2,162.73,638.0,1550.7,1550.7,912.7,143.06,143.06,OVER_PREDICTION,True,True,True,True,True,True,True,True,1. QUALIFIED_5QC_CLEAN_ACTIVE,Pass: Active completion run meeting all 5 QC physical screening gates
GC-31,SA-0271_T,2025-07-24 09:30,Alkhorayef (ACC),538 Series (ACC WE),WE-1500c,WE-1500,137,7400.0,864.8,864.8,810.0,2955.0,2145.0,204.0,128.0,52.0,0.8667,5.8,Upper Burgan (UB),199739.0,1.1388,0.3853,40.63,54.09,1.0934,1.0891,128.3,1556.9,1180.9,314.07,376.0,1429.5,1429.5,1053.5,280.19,280.19,OVER_PREDICTION,True,True,True,True,True,True,True,True,1. QUALIFIED_5QC_CLEAN_ACTIVE,Pass: Active completion run meeting all 5 QC physical screening gates
GC-31,SA-0271_T,2025-10-13 11:15,Alkhorayef (ACC),538 Series (ACC WE),WE-1500c,WE-1500,137,7400.0,945.9,945.9,805.0,2956.0,2151.0,218.0,126.0,52.0,0.8667,30.3,Upper Burgan (UB),199739.0,1.1388,0.4135,37.97,50.55,1.093,1.0709,127.4,1714.8,934.8,119.85,780.0,1601.3,1601.3,821.3,105.29,105.29,OVER_PREDICTION,True,True,True,True,True,True,True,True,1. QUALIFIED_5QC_CLEAN_ACTIVE,Pass: Active completion run meeting all 5 QC physical screening gates
GC-31,SA-0271_T,2026-01-29 21:00,Alkhorayef (ACC),538 Series (ACC WE),WE-1500c,WE-1500,137,7400.0,1054.3,1054.3,843.0,3071.0,2228.0,267.0,122.0,52.0,0.8667,33.0,Upper Burgan (UB),199739.0,1.1388,0.4166,39.04,51.97,1.0957,1.0707,134.3,1653.1,1096.1,196.79,557.0,1543.9,1543.9,986.9,177.18,177.18,OVER_PREDICTION,True,True,True,True,True,True,True,True,1. QUALIFIED_5QC_CLEAN_ACTIVE,Pass: Active completion run meeting all 5 QC physical screening gates
GC-31,SA-0271_T,2026-04-14 13:00,Alkhorayef (ACC),538 Series (ACC WE),WE-1500c,WE-1500,137,7400.0,1129.0,1129.0,824.0,3005.0,2181.0,225.0,137.0,53.0,0.8833,35.3,Upper Burgan (UB),199739.0,1.1388,0.4192,37.97,48.67,1.0944,1.0681,130.8,1828.0,1112.0,155.31,716.0,1711.4,1711.4,995.4,139.02,139.02,OVER_PREDICTION,True,True,True,True,True,True,True,True,1. QUALIFIED_5QC_CLEAN_ACTIVE,Pass: Active completion run meeting all 5 QC physical screening gates
GC-31,SA-0277_T,2022-01-24 08:00,Borets,400 Series (Borets WFT-400),B400-1050,B400-1050,242,7100.0,0.0,-1389.5,504.0,,,139.0,74.0,50.0,0.8333,10.0,Upper Burgan (UB),199739.0,1.1388,0.3891,,,1.0728,1.0675,74.9,,,,311.0,,,,,,,False,False,False,True,True,False,False,False,7. FAILED_MISSING_TELEMETRY,"Failed Gate 1: Missing Telemetry (PIP=504.0, PDP=nan)"
GC-31,SA-0277_T,2022-04-19 04:00,Borets,400 Series (Borets WFT-400),B400-1050,B400-1050,242,7100.0,0.0,-1304.7,1397.0,3340.0,1943.0,173.1,117.0,48.0,0.8,92.6,Upper Burgan (UB),199739.0,1.1388,0.4752,16.9,26.41,1.139,1.0288,241.5,1013.0,274.3,37.13,738.7,984.6,984.6,245.9,33.29,33.29,OVER_PREDICTION,True,True,True,True,True,True,False,False,2. QUALIFIED_5QC_HISTORICAL_RUN,Pass 5 QC Gates (Historical Completion Run: Days = -1304.7)
GC-31,SA-0277_T,2022-07-21 05:30,Borets,400 Series (Borets WFT-400),B400-1050,B400-1050,242,7100.0,0.0,-1211.6,1170.0,3436.0,2266.0,222.0,133.0,48.0,0.8,95.4,Upper Burgan (UB),199739.0,1.1388,0.4781,19.59,30.61,1.1205,1.0246,196.3,608.6,-45.4,-6.94,654.0,594.0,594.0,-60.0,-9.17,9.17,UNDER_PREDICTION,True,True,True,True,True,True,False,False,2. QUALIFIED_5QC_HISTORICAL_RUN,Pass 5 QC Gates (Historical Completion Run: Days = -1211.6)
GC-31,SA-0277_T,2022-11-01 07:30,Borets,400 Series (Borets WFT-400),B400-1050,B400-1050,242,7100.0,0.0,-1108.5,914.0,3446.0,2532.0,284.0,123.0,48.0,0.8,69.7,Upper Burgan (UB),199739.0,1.1388,0.4513,23.18,36.22,1.1009,1.0445,147.4,0.0,-555.0,-100.0,555.0,0.0,0.0,-555.0,-100.0,100.0,UNDER_PREDICTION,True,True,True,True,True,True,False,False,2. QUALIFIED_5QC_HISTORICAL_RUN,Pass 5 QC Gates (Historical Completion Run: Days = -1108.5)
GC-31,SA-0277_T,2023-03-15 08:15,Borets,400 Series (Borets WFT-400),B400-1050,B400-1050,242,7100.0,0.0,-974.5,1096.0,3521.0,2425.0,379.0,120.0,48.0,0.8,72.4,Upper Burgan (UB),199739.0,1.1388,0.4541,22.07,34.48,1.1147,1.0461,181.9,0.0,-522.0,-100.0,522.0,0.0,0.0,-522.0,-100.0,100.0,UNDER_PREDICTION,True,True,True,True,True,True,False,False,2. QUALIFIED_5QC_HISTORICAL_RUN,Pass 5 QC Gates (Historical Completion Run: Days = -974.5)
GC-31,SA-0277_T,2023-06-29 08:00,Borets,400 Series (Borets WFT-400),B400-1050,B400-1050,242,7100.0,0.0,-868.5,1268.0,3552.0,2284.0,330.0,130.0,48.0,0.8,90.4,Upper Burgan (UB),199739.0,1.1388,0.4729,19.96,31.19,1.1283,1.0304,215.6,530.0,0.0,0.0,530.0,514.4,514.4,-15.6,-2.94,2.94,UNDER_PREDICTION,True,True,True,True,True,True,False,False,2. QUALIFIED_5QC_HISTORICAL_RUN,Pass 5 QC Gates (Historical Completion Run: Days = -868.5)
GC-31,SA-0277_T,2023-11-09 07:15,Borets,400 Series (Borets WFT-400),B400-1050,B400-1050,242,7100.0,0.0,-735.6,,3614.0,,386.0,127.0,48.0,0.8,82.3,Upper Burgan (UB),199739.0,1.1388,0.4644,,,1.1477,1.0426,262.5,,,,453.0,,,,,,,False,False,False,True,True,False,False,False,7. FAILED_MISSING_TELEMETRY,"Failed Gate 1: Missing Telemetry (PIP=nan, PDP=3614.0)"
GC-31,SA-0277_T,2025-12-04 14:45,Borets,400 Series (Borets WFT-400),B400-1050,B400-1050,242,7100.0,20.8,20.8,897.0,3426.0,2529.0,217.0,111.0,55.0,0.9167,98.4,Upper Burgan (UB),199739.0,1.1388,0.4812,21.72,25.85,1.0997,1.0213,144.3,1190.7,748.7,169.39,442.0,1165.9,1165.9,723.9,163.78,163.78,OVER_PREDICTION,True,True,True,True,False,False,True,False,6. FAILED_EXCESSIVE_WATER_CUT,Failed Gate 5: Excessive Water Cut (WC = 98.4% > 98.0% threshold)
GC-31,SA-0277_T,2026-02-07 21:15,Borets,400 Series (Borets WFT-400),B400-1050,B400-1050,242,7100.0,86.0,86.0,760.0,3366.0,2606.0,263.0,113.0,56.0,0.9333,62.6,Upper Burgan (UB),199739.0,1.1388,0.4439,24.26,27.85,1.0898,1.0461,119.2,1084.6,766.6,241.07,318.0,1036.8,1036.8,718.8,226.04,226.04,OVER_PREDICTION,True,True,True,True,True,True,True,True,1. QUALIFIED_5QC_CLEAN_ACTIVE,Pass: Active completion run meeting all 5 QC physical screening gates
GC-31,SA-0279_T,2021-01-06 08:15,Baker Hughes (Centrilift),538 Series (Centrilift Centurion),P31,P31,153,7500.0,0.0,-1495.3,1801.0,,,220.0,148.0,50.0,0.8333,64.0,Upper Burgan (UB),199739.0,1.1388,0.4454,,,1.1743,1.0755,325.4,,,,1938.0,,,,,,,False,False,False,True,True,False,False,False,7. FAILED_MISSING_TELEMETRY,"Failed Gate 1: Missing Telemetry (PIP=1801.0, PDP=nan)"
GC-31,SA-0279_T,2021-04-23 05:45,Baker Hughes (Centrilift),538 Series (Centrilift Centurion),P31,P31,153,7500.0,0.0,-1388.4,1634.0,,,168.0,147.0,50.0,0.8333,65.0,Upper Burgan (UB),199739.0,1.1388,0.4464,,,1.1593,1.0688,290.2,,,,1842.0,,,,,,,False,False,False,True,True,False,False,False,7. FAILED_MISSING_TELEMETRY,"Failed Gate 1: Missing Telemetry (PIP=1634.0, PDP=nan)"
GC-31,SA-0279_T,2022-04-10 05:30,Baker Hughes (Centrilift),538 Series (Centrilift Centurion),P31,P31,153,7500.0,0.0,-1036.5,,3314.0,,117.0,152.0,50.0,0.8333,70.6,Upper Burgan (UB),199739.0,1.1388,0.4522,,,1.1477,1.0575,262.5,,,,1586.0,,,,,,,False,False,False,True,True,False,False,False,7. FAILED_MISSING_TELEMETRY,"Failed Gate 1: Missing Telemetry (PIP=nan, PDP=3314.0)"
GC-31,SA-0279_T,2022-08-05 08:15,Baker Hughes (Centrilift),538 Series (Centrilift Centurion),P31,P31,153,7500.0,0.0,-919.3,1717.0,3800.0,2083.0,224.0,147.0,50.0,0.8333,80.3,Upper Burgan (UB),199739.0,1.1388,0.4623,29.45,42.41,1.1667,1.0489,307.6,3055.2,2035.2,199.53,1020.0,2912.8,2912.8,1892.8,185.57,185.57,OVER_PREDICTION,True,True,True,True,True,True,False,False,2. QUALIFIED_5QC_HISTORICAL_RUN,Pass 5 QC Gates (Historical Completion Run: Days = -919.3)
GC-31,SA-0279_T,2022-12-06 09:45,Baker Hughes (Centrilift),538 Series (Centrilift Centurion),P31,P31,153,7500.0,0.0,-796.3,1901.0,3788.0,1887.0,326.0,147.0,50.0,0.8333,78.4,Upper Burgan (UB),199739.0,1.1388,0.4604,26.79,38.58,1.1835,1.0553,346.9,3193.6,1873.6,141.94,1320.0,3026.2,3026.2,1706.2,129.26,129.26,OVER_PREDICTION,True,True,True,True,True,True,False,False,2. QUALIFIED_5QC_HISTORICAL_RUN,Pass 5 QC Gates (Historical Completion Run: Days = -796.3)
GC-31,SA-0279_T,2023-03-15 20:00,Baker Hughes (Centrilift),538 Series (Centrilift Centurion),P31,P31,153,7500.0,0.0,-696.9,1781.0,3528.0,1747.0,231.0,154.0,50.0,0.8333,77.7,Upper Burgan (UB),199739.0,1.1388,0.4596,24.84,35.77,1.1725,1.054,321.2,3288.2,1609.2,95.84,1679.0,3119.7,3119.7,1440.7,85.81,85.81,OVER_PREDICTION,True,True,True,True,True,True,False,False,2. QUALIFIED_5QC_HISTORICAL_RUN,Pass 5 QC Gates (Historical Completion Run: Days = -696.9)
GC-31,SA-0279_T,2023-07-19 07:30,Baker Hughes (Centrilift),538 Series (Centrilift Centurion),P31,P31,153,7500.0,0.0,-571.4,2530.0,3047.7,517.7,219.0,151.0,50.0,0.8333,50.3,Upper Burgan (UB),199739.0,1.1388,0.4311,7.85,11.3,1.1848,1.1019,350.0,4005.0,1929.0,92.92,2076.0,3634.6,3634.6,1558.6,75.08,75.08,OVER_PREDICTION,True,True,True,True,True,True,False,False,2. QUALIFIED_5QC_HISTORICAL_RUN,Pass 5 QC Gates (Historical Completion Run: Days = -571.4)
GC-31,SA-0279_T,2024-02-25 09:30,Baker Hughes (Centrilift),538 Series (Centrilift Centurion),P31,P31,153,7500.0,0.0,-350.3,2100.0,3752.0,1652.0,264.0,159.0,50.0,0.8333,85.8,Upper Burgan (UB),199739.0,1.1388,0.4681,23.07,33.22,1.1848,1.0434,350.0,3370.1,-41.9,-1.23,3412.0,3229.9,3229.9,-182.1,-5.34,5.34,UNDER_PREDICTION,True,True,True,True,True,True,False,False,2. QUALIFIED_5QC_HISTORICAL_RUN,Pass 5 QC Gates (Historical Completion Run: Days = -350.3)
GC-31,SA-0279_T,2024-07-03 07:00,Baker Hughes (Centrilift),538 Series (Centrilift Centurion),P31,P31,153,7500.0,0.0,-221.4,1519.0,3780.0,2261.0,302.0,159.0,50.0,0.8333,84.5,Upper Burgan (UB),199739.0,1.1388,0.4667,31.66,45.59,1.1493,1.04,266.4,2929.0,-135.0,-4.41,3064.0,2816.2,2816.2,-247.8,-8.09,8.09,UNDER_PREDICTION,True,True,True,True,True,True,False,False,2. QUALIFIED_5QC_HISTORICAL_RUN,Pass 5 QC Gates (Historical Completion Run: Days = -221.4)
GC-31,SA-0279_T,2024-09-17 12:45,Baker Hughes (Centrilift),538 Series (Centrilift Centurion),P31,P31,153,7500.0,0.0,-145.2,1647.0,3884.0,2237.0,338.0,164.0,46.0,0.7667,83.7,Upper Burgan (UB),199739.0,1.1388,0.4659,31.38,53.38,1.1605,1.0429,292.9,2339.0,15.0,0.65,2324.0,2242.8,2242.8,-81.2,-3.49,3.49,UNDER_PREDICTION,True,True,True,True,True,True,False,False,2. QUALIFIED_5QC_HISTORICAL_RUN,Pass 5 QC Gates (Historical Completion Run: Days = -145.2)
GC-31,SA-0279_T,2025-03-27 08:15,Baker Hughes (Centrilift),538 Series (Centrilift Centurion),P31,P31,153,7500.0,45.7,45.7,1911.0,3801.0,1890.0,282.0,162.0,46.0,0.7667,88.4,Upper Burgan (UB),199739.0,1.1388,0.4708,26.24,44.64,1.1844,1.0391,349.0,2731.0,-156.0,-5.4,2887.0,2628.3,2628.3,-258.7,-8.96,8.96,UNDER_PREDICTION,True,True,True,True,True,True,True,True,1. QUALIFIED_5QC_CLEAN_ACTIVE,Pass: Active completion run meeting all 5 QC physical screening gates
GC-31,SA-0279_T,2025-08-21 08:30,Baker Hughes (Centrilift),538 Series (Centrilift Centurion),P31,P31,153,7500.0,192.7,192.7,1301.0,3828.0,2527.0,314.0,157.0,46.0,0.7667,89.4,Upper Burgan (UB),199739.0,1.1388,0.4718,35.01,59.56,1.131,1.0318,222.2,1859.8,-261.2,-12.31,2121.0,1802.5,1802.5,-318.5,-15.02,15.02,UNDER_PREDICTION,True,True,True,True,True,True,True,True,1. QUALIFIED_5QC_CLEAN_ACTIVE,Pass: Active completion run meeting all 5 QC physical screening gates
GC-31,SA-0279_T,2025-11-24 20:30,Baker Hughes (Centrilift),538 Series (Centrilift Centurion),P31,P31,153,7500.0,288.2,288.2,1271.0,3817.0,2546.0,278.0,158.0,45.0,0.75,90.4,Upper Burgan (UB),199739.0,1.1388,0.4729,35.19,62.56,1.1286,1.0304,216.2,1220.8,-543.2,-30.79,1764.0,1184.8,1184.8,-579.2,-32.83,32.83,UNDER_PREDICTION,True,True,True,True,True,True,True,True,1. QUALIFIED_5QC_CLEAN_ACTIVE,Pass: Active completion run meeting all 5 QC physical screening gates
GC-31,SA-0279_T,2026-03-17 08:15,Baker Hughes (Centrilift),538 Series (Centrilift Centurion),P31,P31,153,7500.0,400.7,400.7,1253.0,3844.0,2591.0,275.0,145.0,45.0,0.75,90.9,Upper Burgan (UB),199739.0,1.1388,0.4734,35.77,63.59,1.1271,1.0297,212.6,0.0,-1530.0,-100.0,1530.0,0.0,0.0,-1530.0,-100.0,100.0,UNDER_PREDICTION,True,True,True,True,True,True,True,True,1. QUALIFIED_5QC_CLEAN_ACTIVE,Pass: Active completion run meeting all 5 QC physical screening gates
GC-31,SA-0279_T,2026-07-25 07:15,Baker Hughes (Centrilift),538 Series (Centrilift Centurion),P31,P31,153,7500.0,530.6,530.6,0.0,0.0,0.0,284.0,162.0,60.0,1.0,91.9,Upper Burgan (UB),199739.0,1.1388,0.4744,,,1.1477,1.0303,262.5,,,,2132.0,,,,,,,True,False,False,True,True,False,True,False,3. FAILED_ZERO_NEGATIVE_LIFT,"Failed Gate 2: Negative/Zero Lift (PDP=0.0 <= PIP=0.0, dP=0.0 psi)"
GC-31,SA-0283_T,2021-06-29 06:45,REDA (Schlumberger),538 Series (REDA SN),SN3600,SN3600,184,7300.0,0.0,-509.2,1583.0,,,231.1,148.8,51.0,0.85,68.6,Mauddud (MA),137779.0,1.0958,0.4501,,,1.1549,1.0623,279.6,,,,2536.8,,,,,,,False,False,False,True,True,False,False,False,7. FAILED_MISSING_TELEMETRY,"Failed Gate 1: Missing Telemetry (PIP=1583.0, PDP=nan)"
GC-31,SA-0283_T,2021-07-09 00:15,REDA (Schlumberger),538 Series (REDA SN),SN3600,SN3600,184,7300.0,0.0,-499.4,1620.0,,,318.0,152.7,50.0,0.8333,84.0,Mauddud (MA),137779.0,1.0958,0.4662,,,1.1581,1.0421,287.3,,,,4748.0,,,,,,,False,False,False,True,True,False,False,False,7. FAILED_MISSING_TELEMETRY,"Failed Gate 1: Missing Telemetry (PIP=1620.0, PDP=nan)"
GC-31,SA-0283_T,2021-08-04 12:00,REDA (Schlumberger),538 Series (REDA SN),SN3600,SN3600,184,7300.0,0.0,-473.0,781.0,,,165.0,154.0,50.0,0.8333,77.7,Mauddud (MA),137779.0,1.0958,0.4596,,,1.0913,1.0359,123.0,,,,2638.0,,,,,,,False,False,False,True,True,False,False,False,7. FAILED_MISSING_TELEMETRY,"Failed Gate 1: Missing Telemetry (PIP=781.0, PDP=nan)"
GC-31,SA-0283_T,2021-10-20 08:00,REDA (Schlumberger),538 Series (REDA SN),SN3600,SN3600,184,7300.0,0.0,-396.1,1017.0,,,287.0,160.0,50.0,0.8333,85.0,Mauddud (MA),137779.0,1.0958,0.4672,,,1.1086,1.0333,166.8,,,,2999.0,,,,,,,False,False,False,True,True,False,False,False,7. FAILED_MISSING_TELEMETRY,"Failed Gate 1: Missing Telemetry (PIP=1017.0, PDP=nan)"
GC-31,SA-0283_T,2021-12-22 00:15,REDA (Schlumberger),538 Series (REDA SN),SN3600,SN3600,184,7300.0,0.0,-333.4,1662.0,3365.0,1703.0,188.0,158.0,50.0,0.8333,99.1,Mauddud (MA),137779.0,1.0958,0.4819,19.2,27.65,1.1618,1.0213,296.1,4045.5,1813.5,81.25,2232.0,3961.2,3961.2,1729.2,77.47,77.47,OVER_PREDICTION,True,True,True,True,False,False,False,False,6. FAILED_EXCESSIVE_WATER_CUT,Failed Gate 5: Excessive Water Cut (WC = 99.1% > 98.0% threshold)
GC-31,SA-0283_T,2022-01-30 08:15,REDA (Schlumberger),538 Series (REDA SN),SN3600,SN3600,184,7300.0,0.0,-294.1,1378.0,,,289.0,136.0,50.0,0.8333,91.2,Mauddud (MA),137779.0,1.0958,0.4737,,,1.1374,1.0303,237.6,,,,3862.0,,,,,,,False,False,False,True,True,False,False,False,7. FAILED_MISSING_TELEMETRY,"Failed Gate 1: Missing Telemetry (PIP=1378.0, PDP=nan)"
GC-31,SA-0283_T,2022-05-03 09:15,REDA (Schlumberger),538 Series (REDA SN),SN3600,SN3600,184,7300.0,0.0,-201.1,1337.0,3352.7,2015.7,244.0,163.0,50.0,0.8333,86.3,Mauddud (MA),137779.0,1.0958,0.4686,23.38,33.67,1.134,1.0356,229.4,3812.3,3.3,0.09,3809.0,3681.2,3681.2,-127.8,-3.36,3.36,UNDER_PREDICTION,True,True,True,True,True,True,False,False,2. QUALIFIED_5QC_HISTORICAL_RUN,Pass 5 QC Gates (Historical Completion Run: Days = -201.1)
GC-31,SA-0283_T,2022-08-14 10:00,REDA (Schlumberger),538 Series (REDA SN),SN3600,SN3600,184,7300.0,0.0,-98.0,1157.0,3319.7,2162.7,232.0,169.0,50.0,0.8333,88.9,Mauddud (MA),137779.0,1.0958,0.4713,24.94,35.92,1.1194,1.031,193.8,3716.4,59.4,1.62,3657.0,3604.5,3604.5,-52.5,-1.44,1.44,UNDER_PREDICTION,True,True,True,True,True,True,False,False,2. QUALIFIED_5QC_HISTORICAL_RUN,Pass 5 QC Gates (Historical Completion Run: Days = -98.0)
GC-31,SA-0283_T,2022-11-22 06:15,REDA (Schlumberger),538 Series (REDA SN),SN3600,SN3600,184,7300.0,1.8,1.8,2067.0,3408.0,1341.0,213.0,130.0,50.0,0.8333,90.2,Mauddud (MA),137779.0,1.0958,0.4727,15.42,22.21,1.1848,1.0362,350.0,4232.6,428.6,11.27,3804.0,4084.9,4084.9,280.9,7.38,7.38,OVER_PREDICTION,True,True,True,True,True,True,True,True,1. QUALIFIED_5QC_CLEAN_ACTIVE,Pass: Active completion run meeting all 5 QC physical screening gates
GC-31,SA-0283_T,2022-12-28 08:15,REDA (Schlumberger),538 Series (REDA SN),SN3600,SN3600,184,7300.0,37.9,37.9,1281.0,3387.0,2106.0,267.0,157.0,50.0,0.8333,80.1,Mauddud (MA),137779.0,1.0958,0.4621,24.77,35.67,1.1294,1.0418,218.2,3727.3,573.3,18.18,3154.0,3577.9,3577.9,423.9,13.44,13.44,OVER_PREDICTION,True,True,True,True,True,True,True,True,1. QUALIFIED_5QC_CLEAN_ACTIVE,Pass: Active completion run meeting all 5 QC physical screening gates
GC-31,SA-0283_T,2023-03-31 05:00,REDA (Schlumberger),538 Series (REDA SN),SN3600,SN3600,184,7300.0,130.8,130.8,1129.0,3436.0,2307.0,232.0,164.0,50.0,0.8333,77.0,Mauddud (MA),137779.0,1.0958,0.4589,27.32,39.34,1.1172,1.0424,188.3,3558.9,346.9,10.8,3212.0,3414.3,3414.3,202.3,6.3,6.3,OVER_PREDICTION,True,True,True,True,True,True,True,True,1. QUALIFIED_5QC_CLEAN_ACTIVE,Pass: Active completion run meeting all 5 QC physical screening gates
GC-31,SA-0283_T,2023-06-20 12:00,REDA (Schlumberger),538 Series (REDA SN),SN3600,SN3600,184,7300.0,212.0,212.0,1111.0,3482.0,2371.0,234.0,163.0,50.0,0.8333,80.0,Mauddud (MA),137779.0,1.0958,0.462,27.89,40.16,1.1158,1.0392,184.8,3518.7,537.7,18.04,2981.0,3386.1,3386.1,405.1,13.59,13.59,OVER_PREDICTION,True,True,True,True,True,True,True,True,1. QUALIFIED_5QC_CLEAN_ACTIVE,Pass: Active completion run meeting all 5 QC physical screening gates
GC-31,SA-0283_T,2023-09-30 09:30,REDA (Schlumberger),538 Series (REDA SN),SN3600,SN3600,184,7300.0,313.9,313.9,1213.0,3456.0,2243.0,291.0,167.0,50.0,0.8333,84.8,Mauddud (MA),137779.0,1.0958,0.467,26.1,37.59,1.1239,1.0358,204.7,3641.2,483.2,15.3,3158.0,3515.4,3515.4,357.4,11.32,11.32,OVER_PREDICTION,True,True,True,True,True,True,True,True,1. QUALIFIED_5QC_CLEAN_ACTIVE,Pass: Active completion run meeting all 5 QC physical screening gates
GC-31,SA-0283_T,2023-12-05 10:15,REDA (Schlumberger),538 Series (REDA SN),SN3600,SN3600,184,7300.0,380.0,380.0,1565.0,3477.0,1912.0,296.0,164.0,50.0,0.8333,84.1,Mauddud (MA),137779.0,1.0958,0.4663,22.28,32.09,1.1533,1.0412,275.9,3876.8,1233.8,46.68,2643.0,3723.4,3723.4,1080.4,40.88,40.88,OVER_PREDICTION,True,True,True,True,True,True,True,True,1. QUALIFIED_5QC_CLEAN_ACTIVE,Pass: Active completion run meeting all 5 QC physical screening gates
GC-31,SA-0283_T,2024-03-16 07:15,REDA (Schlumberger),538 Series (REDA SN),SN3600,SN3600,184,7300.0,481.8,481.8,1967.0,2648.0,681.0,367.0,169.0,50.0,0.8333,85.1,Mauddud (MA),137779.0,1.0958,0.4673,7.92,11.41,1.1848,1.0446,350.0,4416.5,831.5,23.19,3585.0,4228.1,4228.1,643.1,17.94,17.94,OVER_PREDICTION,True,True,True,True,True,True,True,True,1. QUALIFIED_5QC_CLEAN_ACTIVE,Pass: Active completion run meeting all 5 QC physical screening gates
GC-31,SA-0283_T,2024-10-16 09:15,REDA (Schlumberger),538 Series (REDA SN),SN3600,SN3600,184,7300.0,695.9,695.9,2221.0,3656.0,1435.0,356.0,168.0,50.0,0.8333,93.4,Mauddud (MA),137779.0,1.0958,0.476,16.38,23.59,1.1848,1.0309,350.0,4187.0,321.0,8.3,3866.0,4061.6,4061.6,195.6,5.06,5.06,OVER_PREDICTION,True,True,True,True,True,True,True,True,1. QUALIFIED_5QC_CLEAN_ACTIVE,Pass: Active completion run meeting all 5 QC physical screening gates
GC-31,SA-0283_T,2025-02-13 08:15,REDA (Schlumberger),538 Series (REDA SN),SN3600,SN3600,184,7300.0,815.9,815.9,1947.0,3665.0,1718.0,374.0,165.0,50.0,0.8333,93.8,Mauddud (MA),137779.0,1.0958,0.4764,19.6,28.23,1.1848,1.0302,350.0,4024.3,576.3,16.71,3448.0,3906.3,3906.3,458.3,13.29,13.29,OVER_PREDICTION,True,True,True,True,True,True,True,True,1. QUALIFIED_5QC_CLEAN_ACTIVE,Pass: Active completion run meeting all 5 QC physical screening gates
GC-31,SA-0283_T,2025-03-05 14:00,REDA (Schlumberger),538 Series (REDA SN),SN3600,SN3600,184,7300.0,836.1,836.1,2311.0,3663.0,1352.0,337.0,154.0,50.0,0.8333,92.7,Mauddud (MA),137779.0,1.0958,0.4753,15.46,22.26,1.1848,1.032,350.0,4231.0,1151.0,37.37,3080.0,4099.7,4099.7,1019.7,33.11,33.11,OVER_PREDICTION,True,True,True,True,True,True,True,True,1. QUALIFIED_5QC_CLEAN_ACTIVE,Pass: Active completion run meeting all 5 QC physical screening gates
GC-31,SA-0283_T,2025-06-11 07:30,REDA (Schlumberger),538 Series (REDA SN),SN3600,SN3600,184,7300.0,933.9,933.9,1911.0,3645.0,1734.0,349.0,165.0,50.0,0.8333,95.1,Mauddud (MA),137779.0,1.0958,0.4778,19.72,28.4,1.1844,1.0281,349.0,4018.1,709.1,21.43,3309.0,3908.4,3908.4,599.4,18.11,18.11,OVER_PREDICTION,True,True,True,True,True,True,True,True,1. QUALIFIED_5QC_CLEAN_ACTIVE,Pass: Active completion run meeting all 5 QC physical screening gates
GC-31,SA-0283_T,2025-09-20 08:15,REDA (Schlumberger),538 Series (REDA SN),SN3600,SN3600,184,7300.0,1034.9,1034.9,1837.0,3568.0,1731.0,267.0,164.0,50.0,0.8333,91.2,Mauddud (MA),137779.0,1.0958,0.4737,19.86,28.6,1.1776,1.0339,333.1,4010.8,477.8,13.52,3533.0,3879.4,3879.4,346.4,9.8,9.8,OVER_PREDICTION,True,True,True,True,True,True,True,True,1. QUALIFIED_5QC_CLEAN_ACTIVE,Pass: Active completion run meeting all 5 QC physical screening gates
GC-31,SA-0283_T,2026-05-01 08:00,REDA (Schlumberger),538 Series (REDA SN),SN3600,SN3600,184,7300.0,1257.9,1257.9,1349.0,3533.0,2184.0,263.0,163.0,50.0,0.8333,91.0,Mauddud (MA),137779.0,1.0958,0.4735,25.07,36.1,1.135,1.0303,231.8,3708.6,645.6,21.08,3063.0,3599.4,3599.4,536.4,17.51,17.51,OVER_PREDICTION,True,True,True,True,True,True,True,True,1. QUALIFIED_5QC_CLEAN_ACTIVE,Pass: Active completion run meeting all 5 QC physical screening gates
GC-31,SA-0283_T,2026-07-28 10:00,REDA (Schlumberger),538 Series (REDA SN),SN3600,SN3600,184,7300.0,1346.0,1346.0,1095.0,3580.0,2485.0,251.0,165.0,50.0,0.8333,91.2,Mauddud (MA),137779.0,1.0958,0.4737,28.51,41.06,1.1146,1.0283,181.7,3473.3,537.3,18.3,2936.0,3377.6,3377.6,441.6,15.04,15.04,OVER_PREDICTION,True,True,True,True,True,True,True,True,1. QUALIFIED_5QC_CLEAN_ACTIVE,Pass: Active completion run meeting all 5 QC physical screening gates
GC-31,SA-0284_T,2021-01-07 08:15,Alkhorayef (ACC),538 Series (ACC WE),WE-2600c,WE-2600,176,7400.0,0.0,-594.1,737.0,,,261.7,147.5,49.0,0.8167,40.2,Mauddud (MA),137779.0,1.0958,0.4205,,,1.0882,1.0608,115.1,,,,1403.5,,,,,,,False,False,False,True,True,False,False,False,7. FAILED_MISSING_TELEMETRY,"Failed Gate 1: Missing Telemetry (PIP=737.0, PDP=nan)"
GC-31,SA-0284_T,2021-04-29 09:00,Alkhorayef (ACC),538 Series (ACC WE),WE-2600c,WE-2600,176,7400.0,0.0,-482.1,878.0,,,208.0,152.0,50.0,0.8333,53.5,Mauddud (MA),137779.0,1.0958,0.4344,,,1.0983,1.0564,140.7,,,,1836.0,,,,,,,False,False,False,True,True,False,False,False,7. FAILED_MISSING_TELEMETRY,"Failed Gate 1: Missing Telemetry (PIP=878.0, PDP=nan)"
GC-31,SA-0284_T,2021-09-29 12:00,Alkhorayef (ACC),538 Series (ACC WE),WE-2600c,WE-2600,176,7400.0,0.0,-329.0,718.0,2967.0,2249.0,183.0,148.0,50.0,0.8333,30.8,Mauddud (MA),137779.0,1.0958,0.4107,31.11,44.8,1.0869,1.0663,111.7,2259.2,1330.2,143.19,929.0,2118.7,2118.7,1189.7,128.06,128.06,OVER_PREDICTION,True,True,True,True,True,True,False,False,2. QUALIFIED_5QC_HISTORICAL_RUN,Pass 5 QC Gates (Historical Completion Run: Days = -329.0)
GC-31,SA-0284_T,2021-10-20 08:15,Alkhorayef (ACC),538 Series (ACC WE),WE-2600c,WE-2600,176,7400.0,0.0,-308.1,775.0,,,246.0,147.0,50.0,0.8333,35.1,Mauddud (MA),137779.0,1.0958,0.4152,,,1.0909,1.066,121.9,,,,1565.0,,,,,,,False,False,False,True,True,False,False,False,7. FAILED_MISSING_TELEMETRY,"Failed Gate 1: Missing Telemetry (PIP=775.0, PDP=nan)"
GC-31,SA-0284_T,2022-02-23 08:30,Alkhorayef (ACC),538 Series (ACC WE),WE-2600c,WE-2600,176,7400.0,0.0,-182.1,,,,172.0,154.0,50.0,0.8333,46.2,Mauddud (MA),137779.0,1.0958,0.4268,,,1.1477,1.0887,262.5,,,,1948.0,,,,,,,False,False,False,True,True,False,False,False,7. FAILED_MISSING_TELEMETRY,"Failed Gate 1: Missing Telemetry (PIP=nan, PDP=nan)"
GC-31,SA-0284_T,2022-06-02 08:00,Alkhorayef (ACC),538 Series (ACC WE),WE-2600c,WE-2600,176,7400.0,0.0,-83.1,837.0,2965.0,2128.0,191.0,151.0,50.0,0.8333,48.0,Mauddud (MA),137779.0,1.0958,0.4287,28.21,40.63,1.0953,1.0592,133.2,2436.1,674.1,38.26,1762.0,2300.0,2300.0,538.0,30.53,30.53,OVER_PREDICTION,True,True,True,True,True,True,False,False,2. QUALIFIED_5QC_HISTORICAL_RUN,Pass 5 QC Gates (Historical Completion Run: Days = -83.1)
GC-31,SA-0284_T,2022-09-02 10:30,Alkhorayef (ACC),538 Series (ACC WE),WE-2600c,WE-2600,176,7400.0,9.0,9.0,1127.0,2888.0,1761.0,188.0,156.0,50.0,0.8333,39.0,Mauddud (MA),137779.0,1.0958,0.4193,23.86,34.36,1.1171,1.0792,187.9,2633.5,532.5,25.35,2101.0,2440.2,2440.2,339.2,16.14,16.14,OVER_PREDICTION,True,True,True,True,True,True,True,True,1. QUALIFIED_5QC_CLEAN_ACTIVE,Pass: Active completion run meeting all 5 QC physical screening gates
GC-31,SA-0284_T,2022-12-25 08:15,Alkhorayef (ACC),538 Series (ACC WE),WE-2600c,WE-2600,176,7400.0,122.9,122.9,752.0,3121.0,2369.0,192.0,154.0,50.0,0.8333,50.2,Mauddud (MA),137779.0,1.0958,0.431,31.23,44.97,1.0893,1.0545,117.8,2250.4,494.4,28.15,1756.0,2134.1,2134.1,378.1,21.53,21.53,OVER_PREDICTION,True,True,True,True,True,True,True,True,1. QUALIFIED_5QC_CLEAN_ACTIVE,Pass: Active completion run meeting all 5 QC physical screening gates
GC-31,SA-0284_T,2023-03-26 12:30,Alkhorayef (ACC),538 Series (ACC WE),WE-2600c,WE-2600,176,7400.0,214.1,214.1,1025.0,,,313.0,163.0,53.0,0.8833,67.0,Mauddud (MA),137779.0,1.0958,0.4485,,,1.1092,1.0494,168.3,,,,1938.0,,,,,,,False,False,False,True,True,False,True,False,7. FAILED_MISSING_TELEMETRY,"Failed Gate 1: Missing Telemetry (PIP=1025.0, PDP=nan)"
GC-31,SA-0284_T,2023-05-10 06:30,Alkhorayef (ACC),538 Series (ACC WE),WE-2600c,WE-2600,176,7400.0,258.8,258.8,921.0,3373.0,2452.0,241.0,157.0,51.0,0.85,62.5,Mauddud (MA),137779.0,1.0958,0.4438,31.39,43.45,1.1014,1.0505,148.7,2368.7,323.7,15.83,2045.0,2254.8,2254.8,209.8,10.26,10.26,OVER_PREDICTION,True,True,True,True,True,True,True,True,1. QUALIFIED_5QC_CLEAN_ACTIVE,Pass: Active completion run meeting all 5 QC physical screening gates
GC-31,SA-0284_T,2023-08-26 07:15,Alkhorayef (ACC),538 Series (ACC WE),WE-2600c,WE-2600,176,7400.0,366.8,366.8,616.0,2940.0,2324.0,168.0,141.0,51.0,0.85,45.3,Mauddud (MA),137779.0,1.0958,0.4259,31.01,42.92,1.08,1.0528,93.9,2392.1,1078.1,82.05,1314.0,2272.0,2272.0,958.0,72.91,72.91,OVER_PREDICTION,True,True,True,True,True,True,True,True,1. QUALIFIED_5QC_CLEAN_ACTIVE,Pass: Active completion run meeting all 5 QC physical screening gates
GC-31,SA-0284_T,2023-12-16 08:45,Alkhorayef (ACC),538 Series (ACC WE),WE-2600c,WE-2600,176,7400.0,478.9,478.9,381.0,3263.0,2882.0,235.0,142.0,55.0,0.9167,64.0,Mauddud (MA),137779.0,1.0958,0.4454,36.77,43.76,1.0653,1.0363,55.0,2539.3,1003.3,65.32,1536.0,2450.3,2450.3,914.3,59.52,59.52,OVER_PREDICTION,True,True,True,True,True,True,True,True,1. QUALIFIED_5QC_CLEAN_ACTIVE,Pass: Active completion run meeting all 5 QC physical screening gates
GC-31,SA-0284_T,2024-04-03 07:45,Alkhorayef (ACC),538 Series (ACC WE),WE-2600c,WE-2600,176,7400.0,587.9,587.9,509.0,3542.0,3033.0,288.0,162.0,55.0,0.9167,69.2,Mauddud (MA),137779.0,1.0958,0.4508,38.23,45.49,1.0731,1.0364,75.8,2446.4,576.4,30.82,1870.0,2360.6,2360.6,490.6,26.24,26.24,OVER_PREDICTION,True,True,True,True,True,True,True,True,1. QUALIFIED_5QC_CLEAN_ACTIVE,Pass: Active completion run meeting all 5 QC physical screening gates
GC-31,SA-0284_T,2024-06-05 12:30,Alkhorayef (ACC),538 Series (ACC WE),WE-2600c,WE-2600,176,7400.0,651.1,651.1,840.0,3705.0,2865.0,480.0,166.0,55.0,0.9167,74.0,Mauddud (MA),137779.0,1.0958,0.4558,35.72,42.51,1.0955,1.0396,133.8,2598.8,313.8,13.73,2285.0,2499.7,2499.7,214.7,9.4,9.4,OVER_PREDICTION,True,True,True,True,True,True,True,True,1. QUALIFIED_5QC_CLEAN_ACTIVE,Pass: Active completion run meeting all 5 QC physical screening gates
GC-31,SA-0284_T,2024-10-08 08:45,Alkhorayef (ACC),538 Series (ACC WE),WE-2600c,WE-2600,176,7400.0,775.9,775.9,1141.0,3898.0,2757.0,591.0,160.0,55.0,0.9167,84.2,Mauddud (MA),137779.0,1.0958,0.4664,33.59,39.97,1.1182,1.0355,190.6,2706.2,359.2,15.3,2347.0,2613.4,2613.4,266.4,11.35,11.35,OVER_PREDICTION,True,True,True,True,True,True,True,True,1. QUALIFIED_5QC_CLEAN_ACTIVE,Pass: Active completion run meeting all 5 QC physical screening gates
GC-31,SA-0284_T,2025-03-04 09:00,Alkhorayef (ACC),538 Series (ACC WE),WE-2600c,WE-2600,176,7400.0,922.9,922.9,1094.0,3527.0,2433.0,314.0,150.0,55.0,0.9167,78.8,Mauddud (MA),137779.0,1.0958,0.4608,30.0,35.7,1.1145,1.04,181.5,2855.7,276.7,10.73,2579.0,2745.8,2745.8,166.8,6.47,6.47,OVER_PREDICTION,True,True,True,True,True,True,True,True,1. QUALIFIED_5QC_CLEAN_ACTIVE,Pass: Active completion run meeting all 5 QC physical screening gates
GC-31,SA-0284_T,2025-07-26 07:45,Alkhorayef (ACC),538 Series (ACC WE),WE-2600c,WE-2600,176,7400.0,1066.9,1066.9,952.0,3568.0,2616.0,304.0,163.0,55.0,0.9167,73.7,Mauddud (MA),137779.0,1.0958,0.4555,32.63,38.83,1.1037,1.042,154.5,2749.4,262.4,10.55,2487.0,2638.5,2638.5,151.5,6.09,6.09,OVER_PREDICTION,True,True,True,True,True,True,True,True,1. QUALIFIED_5QC_CLEAN_ACTIVE,Pass: Active completion run meeting all 5 QC physical screening gates
GC-31,SA-0284_T,2025-10-14 15:30,Alkhorayef (ACC),538 Series (ACC WE),WE-2600c,WE-2600,176,7400.0,1147.2,1147.2,1031.0,3659.0,2628.0,381.0,165.0,55.0,0.9167,76.0,Mauddud (MA),137779.0,1.0958,0.4579,32.61,38.81,1.1097,1.0415,169.5,2750.1,382.1,16.14,2368.0,2640.5,2640.5,272.5,11.51,11.51,OVER_PREDICTION,True,True,True,True,True,True,True,True,1. QUALIFIED_5QC_CLEAN_ACTIVE,Pass: Active completion run meeting all 5 QC physical screening gates
GC-31,SA-0284_T,2026-01-20 18:00,Alkhorayef (ACC),538 Series (ACC WE),WE-2600c,WE-2600,176,7400.0,1245.3,1245.3,1466.0,3582.0,2116.0,295.0,147.0,55.0,0.9167,77.3,Mauddud (MA),137779.0,1.0958,0.4592,26.18,31.15,1.1448,1.0483,255.5,2987.4,357.4,13.59,2630.0,2849.7,2849.7,219.7,8.35,8.35,OVER_PREDICTION,True,True,True,True,True,True,True,True,1. QUALIFIED_5QC_CLEAN_ACTIVE,Pass: Active completion run meeting all 5 QC physical screening gates
GC-31,SA-0284_T,2026-04-26 10:30,Alkhorayef (ACC),538 Series (ACC WE),WE-2600c,WE-2600,176,7400.0,1341.0,1341.0,1436.0,3541.0,2105.0,248.0,160.0,55.0,0.9167,76.7,Mauddud (MA),137779.0,1.0958,0.4586,26.08,31.04,1.1422,1.0485,249.4,2990.3,447.3,17.59,2543.0,2852.0,2852.0,309.0,12.15,12.15,OVER_PREDICTION,True,True,True,True,True,True,True,True,1. QUALIFIED_5QC_CLEAN_ACTIVE,Pass: Active completion run meeting all 5 QC physical screening gates
GC-31,SA-0284_T,2026-07-28 08:00,Alkhorayef (ACC),538 Series (ACC WE),WE-2600c,WE-2600,176,7400.0,1433.9,1433.9,771.0,3337.0,2566.0,327.0,157.0,55.0,0.9167,76.9,Mauddud (MA),137779.0,1.0958,0.4588,31.78,37.82,1.0906,1.0363,121.2,2785.4,579.4,26.26,2206.0,2687.8,2687.8,481.8,21.84,21.84,OVER_PREDICTION,True,True,True,True,True,True,True,True,1. QUALIFIED_5QC_CLEAN_ACTIVE,Pass: Active completion run meeting all 5 QC physical screening gates
GC-31,SA-0285_T,2021-01-07 08:30,REDA (Schlumberger),538/540 Series (REDA S),S4000N,S4000N,112,7200.0,0.0,-1239.9,1157.0,,,195.0,164.0,50.0,0.8333,34.0,Mauddud (MA),137779.0,1.0958,0.4141,,,1.1194,1.0856,193.8,,,,3456.0,,,,,,,False,False,False,True,True,False,False,False,7. FAILED_MISSING_TELEMETRY,"Failed Gate 1: Missing Telemetry (PIP=1157.0, PDP=nan)"
GC-31,SA-0285_T,2021-05-14 05:45,REDA (Schlumberger),538/540 Series (REDA S),S4000N,S4000N,112,7200.0,0.0,-1113.0,858.0,,,180.0,160.0,50.0,0.8333,35.0,Mauddud (MA),137779.0,1.0958,0.4151,,,1.0968,1.0699,137.1,,,,3128.0,,,,,,,False,False,False,True,True,False,False,False,7. FAILED_MISSING_TELEMETRY,"Failed Gate 1: Missing Telemetry (PIP=858.0, PDP=nan)"
GC-31,SA-0285_T,2021-10-20 08:15,REDA (Schlumberger),538/540 Series (REDA S),S4000N,S4000N,112,7200.0,0.0,-953.9,531.0,,,183.0,159.0,54.0,0.9,34.8,Mauddud (MA),137779.0,1.0958,0.4149,,,1.0745,1.0555,79.4,,,,2477.0,,,,,,,False,False,False,True,True,False,False,False,7. FAILED_MISSING_TELEMETRY,"Failed Gate 1: Missing Telemetry (PIP=531.0, PDP=nan)"
GC-31,SA-0285_T,2022-02-07 09:45,REDA (Schlumberger),538/540 Series (REDA S),S4000N,S4000N,112,7200.0,0.0,-843.8,,,,169.0,158.0,54.0,0.9,37.3,Mauddud (MA),137779.0,1.0958,0.4175,,,1.1477,1.1001,262.5,,,,2513.0,,,,,,,False,False,False,True,True,False,False,False,7. FAILED_MISSING_TELEMETRY,"Failed Gate 1: Missing Telemetry (PIP=nan, PDP=nan)"
GC-31,SA-0285_T,2022-05-18 12:15,REDA (Schlumberger),538/540 Series (REDA S),S4000N,S4000N,112,7200.0,0.0,-743.7,342.0,3306.0,2964.0,205.0,161.0,55.0,0.9167,36.5,Mauddud (MA),137779.0,1.0958,0.4167,63.51,75.58,1.063,1.0473,49.0,0.0,-2097.1,-100.0,2097.1,0.0,0.0,-2097.1,-100.0,100.0,UNDER_PREDICTION,True,True,True,True,True,True,False,False,2. QUALIFIED_5QC_HISTORICAL_RUN,Pass 5 QC Gates (Historical Completion Run: Days = -743.7)
GC-31,SA-0285_T,2022-08-18 08:00,REDA (Schlumberger),538/540 Series (REDA S),S4000N,S4000N,112,7200.0,0.0,-651.9,695.0,3380.0,2685.0,258.0,162.0,53.0,0.8833,55.4,Mauddud (MA),137779.0,1.0958,0.4364,54.94,70.42,1.0854,1.0491,107.7,0.0,-2458.0,-100.0,2458.0,0.0,0.0,-2458.0,-100.0,100.0,UNDER_PREDICTION,True,True,True,True,True,True,False,False,2. QUALIFIED_5QC_HISTORICAL_RUN,Pass 5 QC Gates (Historical Completion Run: Days = -651.9)
GC-31,SA-0285_T,2022-11-30 07:45,REDA (Schlumberger),538/540 Series (REDA S),S4000N,S4000N,112,7200.0,0.0,-547.9,1004.0,3496.0,2492.0,280.4,163.1,53.0,0.8833,56.3,Mauddud (MA),137779.0,1.0958,0.4373,50.88,65.21,1.1076,1.0583,164.3,1199.8,-1803.6,-60.05,3003.4,1133.7,1133.7,-1869.7,-62.25,62.25,UNDER_PREDICTION,True,True,True,True,True,True,False,False,2. QUALIFIED_5QC_HISTORICAL_RUN,Pass 5 QC Gates (Historical Completion Run: Days = -547.9)
GC-31,SA-0285_T,2023-02-04 08:00,REDA (Schlumberger),538/540 Series (REDA S),S4000N,S4000N,112,7200.0,0.0,-481.9,626.0,3513.0,2887.0,249.0,162.0,56.0,0.9333,72.6,Mauddud (MA),137779.0,1.0958,0.4543,56.74,65.14,1.0807,1.0366,95.6,1281.3,-1779.7,-58.14,3061.0,1236.0,1236.0,-1825.0,-59.62,59.62,UNDER_PREDICTION,True,True,True,True,True,True,False,False,2. QUALIFIED_5QC_HISTORICAL_RUN,Pass 5 QC Gates (Historical Completion Run: Days = -481.9)
GC-31,SA-0285_T,2023-05-31 08:00,REDA (Schlumberger),538/540 Series (REDA S),S4000N,S4000N,112,7200.0,0.0,-365.9,628.0,3604.0,2976.0,268.0,166.0,56.0,0.9333,80.0,Mauddud (MA),137779.0,1.0958,0.462,57.51,66.02,1.0808,1.0322,96.0,1107.2,-1724.8,-60.9,2832.0,1072.7,1072.7,-1759.3,-62.12,62.12,UNDER_PREDICTION,True,True,True,True,True,True,False,False,2. QUALIFIED_5QC_HISTORICAL_RUN,Pass 5 QC Gates (Historical Completion Run: Days = -365.9)
GC-31,SA-0285_T,2023-09-07 07:30,REDA (Schlumberger),538/540 Series (REDA S),S4000N,S4000N,112,7200.0,0.0,-266.9,530.0,3503.0,2973.0,211.0,163.0,56.0,0.9333,70.8,Mauddud (MA),137779.0,1.0958,0.4524,58.67,67.36,1.0745,1.0359,79.3,816.6,-1905.4,-70.0,2722.0,788.3,788.3,-1933.7,-71.04,71.04,UNDER_PREDICTION,True,True,True,True,True,True,False,False,2. QUALIFIED_5QC_HISTORICAL_RUN,Pass 5 QC Gates (Historical Completion Run: Days = -266.9)
GC-31,SA-0285_T,2024-01-13 08:45,REDA (Schlumberger),538/540 Series (REDA S),S4000N,S4000N,112,7200.0,0.0,-138.9,1335.0,3436.0,2101.0,248.0,158.0,54.0,0.9,78.7,Mauddud (MA),137779.0,1.0958,0.4607,40.72,50.27,1.1338,1.0442,229.0,3342.4,1255.4,60.15,2087.0,3200.8,3200.8,1113.8,53.37,53.37,OVER_PREDICTION,True,True,True,True,True,True,False,False,2. QUALIFIED_5QC_HISTORICAL_RUN,Pass 5 QC Gates (Historical Completion Run: Days = -138.9)
GC-31,SA-0285_T,2024-02-07 08:30,REDA (Schlumberger),538/540 Series (REDA S),S4000N,S4000N,112,7200.0,0.0,-113.9,1586.0,3466.0,1880.0,228.4,163.0,54.0,0.9,73.2,Mauddud (MA),137779.0,1.0958,0.4549,36.9,45.56,1.1551,1.0562,280.2,3846.5,2367.1,160.0,1479.4,3641.8,3641.8,2162.4,146.17,146.17,OVER_PREDICTION,True,True,True,True,True,True,False,False,2. QUALIFIED_5QC_HISTORICAL_RUN,Pass 5 QC Gates (Historical Completion Run: Days = -113.9)
GC-31,SA-0285_T,2024-07-08 08:15,REDA (Schlumberger),538/540 Series (REDA S),S4000N,S4000N,112,7200.0,38.1,38.1,1547.0,3394.0,1847.0,230.0,161.0,43.0,0.7167,71.0,Mauddud (MA),137779.0,1.0958,0.4526,36.43,70.92,1.1517,1.0582,272.1,0.0,-1826.0,-100.0,1826.0,0.0,0.0,-1826.0,-100.0,100.0,UNDER_PREDICTION,True,True,True,True,True,True,True,True,1. QUALIFIED_5QC_CLEAN_ACTIVE,Pass: Active completion run meeting all 5 QC physical screening gates
GC-31,SA-0285_T,2024-12-08 08:30,REDA (Schlumberger),538/540 Series (REDA S),S4000N,S4000N,112,7200.0,191.1,191.1,1586.0,3379.0,1793.0,233.5,158.0,43.0,0.7167,75.4,Mauddud (MA),137779.0,1.0958,0.4572,35.01,68.16,1.1551,1.0532,280.2,475.8,-1506.1,-75.99,1981.9,451.7,451.7,-1530.2,-77.21,77.21,UNDER_PREDICTION,True,True,True,True,True,True,True,True,1. QUALIFIED_5QC_CLEAN_ACTIVE,Pass: Active completion run meeting all 5 QC physical screening gates
GC-31,SA-0285_T,2025-04-17 08:45,REDA (Schlumberger),538/540 Series (REDA S),S4000N,S4000N,112,7200.0,321.1,321.1,1639.0,3433.0,1794.0,258.0,158.0,43.0,0.7167,72.0,Mauddud (MA),137779.0,1.0958,0.4537,35.31,68.74,1.1598,1.0591,291.3,353.9,-1650.1,-82.34,2004.0,334.1,334.1,-1669.9,-83.33,83.33,UNDER_PREDICTION,True,True,True,True,True,True,True,True,1. QUALIFIED_5QC_CLEAN_ACTIVE,Pass: Active completion run meeting all 5 QC physical screening gates
GC-31,SA-0285_T,2025-07-24 07:30,REDA (Schlumberger),538/540 Series (REDA S),S4000N,S4000N,112,7200.0,419.1,419.1,1481.0,3403.0,1922.0,244.0,152.0,45.0,0.75,71.4,Mauddud (MA),137779.0,1.0958,0.4531,37.88,67.34,1.1461,1.0561,258.6,660.0,-1450.0,-68.72,2110.0,625.0,625.0,-1485.0,-70.38,70.38,UNDER_PREDICTION,True,True,True,True,True,True,True,True,1. QUALIFIED_5QC_CLEAN_ACTIVE,Pass: Active completion run meeting all 5 QC physical screening gates
GC-31,SA-0285_T,2025-10-14 06:00,REDA (Schlumberger),538/540 Series (REDA S),S4000N,S4000N,112,7200.0,501.0,501.0,1298.0,3400.0,2102.0,252.0,161.0,47.0,0.7833,66.0,Mauddud (MA),137779.0,1.0958,0.4474,41.95,68.37,1.1308,1.0577,221.6,474.3,-1760.7,-78.78,2235.0,448.4,448.4,-1786.6,-79.94,79.94,UNDER_PREDICTION,True,True,True,True,True,True,True,True,1. QUALIFIED_5QC_CLEAN_ACTIVE,Pass: Active completion run meeting all 5 QC physical screening gates
GC-31,SA-0285_T,2026-01-19 18:00,REDA (Schlumberger),538/540 Series (REDA S),S4000N,S4000N,112,7200.0,598.5,598.5,1267.0,3404.0,2137.0,253.0,145.0,47.0,0.7833,65.0,Mauddud (MA),137779.0,1.0958,0.4464,42.74,69.66,1.1282,1.0579,215.4,120.8,-2061.2,-94.46,2182.0,114.2,114.2,-2067.8,-94.77,94.77,UNDER_PREDICTION,True,True,True,True,True,True,True,True,1. QUALIFIED_5QC_CLEAN_ACTIVE,Pass: Active completion run meeting all 5 QC physical screening gates
GC-31,SA-0285_T,2026-06-05 10:00,REDA (Schlumberger),538/540 Series (REDA S),S4000N,S4000N,112,7200.0,735.2,735.2,1493.0,3525.0,2032.0,227.0,153.0,47.0,0.7833,87.3,Mauddud (MA),137779.0,1.0958,0.4696,38.63,62.96,1.1471,1.0361,261.0,1404.3,-1173.7,-45.53,2578.0,1355.3,1355.3,-1222.7,-47.43,47.43,UNDER_PREDICTION,True,True,True,True,True,True,True,True,1. QUALIFIED_5QC_CLEAN_ACTIVE,Pass: Active completion run meeting all 5 QC physical screening gates
GC-31,SA-0309_T,2021-04-04 08:30,REDA (Schlumberger),538/540 Series (REDA S),S4000N,S4000N,133,7400.0,0.0,-1079.6,,,,286.0,157.0,49.0,0.8167,76.4,Mauddud (MA),137779.0,1.0958,0.4583,,,1.1477,1.0501,262.5,,,,1536.0,,,,,,,False,False,False,True,True,False,False,False,7. FAILED_MISSING_TELEMETRY,"Failed Gate 1: Missing Telemetry (PIP=nan, PDP=nan)"
GC-31,SA-0309_T,2021-11-01 08:30,REDA (Schlumberger),538/540 Series (REDA S),S4000N,S4000N,133,7400.0,0.0,-868.6,2171.0,,,204.0,138.0,56.0,0.9333,91.0,Mauddud (MA),137779.0,1.0958,0.4735,,,1.1848,1.0348,350.0,,,,600.0,,,,,,,False,False,False,True,True,False,False,False,7. FAILED_MISSING_TELEMETRY,"Failed Gate 1: Missing Telemetry (PIP=2171.0, PDP=nan)"
GC-31,SA-0309_T,2022-05-30 08:20,REDA (Schlumberger),538/540 Series (REDA S),S4000N,S4000N,133,7400.0,0.0,-658.7,1583.0,3574.0,1991.0,254.9,154.4,50.0,0.8333,81.0,Mauddud (MA),137779.0,1.0958,0.4631,32.33,46.56,1.1549,1.0456,279.6,3467.1,-98.3,-2.76,3565.4,3315.8,3315.8,-249.6,-7.0,7.0,UNDER_PREDICTION,True,True,True,True,True,True,False,False,2. QUALIFIED_5QC_HISTORICAL_RUN,Pass 5 QC Gates (Historical Completion Run: Days = -658.7)
GC-31,SA-0309_T,2022-09-02 07:30,REDA (Schlumberger),538/540 Series (REDA S),S4000N,S4000N,133,7400.0,0.0,-563.7,2034.0,3362.7,1328.7,178.0,137.0,50.0,0.8333,87.0,Mauddud (MA),137779.0,1.0958,0.4693,21.29,30.66,1.1848,1.0414,350.0,4684.2,3714.2,382.91,970.0,4497.9,4497.9,3527.9,363.7,363.7,OVER_PREDICTION,True,True,True,True,True,True,False,False,2. QUALIFIED_5QC_HISTORICAL_RUN,Pass 5 QC Gates (Historical Completion Run: Days = -563.7)
GC-31,SA-0309_T,2022-11-28 09:00,REDA (Schlumberger),538/540 Series (REDA S),S4000N,S4000N,133,7400.0,0.0,-476.6,1821.0,3484.7,1663.7,257.0,177.0,53.0,0.8833,72.0,Mauddud (MA),137779.0,1.0958,0.4537,27.57,35.34,1.1761,1.0637,329.7,4643.2,1160.2,33.31,3483.0,4365.1,4365.1,882.1,25.33,25.33,OVER_PREDICTION,True,True,True,True,True,True,False,False,2. QUALIFIED_5QC_HISTORICAL_RUN,Pass 5 QC Gates (Historical Completion Run: Days = -476.6)
GC-31,SA-0309_T,2023-02-07 08:15,REDA (Schlumberger),538/540 Series (REDA S),S4000N,S4000N,133,7400.0,0.0,-405.7,2304.0,3819.7,1515.7,317.0,136.0,53.0,0.8833,89.7,Mauddud (MA),137779.0,1.0958,0.4721,24.14,30.94,1.1848,1.037,350.0,4947.1,4287.1,649.56,660.0,4770.7,4770.7,4110.7,622.83,622.83,OVER_PREDICTION,True,True,True,True,True,True,False,False,2. QUALIFIED_5QC_HISTORICAL_RUN,Pass 5 QC Gates (Historical Completion Run: Days = -405.7)
GC-31,SA-0309_T,2023-02-22 09:45,REDA (Schlumberger),538/540 Series (REDA S),S4000N,S4000N,133,7400.0,0.0,-390.6,1739.0,3399.0,1660.0,236.0,176.0,53.0,0.8833,74.2,Mauddud (MA),137779.0,1.0958,0.456,27.37,35.08,1.1687,1.0584,312.3,4662.3,851.3,22.34,3811.0,4405.2,4405.2,594.2,15.59,15.59,OVER_PREDICTION,True,True,True,True,True,True,False,False,2. QUALIFIED_5QC_HISTORICAL_RUN,Pass 5 QC Gates (Historical Completion Run: Days = -390.6)
GC-31,SA-0309_T,2023-06-15 05:00,REDA (Schlumberger),538/540 Series (REDA S),S4000N,S4000N,133,7400.0,0.0,-277.8,1561.0,3394.7,1833.7,204.0,168.0,53.0,0.8833,70.7,Mauddud (MA),137779.0,1.0958,0.4523,30.48,39.07,1.1529,1.059,275.0,4355.2,1611.2,58.72,2744.0,4112.7,4112.7,1368.7,49.88,49.88,OVER_PREDICTION,True,True,True,True,True,True,False,False,2. QUALIFIED_5QC_HISTORICAL_RUN,Pass 5 QC Gates (Historical Completion Run: Days = -277.8)
GC-31,SA-0309_T,2023-10-12 12:17,REDA (Schlumberger),538/540 Series (REDA S),S4000N,S4000N,133,7400.0,0.0,-158.5,1215.0,3343.0,2128.0,231.0,165.0,53.0,0.8833,78.3,Mauddud (MA),137779.0,1.0958,0.4603,34.76,44.55,1.1241,1.0426,205.1,3872.1,848.1,28.05,3024.0,3714.0,3714.0,690.0,22.82,22.82,OVER_PREDICTION,True,True,True,True,True,True,False,False,2. QUALIFIED_5QC_HISTORICAL_RUN,Pass 5 QC Gates (Historical Completion Run: Days = -158.5)
GC-31,SA-0309_T,2024-03-21 08:45,REDA (Schlumberger),538/540 Series (REDA S),S4000N,S4000N,133,7400.0,2.4,2.4,1545.0,3683.0,2138.0,283.0,151.0,50.0,0.8333,93.0,Mauddud (MA),137779.0,1.0958,0.4756,33.8,48.68,1.1516,1.0292,271.7,3258.8,-976.2,-23.05,4235.0,3166.3,3166.3,-1068.7,-25.23,25.23,UNDER_PREDICTION,True,True,True,True,True,True,True,True,1. QUALIFIED_5QC_CLEAN_ACTIVE,Pass: Active completion run meeting all 5 QC physical screening gates
GC-31,SA-0309_T,2024-04-21 07:00,REDA (Schlumberger),538/540 Series (REDA S),S4000N,S4000N,133,7400.0,33.3,33.3,1208.0,3310.0,2102.0,235.0,162.0,50.0,0.8333,60.0,Mauddud (MA),137779.0,1.0958,0.4412,35.82,51.58,1.1235,1.0614,203.7,2953.8,-1085.2,-26.87,4039.0,2782.9,2782.9,-1256.1,-31.1,31.1,UNDER_PREDICTION,True,True,True,True,True,True,True,True,1. QUALIFIED_5QC_CLEAN_ACTIVE,Pass: Active completion run meeting all 5 QC physical screening gates
GC-31,SA-0309_T,2024-08-12 12:20,REDA (Schlumberger),538/540 Series (REDA S),S4000N,S4000N,133,7400.0,146.5,146.5,1917.0,3586.0,1669.0,313.0,165.0,55.0,0.9167,66.8,Mauddud (MA),137779.0,1.0958,0.4483,27.99,33.31,1.1848,1.0747,350.0,4968.8,991.8,24.94,3977.0,4623.4,4623.4,646.4,16.25,16.25,OVER_PREDICTION,True,True,True,True,True,True,True,True,1. QUALIFIED_5QC_CLEAN_ACTIVE,Pass: Active completion run meeting all 5 QC physical screening gates
GC-31,SA-0309_T,2024-09-04 10:00,REDA (Schlumberger),538/540 Series (REDA S),S4000N,S4000N,133,7400.0,169.4,169.4,2014.0,4044.0,2030.0,278.0,164.0,55.0,0.9167,76.2,Mauddud (MA),137779.0,1.0958,0.4581,33.32,39.65,1.1848,1.0592,350.0,4470.6,1151.6,34.7,3319.0,4220.6,4220.6,901.6,27.16,27.16,OVER_PREDICTION,True,True,True,True,True,True,True,True,1. QUALIFIED_5QC_CLEAN_ACTIVE,Pass: Active completion run meeting all 5 QC physical screening gates
GC-31,SA-0309_T,2025-01-22 09:00,REDA (Schlumberger),538/540 Series (REDA S),S4000N,S4000N,133,7400.0,309.4,309.4,0.0,0.0,0.0,242.0,165.0,55.0,0.9167,79.0,Mauddud (MA),137779.0,1.0958,0.461,,,1.1477,1.0468,262.5,,,,4493.0,,,,,,,True,False,False,True,True,False,True,False,3. FAILED_ZERO_NEGATIVE_LIFT,"Failed Gate 2: Negative/Zero Lift (PDP=0.0 <= PIP=0.0, dP=0.0 psi)"
GC-31,SA-0309_T,2025-07-06 09:00,REDA (Schlumberger),538/540 Series (REDA S),S4000N,S4000N,133,7400.0,474.4,474.4,1678.0,3529.0,1851.0,284.0,169.0,55.0,0.9167,82.1,Mauddud (MA),137779.0,1.0958,0.4642,29.98,35.68,1.1632,1.0456,299.4,4792.8,833.8,21.06,3959.0,4583.6,4583.6,624.6,15.78,15.78,OVER_PREDICTION,True,True,True,True,True,True,True,True,1. QUALIFIED_5QC_CLEAN_ACTIVE,Pass: Active completion run meeting all 5 QC physical screening gates
GC-31,SA-0309_T,2025-09-28 08:00,REDA (Schlumberger),538/540 Series (REDA S),S4000N,S4000N,133,7400.0,558.3,558.3,1739.0,3553.0,1814.0,250.0,175.0,55.0,0.9167,80.9,Mauddud (MA),137779.0,1.0958,0.463,29.46,35.06,1.1687,1.0484,312.3,4840.0,754.0,18.45,4086.0,4616.6,4616.6,530.6,12.99,12.99,OVER_PREDICTION,True,True,True,True,True,True,True,True,1. QUALIFIED_5QC_CLEAN_ACTIVE,Pass: Active completion run meeting all 5 QC physical screening gates
GC-31,SA-0309_T,2026-01-16 18:00,REDA (Schlumberger),538/540 Series (REDA S),S4000N,S4000N,133,7400.0,668.8,668.8,1909.0,3696.0,1787.0,284.0,158.0,55.0,0.9167,79.8,Mauddud (MA),137779.0,1.0958,0.4618,29.09,34.62,1.1842,1.0532,348.6,4873.0,299.0,6.54,4574.0,4627.0,4627.0,53.0,1.16,1.16,OVER_PREDICTION,True,True,True,True,True,True,True,True,1. QUALIFIED_5QC_CLEAN_ACTIVE,Pass: Active completion run meeting all 5 QC physical screening gates
GC-31,SA-0309_T,2026-06-10 07:30,REDA (Schlumberger),538/540 Series (REDA S),S4000N,S4000N,133,7400.0,813.3,813.3,1885.0,3669.0,1784.0,198.0,168.0,55.0,0.9167,81.0,Mauddud (MA),137779.0,1.0958,0.4631,28.97,34.47,1.182,1.0508,343.4,4884.4,377.4,8.37,4507.0,4648.4,4648.4,141.4,3.14,3.14,OVER_PREDICTION,True,True,True,True,True,True,True,True,1. QUALIFIED_5QC_CLEAN_ACTIVE,Pass: Active completion run meeting all 5 QC physical screening gates
GC-31,SA-0315ST2_T,2025-08-02 07:30,Baker Hughes (Centrilift),400 Series (Centrilift P/Flex),P10,P10,251,5500.0,28.0,28.0,785.0,2399.0,1614.0,248.0,131.0,50.0,0.8333,36.0,Mauddud (MA),137779.0,1.0958,0.4162,15.45,22.25,1.0916,1.0658,123.8,1024.8,292.8,40.0,732.0,961.5,961.5,229.5,31.35,31.35,OVER_PREDICTION,True,True,True,True,True,True,True,True,1. QUALIFIED_5QC_CLEAN_ACTIVE,Pass: Active completion run meeting all 5 QC physical screening gates
GC-31,SA-0315ST2_T,2025-10-19 08:00,Baker Hughes (Centrilift),400 Series (Centrilift P/Flex),P10,P10,251,5500.0,106.0,106.0,536.0,2411.0,1875.0,199.0,131.0,50.0,0.8333,44.9,Mauddud (MA),137779.0,1.0958,0.4254,17.56,25.29,1.0748,1.0502,80.3,952.5,324.5,51.67,628.0,907.0,907.0,279.0,44.43,44.43,OVER_PREDICTION,True,True,True,True,True,True,True,True,1. QUALIFIED_5QC_CLEAN_ACTIVE,Pass: Active completion run meeting all 5 QC physical screening gates
GC-31,SA-0315ST2_T,2026-02-01 11:30,Baker Hughes (Centrilift),400 Series (Centrilift P/Flex),P10,P10,251,5500.0,211.2,211.2,580.0,2486.0,1906.0,206.0,124.0,50.0,0.8333,42.7,Mauddud (MA),137779.0,1.0958,0.4232,17.95,25.85,1.0777,1.053,87.7,938.5,226.5,31.81,712.0,891.2,891.2,179.2,25.17,25.17,OVER_PREDICTION,True,True,True,True,True,True,True,True,1. QUALIFIED_5QC_CLEAN_ACTIVE,Pass: Active completion run meeting all 5 QC physical screening gates
GC-31,SA-0315ST2_T,2026-04-27 10:15,Baker Hughes (Centrilift),400 Series (Centrilift P/Flex),P10,P10,251,5500.0,296.1,296.1,470.0,2449.0,1979.0,165.0,113.0,50.0,0.8333,44.4,Mauddud (MA),137779.0,1.0958,0.4249,18.56,26.73,1.0707,1.0482,69.3,915.5,336.5,58.12,579.0,873.4,873.4,294.4,50.85,50.85,OVER_PREDICTION,True,True,True,True,True,True,True,True,1. QUALIFIED_5QC_CLEAN_ACTIVE,Pass: Active completion run meeting all 5 QC physical screening gates
GC-31,SA-0315ST2_T,2026-07-04 13:00,Baker Hughes (Centrilift),400 Series (Centrilift P/Flex),P10,P10,251,5500.0,364.2,364.2,679.0,2417.0,1738.0,241.0,124.0,52.0,0.8667,44.4,Mauddud (MA),137779.0,1.0958,0.4249,16.3,21.7,1.0843,1.0557,104.9,1078.7,317.7,41.75,761.0,1021.8,1021.8,260.8,34.27,34.27,OVER_PREDICTION,True,True,True,True,True,True,True,True,1. QUALIFIED_5QC_CLEAN_ACTIVE,Pass: Active completion run meeting all 5 QC physical screening gates
GC-31,SA-0316_T,2021-05-01 06:30,Borets,538 Series (Borets WFT-538),B538-1500 OLD,B538-1500,117,7046.0,412.5,412.5,1305.0,,,179.0,146.0,50.0,0.8333,82.0,Mauddud (MA),137779.0,1.0958,0.4641,,,1.1313,1.04,223.0,,,,1453.0,,,,,,,False,False,False,True,True,False,True,False,7. FAILED_MISSING_TELEMETRY,"Failed Gate 1: Missing Telemetry (PIP=1305.0, PDP=nan)"
GC-31,SA-0316_T,2021-09-05 08:30,Borets,538 Series (Borets WFT-538),B538-1500 OLD,B538-1500,117,7046.0,539.5,539.5,1375.0,3212.0,1837.0,197.0,146.0,50.0,0.8333,90.0,Mauddud (MA),137779.0,1.0958,0.4725,33.23,47.86,1.1371,1.0317,237.0,1839.4,351.4,23.62,1488.0,1782.9,1782.9,294.9,19.82,19.82,OVER_PREDICTION,True,True,True,True,True,True,True,True,1. QUALIFIED_5QC_CLEAN_ACTIVE,Pass: Active completion run meeting all 5 QC physical screening gates
GC-31,SA-0316_T,2021-12-07 08:15,Borets,538 Series (Borets WFT-538),B538-1500 OLD,B538-1500,117,7046.0,632.5,632.5,1284.0,,,220.0,145.0,50.0,0.8333,83.0,Mauddud (MA),137779.0,1.0958,0.4652,,,1.1296,1.0386,218.8,,,,1312.0,,,,,,,False,False,False,True,True,False,True,False,7. FAILED_MISSING_TELEMETRY,"Failed Gate 1: Missing Telemetry (PIP=1284.0, PDP=nan)"
GC-31,SA-0316_T,2022-03-18 11:00,Borets,538 Series (Borets WFT-538),B538-1500 OLD,B538-1500,117,7046.0,733.6,733.6,,3266.0,,197.0,150.0,50.0,0.8333,83.0,Mauddud (MA),137779.0,1.0958,0.4652,,,1.1477,1.0417,262.5,,,,1504.0,,,,,,,False,False,False,True,True,False,True,False,7. FAILED_MISSING_TELEMETRY,"Failed Gate 1: Missing Telemetry (PIP=nan, PDP=3266.0)"
GC-31,SA-0316_T,2022-07-01 07:45,Borets,538 Series (Borets WFT-538),B538-1500 OLD,B538-1500,117,7046.0,838.5,838.5,1511.0,,,231.0,150.0,50.0,0.8333,86.9,Mauddud (MA),137779.0,1.0958,0.4692,,,1.1486,1.0369,264.7,,,,1849.0,,,,,,,False,False,False,True,True,False,True,False,7. FAILED_MISSING_TELEMETRY,"Failed Gate 1: Missing Telemetry (PIP=1511.0, PDP=nan)"
GC-31,SA-0316_T,2022-11-12 09:15,Borets,538 Series (Borets WFT-538),B538-1500 OLD,B538-1500,117,7046.0,972.6,972.6,1396.0,3140.0,1744.0,212.0,144.0,50.0,0.8333,82.7,Mauddud (MA),137779.0,1.0958,0.4648,32.07,46.18,1.1389,1.0406,241.3,1892.1,537.1,39.64,1355.0,1818.3,1818.3,463.3,34.19,34.19,OVER_PREDICTION,True,True,True,True,True,True,True,True,1. QUALIFIED_5QC_CLEAN_ACTIVE,Pass: Active completion run meeting all 5 QC physical screening gates
GC-31,SA-0316_T,2023-03-02 10:00,Borets,538 Series (Borets WFT-538),B538-1500 OLD,B538-1500,117,7046.0,1082.6,1082.6,1502.0,3226.0,1724.0,229.0,152.0,50.0,0.8333,86.0,Mauddud (MA),137779.0,1.0958,0.4683,31.47,45.32,1.1479,1.0379,262.9,1917.8,225.8,13.35,1692.0,1847.8,1847.8,155.8,9.21,9.21,OVER_PREDICTION,True,True,True,True,True,True,True,True,1. QUALIFIED_5QC_CLEAN_ACTIVE,Pass: Active completion run meeting all 5 QC physical screening gates
GC-31,SA-0316_T,2023-06-10 05:30,Borets,538 Series (Borets WFT-538),B538-1500 OLD,B538-1500,117,7046.0,1182.4,1182.4,1407.0,3255.0,1848.0,223.0,148.0,50.0,0.8333,84.7,Mauddud (MA),137779.0,1.0958,0.4669,33.83,48.72,1.1398,1.0383,243.5,1811.1,392.1,27.63,1419.0,1744.2,1744.2,325.2,22.92,22.92,OVER_PREDICTION,True,True,True,True,True,True,True,True,1. QUALIFIED_5QC_CLEAN_ACTIVE,Pass: Active completion run meeting all 5 QC physical screening gates
GC-31,SA-0316_T,2023-09-02 08:15,Borets,538 Series (Borets WFT-538),B538-1500 OLD,B538-1500,117,7046.0,1266.5,1266.5,1306.0,3228.0,1922.0,191.0,149.0,50.0,0.8333,86.2,Mauddud (MA),137779.0,1.0958,0.4685,35.06,50.49,1.1314,1.0354,223.2,1749.2,122.2,7.51,1627.0,1689.4,1689.4,62.4,3.84,3.84,OVER_PREDICTION,True,True,True,True,True,True,True,True,1. QUALIFIED_5QC_CLEAN_ACTIVE,Pass: Active completion run meeting all 5 QC physical screening gates
GC-31,SA-0316_T,2023-12-21 08:30,Borets,538 Series (Borets WFT-538),B538-1500 OLD,B538-1500,117,7046.0,1376.5,1376.5,1410.0,3229.0,1819.0,217.0,158.0,50.0,0.8333,87.3,Mauddud (MA),137779.0,1.0958,0.4696,33.1,47.67,1.1401,1.0352,244.1,1845.6,309.6,20.16,1536.0,1782.8,1782.8,246.8,16.07,16.07,OVER_PREDICTION,True,True,True,True,True,True,True,True,1. QUALIFIED_5QC_CLEAN_ACTIVE,Pass: Active completion run meeting all 5 QC physical screening gates
GC-31,SA-0316_T,2024-04-07 15:30,Borets,538 Series (Borets WFT-538),B538-1500 OLD,B538-1500,117,7046.0,1484.8,1484.8,1508.0,3249.0,1741.0,219.0,150.0,50.0,0.8333,88.5,Mauddud (MA),137779.0,1.0958,0.4709,31.6,45.51,1.1484,1.0348,264.1,1912.1,403.1,26.71,1509.0,1847.9,1847.9,338.9,22.46,22.46,OVER_PREDICTION,True,True,True,True,True,True,True,True,1. QUALIFIED_5QC_CLEAN_ACTIVE,Pass: Active completion run meeting all 5 QC physical screening gates
GC-31,SA-0316_T,2024-09-27 08:30,Borets,538 Series (Borets WFT-538),B538-1500 OLD,B538-1500,117,7046.0,1657.5,1657.5,1411.0,3233.0,1822.0,205.0,151.0,50.0,0.8333,87.9,Mauddud (MA),137779.0,1.0958,0.4703,33.11,47.68,1.1401,1.0345,244.3,1845.3,411.3,28.68,1434.0,1783.7,1783.7,349.7,24.39,24.39,OVER_PREDICTION,True,True,True,True,True,True,True,True,1. QUALIFIED_5QC_CLEAN_ACTIVE,Pass: Active completion run meeting all 5 QC physical screening gates
GC-31,SA-0316_T,2025-01-06 09:00,Borets,538 Series (Borets WFT-538),B538-1500 OLD,B538-1500,117,7046.0,1758.6,1758.6,1601.0,3272.0,1671.0,229.0,151.0,49.0,0.8167,83.0,Mauddud (MA),137779.0,1.0958,0.4652,30.7,46.03,1.1564,1.0432,283.3,1858.9,449.9,31.93,1409.0,1781.9,1781.9,372.9,26.47,26.47,OVER_PREDICTION,True,True,True,True,True,True,True,True,1. QUALIFIED_5QC_CLEAN_ACTIVE,Pass: Active completion run meeting all 5 QC physical screening gates
GC-31,SA-0316_T,2025-07-07 09:00,Borets,538 Series (Borets WFT-538),B538-1500 OLD,B538-1500,117,7046.0,1940.6,1940.6,1463.0,3269.0,1806.0,237.0,150.0,49.0,0.8167,80.6,Mauddud (MA),137779.0,1.0958,0.4627,33.36,50.02,1.1445,1.0442,254.9,1730.9,385.9,28.69,1345.0,1657.7,1657.7,312.7,23.25,23.25,OVER_PREDICTION,True,True,True,True,True,True,True,True,1. QUALIFIED_5QC_CLEAN_ACTIVE,Pass: Active completion run meeting all 5 QC physical screening gates
GC-31,SA-0316_T,2025-09-28 08:00,Borets,538 Series (Borets WFT-538),B538-1500 OLD,B538-1500,117,7046.0,2023.5,2023.5,1393.0,3292.0,1899.0,226.0,137.0,49.0,0.8167,85.1,Mauddud (MA),137779.0,1.0958,0.4673,34.73,52.07,1.1386,1.0377,240.7,1656.1,390.1,30.81,1266.0,1596.0,1596.0,330.0,26.07,26.07,OVER_PREDICTION,True,True,True,True,True,True,True,True,1. QUALIFIED_5QC_CLEAN_ACTIVE,Pass: Active completion run meeting all 5 QC physical screening gates
GC-31,SA-0316_T,2026-01-16 18:15,Borets,538 Series (Borets WFT-538),B538-1500 OLD,B538-1500,117,7046.0,2133.9,2133.9,1372.0,3321.0,1949.0,239.0,147.0,49.0,0.8167,86.7,Mauddud (MA),137779.0,1.0958,0.469,35.52,53.25,1.1369,1.0355,236.4,1608.8,392.8,32.3,1216.0,1553.6,1553.6,337.6,27.76,27.76,OVER_PREDICTION,True,True,True,True,True,True,True,True,1. QUALIFIED_5QC_CLEAN_ACTIVE,Pass: Active completion run meeting all 5 QC physical screening gates
GC-31,SA-0330_T,2021-01-16 08:40,REDA (Schlumberger),538/540 Series (REDA S),S4000N,S4000N,56,7850.0,0.0,-1347.4,,,,240.3,91.1,50.0,0.8333,0.0,Lower Burgan (LB),213445.0,1.1483,0.3786,,,1.1477,1.1477,262.5,,,,502.4,,,,,,,False,False,False,True,True,False,False,False,7. FAILED_MISSING_TELEMETRY,"Failed Gate 1: Missing Telemetry (PIP=nan, PDP=nan)"
GC-31,SA-0330_T,2021-04-14 08:15,REDA (Schlumberger),538/540 Series (REDA S),S4000N,S4000N,56,7850.0,0.0,-1259.4,2098.0,,,400.0,144.0,46.0,0.7667,80.0,Lower Burgan (LB),213445.0,1.1483,0.462,,,1.1848,1.053,350.0,,,,2003.0,,,,,,,False,False,False,True,True,False,False,False,7. FAILED_MISSING_TELEMETRY,"Failed Gate 1: Missing Telemetry (PIP=2098.0, PDP=nan)"
GC-31,SA-0330_T,2021-06-01 12:40,REDA (Schlumberger),538/540 Series (REDA S),S4000N,S4000N,56,7850.0,0.0,-1211.2,1896.0,,,274.4,162.0,50.0,0.8333,90.2,Lower Burgan (LB),213445.0,1.1483,0.4727,,,1.183,1.036,345.8,,,,3431.2,,,,,,,False,False,False,True,True,False,False,False,7. FAILED_MISSING_TELEMETRY,"Failed Gate 1: Missing Telemetry (PIP=1896.0, PDP=nan)"
GC-31,SA-0330_T,2021-10-21 08:15,REDA (Schlumberger),538/540 Series (REDA S),S4000N,S4000N,56,7850.0,0.0,-1069.4,2055.0,,,333.0,153.0,45.0,0.75,92.6,Lower Burgan (LB),213445.0,1.1483,0.4752,,,1.1848,1.0322,350.0,,,,2281.0,,,,,,,False,False,False,True,True,False,False,False,7. FAILED_MISSING_TELEMETRY,"Failed Gate 1: Missing Telemetry (PIP=2055.0, PDP=nan)"
GC-31,SA-0330_T,2022-01-20 02:15,REDA (Schlumberger),538/540 Series (REDA S),S4000N,S4000N,56,7850.0,0.0,-978.7,2001.0,,,224.0,125.0,47.0,0.7833,94.2,Lower Burgan (LB),213445.0,1.1483,0.4768,,,1.1848,1.0296,350.0,,,,3126.0,,,,,,,False,False,False,True,True,False,False,False,7. FAILED_MISSING_TELEMETRY,"Failed Gate 1: Missing Telemetry (PIP=2001.0, PDP=nan)"
GC-31,SA-0330_T,2022-04-18 05:30,REDA (Schlumberger),538/540 Series (REDA S),S4000N,S4000N,56,7850.0,0.0,-890.5,1953.0,1952.7,-0.3,207.0,161.6,47.0,0.7833,89.2,Lower Burgan (LB),213445.0,1.1483,0.4716,,,1.1848,1.0378,350.0,,,,2865.0,,,,,,,True,False,False,True,True,False,False,False,3. FAILED_ZERO_NEGATIVE_LIFT,"Failed Gate 2: Negative/Zero Lift (PDP=1952.7 <= PIP=1953.0, dP=-0.3 psi)"
GC-31,SA-0330_T,2022-07-23 08:15,REDA (Schlumberger),538/540 Series (REDA S),S4000N,S4000N,56,7850.0,0.0,-794.4,2002.0,2032.7,30.7,206.0,162.0,47.0,0.7833,88.4,Lower Burgan (LB),213445.0,1.1483,0.4708,1.16,1.89,1.1848,1.0391,350.0,5483.1,2366.1,75.91,3117.0,5276.7,5276.7,2159.7,69.29,69.29,OVER_PREDICTION,True,True,False,True,True,False,False,False,4. FAILED_LOW_LIFT_THRESHOLD,Failed Gate 3: Low Dynamic Lift (Delta P = 30.7 psi < 250 psi threshold)
GC-31,SA-0330_T,2022-10-16 08:15,REDA (Schlumberger),538/540 Series (REDA S),S4000N,S4000N,56,7850.0,0.0,-709.4,2115.0,2106.7,-8.3,233.0,163.0,47.0,0.7833,89.0,Lower Burgan (LB),213445.0,1.1483,0.4714,,,1.1848,1.0381,350.0,,,,3421.0,,,,,,,True,False,False,True,True,False,False,False,3. FAILED_ZERO_NEGATIVE_LIFT,"Failed Gate 2: Negative/Zero Lift (PDP=2106.7 <= PIP=2115.0, dP=-8.3 psi)"
GC-31,SA-0330_T,2023-02-17 08:00,REDA (Schlumberger),538/540 Series (REDA S),S4000N,S4000N,56,7850.0,0.0,-585.4,2159.0,2144.7,-14.3,242.0,162.0,48.0,0.8,90.2,Lower Burgan (LB),213445.0,1.1483,0.4727,,,1.1848,1.0362,350.0,,,,3636.0,,,,,,,True,False,False,True,True,False,False,False,3. FAILED_ZERO_NEGATIVE_LIFT,"Failed Gate 2: Negative/Zero Lift (PDP=2144.7 <= PIP=2159.0, dP=-14.3 psi)"
GC-31,SA-0330_T,2023-02-23 07:30,REDA (Schlumberger),538/540 Series (REDA S),S4000N,S4000N,56,7850.0,0.0,-579.5,2182.0,2169.7,-12.3,236.0,152.0,48.0,0.8,90.2,Lower Burgan (LB),213445.0,1.1483,0.4727,,,1.1848,1.0362,350.0,,,,3502.0,,,,,,,True,False,False,True,True,False,False,False,3. FAILED_ZERO_NEGATIVE_LIFT,"Failed Gate 2: Negative/Zero Lift (PDP=2169.7 <= PIP=2182.0, dP=-12.3 psi)"
GC-31,SA-0330_T,2024-01-18 10:45,REDA (Schlumberger),538/540 Series (REDA S),S4000N,S4000N,56,7850.0,0.0,-250.3,,,,677.0,127.0,50.0,0.8333,49.2,Lower Burgan (LB),213445.0,1.1483,0.4299,,,1.1477,1.0849,262.5,,,,1107.0,,,,,,,False,False,False,True,True,False,False,False,7. FAILED_MISSING_TELEMETRY,"Failed Gate 1: Missing Telemetry (PIP=nan, PDP=nan)"
GC-31,SA-0330_T,2024-06-12 08:45,REDA (Schlumberger),538/540 Series (REDA S),S4000N,S4000N,56,7850.0,0.0,-104.4,3172.0,4218.0,1046.0,292.0,171.0,49.0,0.8167,93.4,Lower Burgan (LB),213445.0,1.1483,0.476,39.24,58.83,1.1848,1.0309,350.0,2037.7,-2264.3,-52.63,4302.0,1976.7,1976.7,-2325.3,-54.05,54.05,UNDER_PREDICTION,True,True,True,True,True,True,False,False,2. QUALIFIED_5QC_HISTORICAL_RUN,Pass 5 QC Gates (Historical Completion Run: Days = -104.4)
GC-31,SA-0330_T,2024-07-15 08:00,REDA (Schlumberger),538/540 Series (REDA S),S4000N,S4000N,56,7850.0,0.0,-71.4,3303.0,4118.0,815.0,245.0,166.0,48.0,0.8,92.9,Lower Burgan (LB),213445.0,1.1483,0.4755,30.61,47.83,1.1848,1.0317,350.0,3210.5,278.5,9.5,2932.0,3111.9,3111.9,179.9,6.14,6.14,OVER_PREDICTION,True,True,True,True,True,True,False,False,2. QUALIFIED_5QC_HISTORICAL_RUN,Pass 5 QC Gates (Historical Completion Run: Days = -71.4)
GC-31,SA-0330_T,2024-11-28 07:45,REDA (Schlumberger),538/540 Series (REDA S),S4000N,S4000N,56,7850.0,64.6,64.6,3178.0,4172.0,994.0,265.0,168.0,50.0,0.8333,94.8,Lower Burgan (LB),213445.0,1.1483,0.4775,37.18,53.54,1.1848,1.0286,350.0,2733.7,-1332.3,-32.77,4066.0,2657.8,2657.8,-1408.2,-34.63,34.63,UNDER_PREDICTION,True,True,True,True,True,True,True,True,1. QUALIFIED_5QC_CLEAN_ACTIVE,Pass: Active completion run meeting all 5 QC physical screening gates
GC-31,SA-0330_T,2025-05-03 07:45,REDA (Schlumberger),538/540 Series (REDA S),S4000N,S4000N,56,7850.0,220.6,220.6,3165.0,4178.0,1013.0,263.0,76.0,50.0,0.8333,93.4,Lower Burgan (LB),213445.0,1.1483,0.476,38.0,54.72,1.1848,1.0309,350.0,2595.5,-789.5,-23.32,3385.0,2517.8,2517.8,-867.2,-25.62,25.62,UNDER_PREDICTION,True,True,True,True,True,True,True,True,1. QUALIFIED_5QC_CLEAN_ACTIVE,Pass: Active completion run meeting all 5 QC physical screening gates
GC-31,SA-0330_T,2025-09-17 08:30,REDA (Schlumberger),538/540 Series (REDA S),S4000N,S4000N,56,7850.0,357.6,357.6,3175.0,4145.0,970.0,277.0,166.0,50.0,0.8333,95.3,Lower Burgan (LB),213445.0,1.1483,0.478,36.24,52.19,1.1848,1.0277,350.0,2886.5,-570.5,-16.5,3457.0,2808.6,2808.6,-648.4,-18.76,18.76,UNDER_PREDICTION,True,True,True,True,True,True,True,True,1. QUALIFIED_5QC_CLEAN_ACTIVE,Pass: Active completion run meeting all 5 QC physical screening gates
GC-31,SA-0330_T,2026-01-04 04:00,REDA (Schlumberger),538/540 Series (REDA S),S4000N,S4000N,56,7850.0,466.4,466.4,3165.0,4147.0,982.0,245.0,168.0,50.0,0.8333,96.5,Lower Burgan (LB),213445.0,1.1483,0.4792,36.59,52.69,1.1848,1.0258,350.0,2829.9,-479.1,-14.48,3309.0,2758.8,2758.8,-550.2,-16.63,16.63,UNDER_PREDICTION,True,True,True,True,True,True,True,True,1. QUALIFIED_5QC_CLEAN_ACTIVE,Pass: Active completion run meeting all 5 QC physical screening gates
GC-31,SA-0330_T,2026-04-26 11:15,REDA (Schlumberger),538/540 Series (REDA S),S4000N,S4000N,56,7850.0,578.7,578.7,3196.0,4140.0,944.0,223.0,179.0,50.0,0.8333,95.4,Lower Burgan (LB),213445.0,1.1483,0.4781,35.26,50.78,1.1848,1.0276,350.0,3040.4,-776.6,-20.35,3817.0,2958.8,2958.8,-858.2,-22.48,22.48,UNDER_PREDICTION,True,True,True,True,True,True,True,True,1. QUALIFIED_5QC_CLEAN_ACTIVE,Pass: Active completion run meeting all 5 QC physical screening gates
GC-31,SA-0331_T,2021-02-16 08:45,Alkhorayef (ACC),538 Series (ACC WE),WE-1500,WE-1500,152,7200.0,0.0,-1793.0,2236.0,,,288.0,130.0,50.0,0.8333,90.0,Mauddud (MA),137779.0,1.0958,0.4654,,,1.1848,1.0365,350.0,,,,875.0,,,,,,,False,False,False,True,True,False,False,False,7. FAILED_MISSING_TELEMETRY,"Failed Gate 1: Missing Telemetry (PIP=2236.0, PDP=nan)"
GC-31,SA-0331_T,2021-04-22 04:30,Alkhorayef (ACC),538 Series (ACC WE),WE-1500,WE-1500,152,7200.0,0.0,-1728.1,2238.0,,,280.0,139.0,50.0,0.8333,90.0,Mauddud (MA),137779.0,1.0958,0.4654,,,1.1848,1.0365,350.0,,,,853.0,,,,,,,False,False,False,True,True,False,False,False,7. FAILED_MISSING_TELEMETRY,"Failed Gate 1: Missing Telemetry (PIP=2238.0, PDP=nan)"
GC-31,SA-0331_T,2021-06-21 07:30,Alkhorayef (ACC),538 Series (ACC WE),WE-1500,WE-1500,152,7200.0,0.0,-1668.0,3145.0,,,120.0,119.0,50.0,0.8333,90.0,Mauddud (MA),137779.0,1.0958,0.4654,,,1.1848,1.0365,350.0,,,,186.0,,,,,,,False,False,False,True,True,False,False,False,7. FAILED_MISSING_TELEMETRY,"Failed Gate 1: Missing Telemetry (PIP=3145.0, PDP=nan)"
GC-31,SA-0331_T,2022-05-31 08:15,Alkhorayef (ACC),538 Series (ACC WE),WE-1500,WE-1500,152,7200.0,0.0,-1324.0,504.0,3412.0,2908.0,123.0,120.0,48.0,0.8,56.0,Mauddud (MA),137779.0,1.0958,0.4326,44.22,69.09,1.0728,1.0432,74.9,596.4,19.4,3.36,577.0,571.7,571.7,-5.3,-0.92,0.92,UNDER_PREDICTION,True,True,True,True,True,True,False,False,2. QUALIFIED_5QC_HISTORICAL_RUN,Pass 5 QC Gates (Historical Completion Run: Days = -1324.0)
GC-31,SA-0331_T,2022-09-25 08:45,Alkhorayef (ACC),538 Series (ACC WE),WE-1500,WE-1500,152,7200.0,0.0,-1207.0,606.0,3379.0,2773.0,201.0,125.0,48.0,0.8,58.8,Mauddud (MA),137779.0,1.0958,0.4353,41.91,65.48,1.0794,1.0445,92.2,835.1,381.1,83.94,454.0,799.5,799.5,345.5,76.1,76.1,OVER_PREDICTION,True,True,True,True,True,True,False,False,2. QUALIFIED_5QC_HISTORICAL_RUN,Pass 5 QC Gates (Historical Completion Run: Days = -1207.0)
GC-31,SA-0331_T,2023-02-09 10:45,Alkhorayef (ACC),538 Series (ACC WE),WE-1500,WE-1500,152,7200.0,0.0,-1069.9,839.0,3676.0,2837.0,278.0,126.0,48.0,0.8,52.1,Mauddud (MA),137779.0,1.0958,0.4289,43.52,68.0,1.0954,1.0561,133.6,670.7,23.7,3.66,647.0,635.0,635.0,-12.0,-1.85,1.85,UNDER_PREDICTION,True,True,True,True,True,True,False,False,2. QUALIFIED_5QC_HISTORICAL_RUN,Pass 5 QC Gates (Historical Completion Run: Days = -1069.9)
GC-31,SA-0331_T,2023-05-30 07:00,Alkhorayef (ACC),538 Series (ACC WE),WE-1500,WE-1500,152,7200.0,0.0,-960.0,908.0,3705.0,2797.0,249.0,124.0,48.0,0.8,59.3,Mauddud (MA),137779.0,1.0958,0.4358,42.22,65.97,1.1005,1.0527,146.3,803.7,-16.3,-1.99,820.0,763.4,763.4,-56.6,-6.9,6.9,UNDER_PREDICTION,True,True,True,True,True,True,False,False,2. QUALIFIED_5QC_HISTORICAL_RUN,Pass 5 QC Gates (Historical Completion Run: Days = -960.0)
GC-31,SA-0331_T,2023-11-07 06:15,Alkhorayef (ACC),538 Series (ACC WE),WE-1500,WE-1500,152,7200.0,0.0,-799.1,1012.0,3742.0,2730.0,239.0,142.0,48.0,0.8,94.0,Mauddud (MA),137779.0,1.0958,0.4692,38.28,59.81,1.1082,1.0253,165.8,1164.3,567.3,95.03,597.0,1135.6,1135.6,538.6,90.22,90.22,OVER_PREDICTION,True,True,True,True,True,True,False,False,2. QUALIFIED_5QC_HISTORICAL_RUN,Pass 5 QC Gates (Historical Completion Run: Days = -799.1)
GC-31,SA-0331_T,2024-03-15 08:15,Alkhorayef (ACC),538 Series (ACC WE),WE-1500,WE-1500,152,7200.0,0.0,-670.0,1090.0,3800.0,2710.0,291.0,133.0,48.0,0.8,94.1,Mauddud (MA),137779.0,1.0958,0.4693,37.99,59.36,1.1142,1.0256,180.8,1188.0,900.0,312.5,288.0,1158.4,1158.4,870.4,302.22,302.22,OVER_PREDICTION,True,True,True,True,True,True,False,False,2. QUALIFIED_5QC_HISTORICAL_RUN,Pass 5 QC Gates (Historical Completion Run: Days = -670.0)
GC-31,SA-0331_T,2024-08-06 08:15,Alkhorayef (ACC),538 Series (ACC WE),WE-1500,WE-1500,152,7200.0,0.0,-526.0,,,,221.0,138.0,48.0,0.8,93.3,Mauddud (MA),137779.0,1.0958,0.4686,,,1.1477,1.0286,262.5,,,,703.0,,,,,,,False,False,False,True,True,False,False,False,7. FAILED_MISSING_TELEMETRY,"Failed Gate 1: Missing Telemetry (PIP=nan, PDP=nan)"
GC-31,SA-0331_T,2025-04-12 08:15,Alkhorayef (ACC),538 Series (ACC WE),WE-1500,WE-1500,152,7200.0,0.0,-277.0,2215.0,3876.0,1661.0,260.0,151.0,50.0,0.8333,98.1,Mauddud (MA),137779.0,1.0958,0.4732,23.09,33.25,1.1848,1.0231,350.0,2308.2,520.2,29.09,1788.0,2256.0,2256.0,468.0,26.17,26.17,OVER_PREDICTION,True,True,True,True,False,False,False,False,6. FAILED_EXCESSIVE_WATER_CUT,Failed Gate 5: Excessive Water Cut (WC = 98.1% > 98.0% threshold)
GC-31,SA-0331_T,2025-09-08 05:15,Alkhorayef (ACC),538 Series (ACC WE),WE-1500,WE-1500,152,7200.0,0.0,-128.1,2181.0,3913.0,1732.0,254.0,116.0,45.0,0.75,100.0,Mauddud (MA),137779.0,1.0958,0.475,23.99,42.65,1.1848,1.02,350.0,1763.6,1270.6,257.73,493.0,1729.0,1729.0,1236.0,250.71,250.71,OVER_PREDICTION,True,True,True,True,False,False,False,False,6. FAILED_EXCESSIVE_WATER_CUT,Failed Gate 5: Excessive Water Cut (WC = 100.0% > 98.0% threshold)
GC-31,SA-0331_T,2026-02-04 04:45,Alkhorayef (ACC),538 Series (ACC WE),WE-1500,WE-1500,152,7200.0,20.9,20.9,789.0,3344.0,2555.0,243.0,135.0,50.0,0.8333,69.0,Mauddud (MA),137779.0,1.0958,0.4451,37.76,54.38,1.0919,1.0423,124.5,1483.7,709.7,91.69,774.0,1423.5,1423.5,649.5,83.91,83.91,OVER_PREDICTION,True,True,True,True,True,True,True,True,1. QUALIFIED_5QC_CLEAN_ACTIVE,Pass: Active completion run meeting all 5 QC physical screening gates
GC-31,SA-0331_T,2026-06-07 08:15,Alkhorayef (ACC),538 Series (ACC WE),WE-1500,WE-1500,152,7200.0,144.0,144.0,728.0,3108.0,2380.0,180.0,136.0,50.0,0.8333,72.4,Mauddud (MA),137779.0,1.0958,0.4484,34.92,50.29,1.0876,1.0387,113.5,1659.1,644.1,63.46,1015.0,1597.3,1597.3,582.3,57.37,57.37,OVER_PREDICTION,True,True,True,True,True,True,True,True,1. QUALIFIED_5QC_CLEAN_ACTIVE,Pass: Active completion run meeting all 5 QC physical screening gates
GC-31,SA-0334_T,2021-01-08 09:00,REDA (Schlumberger),538/540 Series (REDA S),S2000N,S2000N,137,7400.0,0.0,-1862.7,1532.0,,,311.0,148.0,54.0,0.9,59.5,Upper Burgan (UB),199739.0,1.1388,0.4407,,,1.1504,1.0728,269.1,,,,1484.0,,,,,,,False,False,False,True,True,False,False,False,7. FAILED_MISSING_TELEMETRY,"Failed Gate 1: Missing Telemetry (PIP=1532.0, PDP=nan)"
GC-31,SA-0334_T,2021-05-06 07:15,REDA (Schlumberger),538/540 Series (REDA S),S2000N,S2000N,137,7400.0,0.0,-1744.8,1315.0,,,246.0,154.0,54.0,0.9,63.9,Upper Burgan (UB),199739.0,1.1388,0.4452,,,1.1322,1.0605,225.0,,,,1497.0,,,,,,,False,False,False,True,True,False,False,False,7. FAILED_MISSING_TELEMETRY,"Failed Gate 1: Missing Telemetry (PIP=1315.0, PDP=nan)"
GC-31,SA-0334_T,2021-09-06 07:30,REDA (Schlumberger),538/540 Series (REDA S),S2000N,S2000N,137,7400.0,0.0,-1621.8,1325.0,3262.0,1937.0,283.0,153.0,55.0,0.9167,61.7,Upper Burgan (UB),199739.0,1.1388,0.443,31.92,37.98,1.133,1.0633,227.0,2408.6,899.6,59.62,1509.0,2265.3,2265.3,756.3,50.12,50.12,OVER_PREDICTION,True,True,True,True,True,True,False,False,2. QUALIFIED_5QC_HISTORICAL_RUN,Pass 5 QC Gates (Historical Completion Run: Days = -1621.8)
GC-31,SA-0334_T,2021-12-15 09:15,REDA (Schlumberger),538/540 Series (REDA S),S2000N,S2000N,137,7400.0,0.0,-1521.7,,,,268.0,148.0,54.0,0.9,66.3,Upper Burgan (UB),199739.0,1.1388,0.4477,,,1.1477,1.063,262.5,,,,1517.0,,,,,,,False,False,False,True,True,False,False,False,7. FAILED_MISSING_TELEMETRY,"Failed Gate 1: Missing Telemetry (PIP=nan, PDP=nan)"
GC-31,SA-0334_T,2022-04-15 07:00,REDA (Schlumberger),538/540 Series (REDA S),S2000N,S2000N,137,7400.0,0.0,-1400.8,,,,296.0,158.0,54.0,0.9,82.8,Upper Burgan (UB),199739.0,1.1388,0.4649,,,1.1477,1.042,262.5,,,,1256.0,,,,,,,False,False,False,True,True,False,False,False,7. FAILED_MISSING_TELEMETRY,"Failed Gate 1: Missing Telemetry (PIP=nan, PDP=nan)"
GC-31,SA-0334_T,2022-08-19 05:30,REDA (Schlumberger),538/540 Series (REDA S),S2000N,S2000N,137,7400.0,0.0,-1274.8,,,,266.0,156.0,54.0,0.9,82.1,Upper Burgan (UB),199739.0,1.1388,0.4642,,,1.1477,1.0429,262.5,,,,1884.0,,,,,,,False,False,False,True,True,False,False,False,7. FAILED_MISSING_TELEMETRY,"Failed Gate 1: Missing Telemetry (PIP=nan, PDP=nan)"
GC-31,SA-0334_T,2023-01-02 08:30,REDA (Schlumberger),538/540 Series (REDA S),S2000N,S2000N,137,7400.0,0.0,-1138.7,1462.0,3714.0,2252.0,455.0,153.0,54.0,0.9,85.2,Upper Burgan (UB),199739.0,1.1388,0.4674,35.17,43.42,1.1444,1.0384,254.7,2218.1,602.1,37.26,1616.0,2136.0,2136.0,520.0,32.18,32.18,OVER_PREDICTION,True,True,True,True,True,True,False,False,2. QUALIFIED_5QC_HISTORICAL_RUN,Pass 5 QC Gates (Historical Completion Run: Days = -1138.7)
GC-31,SA-0334_T,2023-02-23 08:30,REDA (Schlumberger),538/540 Series (REDA S),S2000N,S2000N,137,7400.0,0.0,-1086.7,1541.0,3650.0,2109.0,464.0,155.0,55.0,0.9167,74.6,Upper Burgan (UB),199739.0,1.1388,0.4564,33.73,40.14,1.1512,1.0533,270.9,2352.1,961.1,69.09,1391.0,2233.0,2233.0,842.0,60.53,60.53,OVER_PREDICTION,True,True,True,True,True,True,False,False,2. QUALIFIED_5QC_HISTORICAL_RUN,Pass 5 QC Gates (Historical Completion Run: Days = -1086.7)
GC-31,SA-0334_T,2023-07-11 05:15,REDA (Schlumberger),538/540 Series (REDA S),S2000N,S2000N,137,7400.0,0.0,-948.9,1555.0,3368.0,1813.0,356.0,153.0,55.0,0.9167,65.2,Upper Burgan (UB),199739.0,1.1388,0.4466,29.63,35.26,1.1524,1.0661,273.8,2475.1,915.1,58.66,1560.0,2321.7,2321.7,761.7,48.83,48.83,OVER_PREDICTION,True,True,True,True,True,True,False,False,2. QUALIFIED_5QC_HISTORICAL_RUN,Pass 5 QC Gates (Historical Completion Run: Days = -948.9)
GC-31,SA-0334_T,2023-11-25 08:00,REDA (Schlumberger),538/540 Series (REDA S),S2000N,S2000N,137,7400.0,0.0,-811.7,1332.0,3388.0,2056.0,235.0,155.0,55.0,0.9167,65.8,Upper Burgan (UB),199739.0,1.1388,0.4472,33.56,39.94,1.1336,1.0588,228.4,2357.5,553.5,30.68,1804.0,2226.5,2226.5,422.5,23.42,23.42,OVER_PREDICTION,True,True,True,True,True,True,False,False,2. QUALIFIED_5QC_HISTORICAL_RUN,Pass 5 QC Gates (Historical Completion Run: Days = -811.7)
GC-31,SA-0334_T,2024-05-22 08:30,REDA (Schlumberger),538/540 Series (REDA S),S2000N,S2000N,137,7400.0,0.0,-632.7,1278.0,2804.0,1526.0,217.0,118.0,55.0,0.9167,25.0,Upper Burgan (UB),199739.0,1.1388,0.4047,27.52,32.75,1.1291,1.1019,217.6,2532.3,2150.3,562.91,382.0,2298.2,2298.2,1916.2,501.62,501.62,OVER_PREDICTION,True,True,True,True,True,True,False,False,2. QUALIFIED_5QC_HISTORICAL_RUN,Pass 5 QC Gates (Historical Completion Run: Days = -632.7)
GC-31,SA-0334_T,2024-09-21 08:30,REDA (Schlumberger),538/540 Series (REDA S),S2000N,S2000N,137,7400.0,0.0,-510.7,1145.0,3227.0,2082.0,178.0,147.0,50.0,0.8333,76.9,Upper Burgan (UB),199739.0,1.1388,0.4588,33.12,47.7,1.1185,1.0428,191.4,1927.5,165.5,9.39,1762.0,1848.5,1848.5,86.5,4.91,4.91,OVER_PREDICTION,True,True,True,True,True,True,False,False,2. QUALIFIED_5QC_HISTORICAL_RUN,Pass 5 QC Gates (Historical Completion Run: Days = -510.7)
GC-31,SA-0334_T,2025-04-29 08:00,REDA (Schlumberger),538/540 Series (REDA S),S2000N,S2000N,137,7400.0,0.0,-290.7,1088.0,3690.0,2602.0,242.0,155.0,50.0,0.8333,87.6,Upper Burgan (UB),199739.0,1.1388,0.47,40.41,58.2,1.114,1.0317,180.4,1461.5,200.5,15.9,1261.0,1416.6,1416.6,155.6,12.34,12.34,OVER_PREDICTION,True,True,True,True,True,True,False,False,2. QUALIFIED_5QC_HISTORICAL_RUN,Pass 5 QC Gates (Historical Completion Run: Days = -290.7)
GC-31,SA-0334_T,2025-09-16 17:30,REDA (Schlumberger),538/540 Series (REDA S),S2000N,S2000N,137,7400.0,0.0,-150.3,1074.0,3573.0,2499.0,213.0,144.0,50.0,0.8333,80.9,Upper Burgan (UB),199739.0,1.1388,0.463,39.4,56.74,1.113,1.0378,177.7,1550.5,270.5,21.13,1280.0,1494.1,1494.1,214.1,16.73,16.73,OVER_PREDICTION,True,True,True,True,True,True,False,False,2. QUALIFIED_5QC_HISTORICAL_RUN,Pass 5 QC Gates (Historical Completion Run: Days = -150.3)
GC-31,SA-0334_T,2026-03-06 16:30,REDA (Schlumberger),538/540 Series (REDA S),S2000N,S2000N,137,7400.0,20.6,20.6,1053.0,3656.0,2603.0,205.0,146.0,50.0,0.8333,85.0,Upper Burgan (UB),199739.0,1.1388,0.4672,40.66,58.56,1.1114,1.0337,173.7,1437.1,349.1,32.09,1088.0,1390.2,1390.2,302.2,27.78,27.78,OVER_PREDICTION,True,True,True,True,True,True,True,True,1. QUALIFIED_5QC_CLEAN_ACTIVE,Pass: Active completion run meeting all 5 QC physical screening gates
GC-31,SA-0335_T,2021-01-17 08:30,REDA (Schlumberger),538/540 Series (REDA S),S4000N,S4000N,112,6600.0,0.0,-1963.6,1767.0,,,246.0,147.0,50.0,0.8333,80.8,Mauddud (MA),137779.0,1.0958,0.4629,,,1.1712,1.049,318.2,,,,2120.0,,,,,,,False,False,False,True,True,False,False,False,7. FAILED_MISSING_TELEMETRY,"Failed Gate 1: Missing Telemetry (PIP=1767.0, PDP=nan)"
GC-31,SA-0335_T,2021-06-11 08:15,REDA (Schlumberger),538/540 Series (REDA S),S4000N,S4000N,112,6600.0,0.0,-1818.7,1691.0,,,225.2,157.6,54.0,0.9,80.5,Mauddud (MA),137779.0,1.0958,0.4626,,,1.1644,1.0482,302.2,,,,2669.2,,,,,,,False,False,False,True,True,False,False,False,7. FAILED_MISSING_TELEMETRY,"Failed Gate 1: Missing Telemetry (PIP=1691.0, PDP=nan)"
GC-31,SA-0335_T,2022-08-26 07:15,REDA (Schlumberger),538/540 Series (REDA S),S4000N,S4000N,112,6600.0,0.0,-1377.7,1670.0,3208.7,1538.7,278.0,154.0,52.0,0.8667,85.5,Mauddud (MA),137779.0,1.0958,0.4678,29.37,39.1,1.1625,1.0407,297.8,4270.9,853.9,24.99,3417.0,4104.0,4104.0,687.0,20.11,20.11,OVER_PREDICTION,True,True,True,True,True,True,False,False,2. QUALIFIED_5QC_HISTORICAL_RUN,Pass 5 QC Gates (Historical Completion Run: Days = -1377.7)
GC-31,SA-0335_T,2022-12-24 08:15,REDA (Schlumberger),538/540 Series (REDA S),S4000N,S4000N,112,6600.0,0.0,-1257.7,1749.0,3205.7,1456.7,294.0,155.0,47.0,0.7833,91.2,Mauddud (MA),137779.0,1.0958,0.4737,27.46,44.76,1.1696,1.0332,314.4,3415.9,525.9,18.2,2890.0,3306.3,3306.3,416.3,14.4,14.4,OVER_PREDICTION,True,True,True,True,True,True,False,False,2. QUALIFIED_5QC_HISTORICAL_RUN,Pass 5 QC Gates (Historical Completion Run: Days = -1257.7)
GC-31,SA-0335_T,2023-05-07 16:30,REDA (Schlumberger),538/540 Series (REDA S),S4000N,S4000N,112,6600.0,0.0,-1123.3,1622.0,3236.7,1614.7,263.0,159.0,55.0,0.9167,93.7,Mauddud (MA),137779.0,1.0958,0.4763,30.27,36.02,1.1583,1.0287,287.7,4766.8,1162.8,32.26,3604.0,4633.8,4633.8,1029.8,28.57,28.57,OVER_PREDICTION,True,True,True,True,True,True,False,False,2. QUALIFIED_5QC_HISTORICAL_RUN,Pass 5 QC Gates (Historical Completion Run: Days = -1123.3)
GC-31,SA-0335_T,2023-08-12 07:30,REDA (Schlumberger),538/540 Series (REDA S),S4000N,S4000N,112,6600.0,0.0,-1026.7,1478.0,3300.0,1822.0,313.0,308.0,55.0,0.9167,90.0,Mauddud (MA),137779.0,1.0958,0.4725,34.43,40.97,1.1458,1.0326,258.0,4355.2,1288.2,42.0,3067.0,4217.8,4217.8,1150.8,37.52,37.52,OVER_PREDICTION,True,True,True,True,True,True,False,False,2. QUALIFIED_5QC_HISTORICAL_RUN,Pass 5 QC Gates (Historical Completion Run: Days = -1026.7)
GC-31,SA-0335_T,2024-04-20 08:30,REDA (Schlumberger),538/540 Series (REDA S),S4000N,S4000N,112,6600.0,0.0,-774.6,1552.0,3167.0,1615.0,224.0,151.0,50.0,0.8333,89.3,Mauddud (MA),137779.0,1.0958,0.4717,30.57,44.02,1.1522,1.0341,273.2,3700.4,1140.4,44.55,2560.0,3578.2,3578.2,1018.2,39.77,39.77,OVER_PREDICTION,True,True,True,True,True,True,False,False,2. QUALIFIED_5QC_HISTORICAL_RUN,Pass 5 QC Gates (Historical Completion Run: Days = -774.6)
GC-31,SA-0335_T,2024-12-01 09:00,REDA (Schlumberger),538/540 Series (REDA S),S4000N,S4000N,112,6600.0,0.0,-549.6,1863.0,,,445.0,129.0,60.0,1.0,79.8,Mauddud (MA),137779.0,1.0958,0.4618,,,1.1799,1.0523,338.7,,,,1767.0,,,,,,,False,False,False,True,True,False,False,False,7. FAILED_MISSING_TELEMETRY,"Failed Gate 1: Missing Telemetry (PIP=1863.0, PDP=nan)"
GC-31,SA-0335_T,2025-03-21 07:15,REDA (Schlumberger),538/540 Series (REDA S),S4000N,S4000N,112,6600.0,0.0,-439.7,1619.0,,,389.0,151.0,50.0,0.8333,87.8,Mauddud (MA),137779.0,1.0958,0.4702,,,1.158,1.0368,287.1,,,,2189.0,,,,,,,False,False,False,True,True,False,False,False,7. FAILED_MISSING_TELEMETRY,"Failed Gate 1: Missing Telemetry (PIP=1619.0, PDP=nan)"
GC-31,SA-0335_T,2025-07-22 08:45,REDA (Schlumberger),538/540 Series (REDA S),S4000N,S4000N,112,6600.0,0.0,-316.6,,,,307.0,148.0,50.0,0.8333,84.3,Mauddud (MA),137779.0,1.0958,0.4665,,,1.1477,1.04,262.5,,,,2039.0,,,,,,,False,False,False,True,True,False,False,False,7. FAILED_MISSING_TELEMETRY,"Failed Gate 1: Missing Telemetry (PIP=nan, PDP=nan)"
GC-31,SA-0335_T,2025-10-13 20:30,REDA (Schlumberger),538/540 Series (REDA S),S4000N,S4000N,112,6600.0,0.0,-233.1,,,,337.0,150.0,50.0,0.8333,90.4,Mauddud (MA),137779.0,1.0958,0.4729,,,1.1477,1.0323,262.5,,,,2122.0,,,,,,,False,False,False,True,True,False,False,False,7. FAILED_MISSING_TELEMETRY,"Failed Gate 1: Missing Telemetry (PIP=nan, PDP=nan)"
GC-31,SA-0335_T,2026-06-07 05:15,REDA (Schlumberger),538/540 Series (REDA S),S4000N,S4000N,112,6600.0,3.2,3.2,712.0,2782.0,2070.0,147.0,130.0,48.0,0.8,79.8,Mauddud (MA),137779.0,1.0958,0.4618,40.02,62.53,1.0865,1.0334,110.7,1496.9,413.9,38.22,1083.0,1448.5,1448.5,365.5,33.75,33.75,OVER_PREDICTION,True,True,True,True,True,True,True,True,1. QUALIFIED_5QC_CLEAN_ACTIVE,Pass: Active completion run meeting all 5 QC physical screening gates
GC-31,SA-0335_T,2026-06-27 13:45,REDA (Schlumberger),538/540 Series (REDA S),S4000N,S4000N,112,6600.0,23.6,23.6,1138.0,2754.0,1616.0,219.0,128.0,54.0,0.9,58.8,Mauddud (MA),137779.0,1.0958,0.4399,32.8,40.49,1.1179,1.0604,190.1,4317.4,3678.4,575.65,639.0,4071.7,4071.7,3432.7,537.2,537.2,OVER_PREDICTION,True,True,True,True,True,True,True,True,1. QUALIFIED_5QC_CLEAN_ACTIVE,Pass: Active completion run meeting all 5 QC physical screening gates
GC-31,SA-0359_T,2021-02-10 08:15,Borets,400 Series (Borets WFT-400),B400-1050,B400-1050,306,7900.0,0.0,-1212.5,845.0,,,225.4,131.7,45.0,0.75,47.0,Lower Burgan (LB),213445.0,1.1483,0.4276,,,1.0959,1.0602,134.7,,,,873.4,,,,,,,False,False,False,True,True,False,False,False,7. FAILED_MISSING_TELEMETRY,"Failed Gate 1: Missing Telemetry (PIP=845.0, PDP=nan)"
GC-31,SA-0359_T,2021-07-19 06:45,Borets,400 Series (Borets WFT-400),B400-1050,B400-1050,306,7900.0,0.0,-1053.6,788.0,,,177.0,132.0,45.0,0.75,53.8,Lower Burgan (LB),213445.0,1.1483,0.4347,,,1.0918,1.0532,124.3,,,,733.0,,,,,,,False,False,False,True,True,False,False,False,7. FAILED_MISSING_TELEMETRY,"Failed Gate 1: Missing Telemetry (PIP=788.0, PDP=nan)"
GC-31,SA-0359_T,2021-10-26 08:30,Borets,400 Series (Borets WFT-400),B400-1050,B400-1050,306,7900.0,0.0,-954.5,,,,212.0,133.0,45.0,0.75,51.5,Lower Burgan (LB),213445.0,1.1483,0.4323,,,1.1477,1.0819,262.5,,,,816.0,,,,,,,False,False,False,True,True,False,False,False,7. FAILED_MISSING_TELEMETRY,"Failed Gate 1: Missing Telemetry (PIP=nan, PDP=nan)"
GC-31,SA-0359_T,2022-02-25 08:15,Borets,400 Series (Borets WFT-400),B400-1050,B400-1050,306,7900.0,0.0,-832.5,,,,183.0,120.0,45.0,0.75,53.0,Lower Burgan (LB),213445.0,1.1483,0.4339,,,1.1477,1.08,262.5,,,,796.0,,,,,,,False,False,False,True,True,False,False,False,7. FAILED_MISSING_TELEMETRY,"Failed Gate 1: Missing Telemetry (PIP=nan, PDP=nan)"
GC-31,SA-0359_T,2022-06-24 09:00,Borets,400 Series (Borets WFT-400),B400-1050,B400-1050,306,7900.0,0.0,-713.5,,3381.0,,162.0,131.0,45.0,0.75,54.3,Lower Burgan (LB),213445.0,1.1483,0.4352,,,1.1477,1.0784,262.5,,,,994.0,,,,,,,False,False,False,True,True,False,False,False,7. FAILED_MISSING_TELEMETRY,"Failed Gate 1: Missing Telemetry (PIP=nan, PDP=3381.0)"
GC-31,SA-0359_T,2022-10-24 08:00,Borets,400 Series (Borets WFT-400),B400-1050,B400-1050,306,7900.0,0.0,-591.5,,,,303.3,126.9,45.0,0.75,40.2,Lower Burgan (LB),213445.0,1.1483,0.4205,,,1.1477,1.0964,262.5,,,,794.0,,,,,,,False,False,False,True,True,False,False,False,7. FAILED_MISSING_TELEMETRY,"Failed Gate 1: Missing Telemetry (PIP=nan, PDP=nan)"
GC-31,SA-0359_T,2023-02-20 20:15,Borets,400 Series (Borets WFT-400),B400-1050,B400-1050,306,7900.0,0.0,-472.0,865.0,187.0,-678.0,244.0,129.0,60.0,1.0,39.5,Lower Burgan (LB),213445.0,1.1483,0.4198,,,1.0973,1.0668,138.3,,,,808.0,,,,,,,True,False,False,True,True,False,False,False,3. FAILED_ZERO_NEGATIVE_LIFT,"Failed Gate 2: Negative/Zero Lift (PDP=187.0 <= PIP=865.0, dP=-678.0 psi)"
GC-31,SA-0359_T,2023-06-17 07:45,Borets,400 Series (Borets WFT-400),B400-1050,B400-1050,306,7900.0,0.0,-355.5,724.0,3787.0,3063.0,230.0,134.0,48.0,0.8,70.4,Lower Burgan (LB),213445.0,1.1483,0.452,22.14,34.59,1.0873,1.0399,112.8,0.0,-862.0,-100.0,862.0,0.0,0.0,-862.0,-100.0,100.0,UNDER_PREDICTION,True,True,True,True,True,True,False,False,2. QUALIFIED_5QC_HISTORICAL_RUN,Pass 5 QC Gates (Historical Completion Run: Days = -355.5)
GC-31,SA-0359_T,2023-09-23 07:30,Borets,400 Series (Borets WFT-400),B400-1050,B400-1050,306,7900.0,0.0,-257.5,822.0,3699.0,2877.0,224.0,141.0,45.0,0.75,57.2,Lower Burgan (LB),213445.0,1.1483,0.4383,21.45,38.13,1.0942,1.0518,130.5,0.0,-747.0,-100.0,747.0,0.0,0.0,-747.0,-100.0,100.0,UNDER_PREDICTION,True,True,True,True,True,True,False,False,2. QUALIFIED_5QC_HISTORICAL_RUN,Pass 5 QC Gates (Historical Completion Run: Days = -257.5)
GC-31,SA-0359_T,2023-12-18 08:30,Borets,400 Series (Borets WFT-400),B400-1050,B400-1050,306,7900.0,0.0,-171.5,894.0,3771.0,2877.0,248.0,147.0,45.0,0.75,59.5,Lower Burgan (LB),213445.0,1.1483,0.4407,21.34,37.94,1.0994,1.0522,143.7,0.0,-754.0,-100.0,754.0,0.0,0.0,-754.0,-100.0,100.0,UNDER_PREDICTION,True,True,True,True,True,True,False,False,2. QUALIFIED_5QC_HISTORICAL_RUN,Pass 5 QC Gates (Historical Completion Run: Days = -171.5)
GC-31,SA-0359_T,2024-04-02 07:00,Borets,400 Series (Borets WFT-400),B400-1050,B400-1050,306,7900.0,0.0,-65.5,936.0,3783.0,2847.0,234.0,125.0,45.0,0.75,64.2,Lower Burgan (LB),213445.0,1.1483,0.4456,20.88,37.12,1.1025,1.0495,151.5,0.0,-754.0,-100.0,754.0,0.0,0.0,-754.0,-100.0,100.0,UNDER_PREDICTION,True,True,True,True,True,True,False,False,2. QUALIFIED_5QC_HISTORICAL_RUN,Pass 5 QC Gates (Historical Completion Run: Days = -65.5)
GC-31,SA-0359_T,2024-07-08 06:45,Borets,400 Series (Borets WFT-400),B400-1050,B400-1050,306,7900.0,31.4,31.4,1022.0,3825.0,2803.0,225.0,129.0,50.0,0.8333,73.7,Lower Burgan (LB),213445.0,1.1483,0.4555,20.11,28.96,1.109,1.0434,167.7,871.7,51.7,6.3,820.0,835.4,835.4,15.4,1.88,1.88,OVER_PREDICTION,True,True,True,True,True,True,True,True,1. QUALIFIED_5QC_CLEAN_ACTIVE,Pass: Active completion run meeting all 5 QC physical screening gates
GC-31,SA-0359_T,2024-11-27 08:30,Borets,400 Series (Borets WFT-400),B400-1050,B400-1050,306,7900.0,173.5,173.5,1364.0,3651.0,2287.0,257.0,128.0,52.0,0.8667,72.3,Lower Burgan (LB),213445.0,1.1483,0.454,16.46,21.91,1.1362,1.0522,234.8,1275.5,161.5,14.5,1114.0,1212.2,1212.2,98.2,8.82,8.82,OVER_PREDICTION,True,True,True,True,True,True,True,True,1. QUALIFIED_5QC_CLEAN_ACTIVE,Pass: Active completion run meeting all 5 QC physical screening gates
GC-31,SA-0359_T,2025-04-12 07:00,Borets,400 Series (Borets WFT-400),B400-1050,B400-1050,306,7900.0,309.5,309.5,988.0,3855.0,2867.0,253.0,142.0,52.0,0.8667,73.0,Lower Burgan (LB),213445.0,1.1483,0.4547,20.6,27.42,1.1064,1.0433,161.3,1037.9,288.9,38.57,749.0,994.8,994.8,245.8,32.82,32.82,OVER_PREDICTION,True,True,True,True,True,True,True,True,1. QUALIFIED_5QC_CLEAN_ACTIVE,Pass: Active completion run meeting all 5 QC physical screening gates
GC-31,SA-0359_T,2025-08-18 07:15,Borets,400 Series (Borets WFT-400),B400-1050,B400-1050,306,7900.0,437.5,437.5,930.0,3810.0,2880.0,234.0,142.0,52.0,0.8667,73.7,Lower Burgan (LB),213445.0,1.1483,0.4555,20.66,27.5,1.1021,1.0416,150.4,1032.4,196.4,23.49,836.0,991.2,991.2,155.2,18.56,18.56,OVER_PREDICTION,True,True,True,True,True,True,True,True,1. QUALIFIED_5QC_CLEAN_ACTIVE,Pass: Active completion run meeting all 5 QC physical screening gates
GC-31,SA-0359_T,2025-11-12 14:15,Borets,400 Series (Borets WFT-400),B400-1050,B400-1050,306,7900.0,523.8,523.8,901.0,3808.0,2907.0,217.0,142.0,54.0,0.9,62.8,Lower Burgan (LB),213445.0,1.1483,0.4441,21.39,26.41,1.0999,1.0497,145.0,1139.6,104.6,10.11,1035.0,1085.6,1085.6,50.6,4.89,4.89,OVER_PREDICTION,True,True,True,True,True,True,True,True,1. QUALIFIED_5QC_CLEAN_ACTIVE,Pass: Active completion run meeting all 5 QC physical screening gates
GC-31,SA-0359_T,2026-03-15 20:45,Borets,400 Series (Borets WFT-400),B400-1050,B400-1050,306,7900.0,647.0,647.0,1019.0,3933.0,2914.0,277.0,133.0,52.0,0.8667,77.6,Lower Burgan (LB),213445.0,1.1483,0.4595,20.72,27.58,1.1088,1.0399,167.2,1026.8,244.8,31.3,782.0,987.4,987.4,205.4,26.27,26.27,OVER_PREDICTION,True,True,True,True,True,True,True,True,1. QUALIFIED_5QC_CLEAN_ACTIVE,Pass: Active completion run meeting all 5 QC physical screening gates
GC-31,SA-0361_T,2021-10-08 03:15,REDA (Schlumberger),538/540 Series (REDA S),S2000N,S2000N,152,7350.0,0.0,-1494.1,794.0,,,130.0,125.0,50.0,0.8333,71.1,Upper Burgan (UB),199739.0,1.1388,0.4528,,,1.0922,1.0409,125.4,,,,398.0,,,,,,,False,False,False,True,True,False,False,False,7. FAILED_MISSING_TELEMETRY,"Failed Gate 1: Missing Telemetry (PIP=794.0, PDP=nan)"
GC-31,SA-0361_T,2021-10-27 08:30,REDA (Schlumberger),538/540 Series (REDA S),S2000N,S2000N,152,7350.0,0.0,-1474.9,710.0,,,120.0,97.0,50.0,0.8333,55.9,Upper Burgan (UB),199739.0,1.1388,0.4369,,,1.0864,1.0493,110.3,,,,315.0,,,,,,,False,False,False,True,True,False,False,False,7. FAILED_MISSING_TELEMETRY,"Failed Gate 1: Missing Telemetry (PIP=710.0, PDP=nan)"
GC-31,SA-0361_T,2022-02-25 08:30,REDA (Schlumberger),538/540 Series (REDA S),S2000N,S2000N,152,7350.0,0.0,-1353.9,,,,167.0,98.0,50.0,0.8333,46.6,Upper Burgan (UB),199739.0,1.1388,0.4272,,,1.1477,1.0882,262.5,,,,283.0,,,,,,,False,False,False,True,True,False,False,False,7. FAILED_MISSING_TELEMETRY,"Failed Gate 1: Missing Telemetry (PIP=nan, PDP=nan)"
GC-31,SA-0361_T,2022-06-04 08:45,REDA (Schlumberger),538/540 Series (REDA S),S2000N,S2000N,152,7350.0,0.0,-1254.9,515.0,3270.0,2755.0,157.0,107.0,53.0,0.8833,52.8,Upper Burgan (UB),199739.0,1.1388,0.4337,41.79,53.56,1.0735,1.0453,76.8,1811.2,1525.2,533.29,286.0,1732.8,1732.8,1446.8,505.87,505.87,OVER_PREDICTION,True,True,True,True,True,True,False,False,2. QUALIFIED_5QC_HISTORICAL_RUN,Pass 5 QC Gates (Historical Completion Run: Days = -1254.9)
GC-31,SA-0361_T,2022-10-07 15:15,REDA (Schlumberger),538/540 Series (REDA S),S2000N,S2000N,152,7350.0,0.0,-1129.6,627.0,3288.0,2661.0,161.0,109.0,55.0,0.9167,58.5,Upper Burgan (UB),199739.0,1.1388,0.4396,39.82,47.39,1.0808,1.0452,95.8,2131.3,1813.3,570.22,318.0,2039.1,2039.1,1721.1,541.23,541.23,OVER_PREDICTION,True,True,True,True,True,True,False,False,2. QUALIFIED_5QC_HISTORICAL_RUN,Pass 5 QC Gates (Historical Completion Run: Days = -1129.6)
GC-31,SA-0361_T,2023-02-23 08:15,REDA (Schlumberger),538/540 Series (REDA S),S2000N,S2000N,152,7350.0,0.0,-990.9,466.0,3278.0,2812.0,210.0,90.0,55.0,0.9167,40.8,Upper Burgan (UB),199739.0,1.1388,0.4212,43.93,52.28,1.0704,1.0499,68.7,1939.3,1544.3,390.96,395.0,1847.2,1847.2,1452.2,367.65,367.65,OVER_PREDICTION,True,True,True,True,True,True,False,False,2. QUALIFIED_5QC_HISTORICAL_RUN,Pass 5 QC Gates (Historical Completion Run: Days = -990.9)
GC-31,SA-0361_T,2023-06-17 07:45,REDA (Schlumberger),538/540 Series (REDA S),S2000N,S2000N,152,7350.0,0.0,-876.9,512.0,3120.0,2608.0,170.0,110.0,55.0,0.9167,38.5,Upper Burgan (UB),199739.0,1.1388,0.4188,40.97,48.75,1.0733,1.0528,76.3,2082.4,1782.4,594.13,300.0,1978.0,1978.0,1678.0,559.33,559.33,OVER_PREDICTION,True,True,True,True,True,True,False,False,2. QUALIFIED_5QC_HISTORICAL_RUN,Pass 5 QC Gates (Historical Completion Run: Days = -876.9)
GC-31,SA-0361_T,2023-12-24 22:15,REDA (Schlumberger),538/540 Series (REDA S),S2000N,S2000N,152,7350.0,0.0,-686.3,1431.0,3218.0,1787.0,209.0,116.0,50.0,0.8333,79.7,Upper Burgan (UB),199739.0,1.1388,0.4617,25.46,36.67,1.1418,1.0447,248.4,2219.1,640.1,40.54,1579.0,2124.1,2124.1,545.1,34.52,34.52,OVER_PREDICTION,True,True,True,True,True,True,False,False,2. QUALIFIED_5QC_HISTORICAL_RUN,Pass 5 QC Gates (Historical Completion Run: Days = -686.3)
GC-31,SA-0361_T,2024-01-14 09:30,REDA (Schlumberger),538/540 Series (REDA S),S2000N,S2000N,152,7350.0,0.0,-665.9,1008.0,3326.0,2318.0,220.0,141.0,50.0,0.8333,65.3,Upper Burgan (UB),199739.0,1.1388,0.4467,34.14,49.17,1.1079,1.0505,165.1,1878.7,562.7,42.76,1316.0,1788.4,1788.4,472.4,35.9,35.9,OVER_PREDICTION,True,True,True,True,True,True,False,False,2. QUALIFIED_5QC_HISTORICAL_RUN,Pass 5 QC Gates (Historical Completion Run: Days = -665.9)
GC-31,SA-0361_T,2024-05-05 08:00,REDA (Schlumberger),538/540 Series (REDA S),S2000N,S2000N,152,7350.0,0.0,-553.9,1378.0,3418.0,2040.0,208.1,150.3,50.0,0.8333,89.9,Upper Burgan (UB),199739.0,1.1388,0.4723,28.41,40.91,1.1374,1.0319,237.6,2119.1,563.1,36.19,1556.0,2053.7,2053.7,497.7,31.99,31.99,OVER_PREDICTION,True,True,True,True,True,True,False,False,2. QUALIFIED_5QC_HISTORICAL_RUN,Pass 5 QC Gates (Historical Completion Run: Days = -553.9)
GC-31,SA-0361_T,2024-09-10 08:45,REDA (Schlumberger),538/540 Series (REDA S),S2000N,S2000N,152,7350.0,0.0,-425.9,1402.0,3612.0,2210.0,245.0,153.0,50.0,0.8333,89.6,Upper Burgan (UB),199739.0,1.1388,0.472,30.8,44.36,1.1394,1.0324,242.5,2027.7,400.7,24.63,1627.0,1964.0,1964.0,337.0,20.71,20.71,OVER_PREDICTION,True,True,True,True,True,True,False,False,2. QUALIFIED_5QC_HISTORICAL_RUN,Pass 5 QC Gates (Historical Completion Run: Days = -425.9)
GC-31,SA-0361_T,2025-05-05 07:45,REDA (Schlumberger),538/540 Series (REDA S),S2000N,S2000N,152,7350.0,0.0,-188.9,1497.0,3660.0,2163.0,318.0,151.0,50.0,0.8333,90.5,Upper Burgan (UB),199739.0,1.1388,0.473,30.09,43.33,1.1474,1.0321,261.9,2056.1,454.1,28.35,1602.0,1992.1,1992.1,390.1,24.35,24.35,OVER_PREDICTION,True,True,True,True,True,True,False,False,2. QUALIFIED_5QC_HISTORICAL_RUN,Pass 5 QC Gates (Historical Completion Run: Days = -188.9)
GC-31,SA-0361_T,2025-11-29 08:00,REDA (Schlumberger),538/540 Series (REDA S),S2000N,S2000N,152,7350.0,19.1,19.1,1468.0,3740.0,2272.0,407.0,149.0,49.0,0.8167,93.0,Upper Burgan (UB),199739.0,1.1388,0.4756,31.43,47.12,1.145,1.0287,255.9,1907.1,113.1,6.3,1794.0,1853.8,1853.8,59.8,3.33,3.33,OVER_PREDICTION,True,True,True,True,True,True,True,True,1. QUALIFIED_5QC_CLEAN_ACTIVE,Pass: Active completion run meeting all 5 QC physical screening gates
GC-31,SA-0361_T,2026-03-17 08:00,REDA (Schlumberger),538/540 Series (REDA S),S2000N,S2000N,152,7350.0,127.1,127.1,1390.0,3744.0,2354.0,340.0,151.0,49.0,0.8167,95.7,Upper Burgan (UB),199739.0,1.1388,0.4784,32.37,48.53,1.1384,1.0251,240.1,1862.4,297.4,19.0,1565.0,1816.8,1816.8,251.8,16.09,16.09,OVER_PREDICTION,True,True,True,True,True,True,True,True,1. QUALIFIED_5QC_CLEAN_ACTIVE,Pass: Active completion run meeting all 5 QC physical screening gates
GC-31,SA-0383_T,2021-02-14 08:15,Alkhorayef (ACC),538 Series (ACC WG),WG-4000c,WG-4000,177,7200.0,0.0,-672.2,2487.0,,,402.0,147.0,41.0,0.6833,60.0,Mauddud (MA),137779.0,1.0958,0.4412,,,1.1848,1.0859,350.0,,,,1507.0,,,,,,,False,False,False,True,True,False,False,False,7. FAILED_MISSING_TELEMETRY,"Failed Gate 1: Missing Telemetry (PIP=2487.0, PDP=nan)"
GC-31,SA-0383_T,2021-07-27 09:30,Alkhorayef (ACC),538 Series (ACC WG),WG-4000c,WG-4000,177,7200.0,0.0,-509.2,2007.0,,,357.0,144.0,50.0,0.8333,53.0,Mauddud (MA),137779.0,1.0958,0.4339,,,1.1848,1.0975,350.0,,,,1365.0,,,,,,,False,False,False,True,True,False,False,False,7. FAILED_MISSING_TELEMETRY,"Failed Gate 1: Missing Telemetry (PIP=2007.0, PDP=nan)"
GC-31,SA-0383_T,2021-11-02 09:30,Alkhorayef (ACC),538 Series (ACC WG),WG-4000c,WG-4000,177,7200.0,0.0,-411.2,2106.0,,,376.0,146.0,41.0,0.6833,60.6,Mauddud (MA),137779.0,1.0958,0.4418,,,1.1848,1.0849,350.0,,,,1300.0,,,,,,,False,False,False,True,True,False,False,False,7. FAILED_MISSING_TELEMETRY,"Failed Gate 1: Missing Telemetry (PIP=2106.0, PDP=nan)"
GC-31,SA-0383_T,2022-03-04 09:00,Alkhorayef (ACC),538 Series (ACC WG),WG-4000c,WG-4000,177,7200.0,0.0,-289.2,2527.0,,,384.4,140.3,40.0,0.6667,70.7,Mauddud (MA),137779.0,1.0958,0.4523,,,1.1848,1.0683,350.0,,,,1400.5,,,,,,,False,False,False,True,True,False,False,False,7. FAILED_MISSING_TELEMETRY,"Failed Gate 1: Missing Telemetry (PIP=2527.0, PDP=nan)"
GC-31,SA-0383_T,2022-06-22 11:30,Alkhorayef (ACC),538 Series (ACC WG),WG-4000c,WG-4000,177,7200.0,0.0,-179.1,2811.0,3361.7,550.7,178.0,125.0,42.0,0.7,90.8,Mauddud (MA),137779.0,1.0958,0.4733,6.57,13.41,1.1848,1.0352,350.0,4515.0,4102.0,993.22,413.0,4361.6,4361.6,3948.6,956.08,956.08,OVER_PREDICTION,True,True,True,True,True,True,False,False,2. QUALIFIED_5QC_HISTORICAL_RUN,Pass 5 QC Gates (Historical Completion Run: Days = -179.1)
GC-31,SA-0383_T,2022-12-05 19:45,Alkhorayef (ACC),538 Series (ACC WG),WG-4000c,WG-4000,177,7200.0,0.0,-12.7,1779.0,3718.7,1939.7,338.0,160.0,55.0,0.9167,96.2,Mauddud (MA),137779.0,1.0958,0.4789,22.88,27.23,1.1723,1.0258,320.8,4907.9,413.9,9.21,4494.0,4784.5,4784.5,290.5,6.46,6.46,OVER_PREDICTION,True,True,True,True,True,True,False,False,2. QUALIFIED_5QC_HISTORICAL_RUN,Pass 5 QC Gates (Historical Completion Run: Days = -12.7)
GC-31,SA-0383_T,2023-01-18 08:45,Alkhorayef (ACC),538 Series (ACC WG),WG-4000c,WG-4000,177,7200.0,30.8,30.8,1151.0,3016.7,1865.7,256.0,151.0,50.0,0.8333,35.2,Mauddud (MA),137779.0,1.0958,0.4153,25.38,36.55,1.119,1.0841,192.6,3587.8,939.8,35.49,2648.0,3309.4,3309.4,661.4,24.98,24.98,OVER_PREDICTION,True,True,True,True,True,True,True,True,1. QUALIFIED_5QC_CLEAN_ACTIVE,Pass: Active completion run meeting all 5 QC physical screening gates
GC-31,SA-0383_T,2023-02-23 08:30,Alkhorayef (ACC),538 Series (ACC WG),WG-4000c,WG-4000,177,7200.0,66.8,66.8,1000.0,3000.7,2000.7,239.0,150.0,51.0,0.85,37.8,Mauddud (MA),137779.0,1.0958,0.418,27.04,37.43,1.1073,1.0743,163.6,3557.0,996.0,38.89,2561.0,3311.0,3311.0,750.0,29.29,29.29,OVER_PREDICTION,True,True,True,True,True,True,True,True,1. QUALIFIED_5QC_CLEAN_ACTIVE,Pass: Active completion run meeting all 5 QC physical screening gates
GC-31,SA-0383_T,2023-06-13 11:45,Alkhorayef (ACC),538 Series (ACC WG),WG-4000c,WG-4000,177,7200.0,176.9,176.9,1007.0,2921.7,1914.7,216.0,151.0,51.0,0.85,37.2,Mauddud (MA),137779.0,1.0958,0.4174,25.92,35.88,1.1078,1.0752,164.9,3735.5,1097.5,41.6,2638.0,3474.3,3474.3,836.3,31.7,31.7,OVER_PREDICTION,True,True,True,True,True,True,True,True,1. QUALIFIED_5QC_CLEAN_ACTIVE,Pass: Active completion run meeting all 5 QC physical screening gates
GC-31,SA-0383_T,2023-11-10 07:30,Alkhorayef (ACC),538 Series (ACC WG),WG-4000c,WG-4000,177,7200.0,326.8,326.8,1114.0,3001.7,1887.7,246.0,156.0,51.0,0.85,41.8,Mauddud (MA),137779.0,1.0958,0.4222,25.26,34.96,1.1161,1.0759,185.4,3836.2,1256.2,48.69,2580.0,3565.5,3565.5,985.5,38.2,38.2,OVER_PREDICTION,True,True,True,True,True,True,True,True,1. QUALIFIED_5QC_CLEAN_ACTIVE,Pass: Active completion run meeting all 5 QC physical screening gates
GC-31,SA-0383_T,2024-02-10 08:15,Alkhorayef (ACC),538 Series (ACC WG),WG-4000c,WG-4000,177,7200.0,418.8,418.8,1271.0,3098.0,1827.0,264.0,158.0,51.0,0.85,46.9,Mauddud (MA),137779.0,1.0958,0.4275,24.14,33.41,1.1286,1.0777,216.2,3996.9,1090.9,37.54,2906.0,3708.9,3708.9,802.9,27.63,27.63,OVER_PREDICTION,True,True,True,True,True,True,True,True,1. QUALIFIED_5QC_CLEAN_ACTIVE,Pass: Active completion run meeting all 5 QC physical screening gates
GC-31,SA-0383_T,2024-06-21 07:15,Alkhorayef (ACC),538 Series (ACC WG),WG-4000c,WG-4000,177,7200.0,550.7,550.7,1379.0,3110.0,1731.0,242.0,165.0,51.0,0.85,47.4,Mauddud (MA),137779.0,1.0958,0.428,22.85,31.63,1.1375,1.0818,237.8,4168.7,1269.7,43.8,2899.0,3853.5,3853.5,954.5,32.93,32.93,OVER_PREDICTION,True,True,True,True,True,True,True,True,1. QUALIFIED_5QC_CLEAN_ACTIVE,Pass: Active completion run meeting all 5 QC physical screening gates
GC-31,SA-0383_T,2024-08-17 21:00,Alkhorayef (ACC),538 Series (ACC WG),WG-4000c,WG-4000,177,7200.0,608.3,608.3,1249.0,3035.0,1786.0,221.0,164.9,53.0,0.8833,46.3,Mauddud (MA),137779.0,1.0958,0.4269,23.64,30.3,1.1268,1.0773,211.8,4458.7,837.7,23.13,3621.0,4138.6,4138.6,517.6,14.29,14.29,OVER_PREDICTION,True,True,True,True,True,True,True,True,1. QUALIFIED_5QC_CLEAN_ACTIVE,Pass: Active completion run meeting all 5 QC physical screening gates
GC-31,SA-0383_T,2024-12-14 13:45,Alkhorayef (ACC),538 Series (ACC WG),WG-4000c,WG-4000,177,7200.0,727.0,727.0,1357.0,3441.0,2084.0,451.0,165.0,56.0,0.9333,52.9,Mauddud (MA),137779.0,1.0958,0.4338,27.14,31.16,1.1356,1.0745,233.4,4625.7,1092.7,30.93,3533.0,4305.1,4305.1,772.1,21.85,21.85,OVER_PREDICTION,True,True,True,True,True,True,True,True,1. QUALIFIED_5QC_CLEAN_ACTIVE,Pass: Active completion run meeting all 5 QC physical screening gates
GC-31,SA-0383_T,2025-03-24 10:15,Alkhorayef (ACC),538 Series (ACC WG),WG-4000c,WG-4000,177,7200.0,826.9,826.9,1243.0,3364.0,2121.0,351.0,166.0,56.0,0.9333,60.1,Mauddud (MA),137779.0,1.0958,0.4413,27.15,31.17,1.1263,1.0624,210.6,4624.7,1330.7,40.4,3294.0,4353.0,4353.0,1059.0,32.15,32.15,OVER_PREDICTION,True,True,True,True,True,True,True,True,1. QUALIFIED_5QC_CLEAN_ACTIVE,Pass: Active completion run meeting all 5 QC physical screening gates
GC-31,SA-0383_T,2025-07-31 18:45,Alkhorayef (ACC),538 Series (ACC WG),WG-4000c,WG-4000,177,7200.0,956.2,956.2,1036.0,3341.0,2305.0,255.0,163.0,56.0,0.9333,57.3,Mauddud (MA),137779.0,1.0958,0.4384,29.71,34.11,1.11,1.0585,170.4,4309.8,1630.8,60.87,2679.0,4071.8,4071.8,1392.8,51.99,51.99,OVER_PREDICTION,True,True,True,True,True,True,True,True,1. QUALIFIED_5QC_CLEAN_ACTIVE,Pass: Active completion run meeting all 5 QC physical screening gates
GC-31,SA-0383_T,2025-10-19 08:45,Alkhorayef (ACC),538 Series (ACC WG),WG-4000c,WG-4000,177,7200.0,1035.8,1035.8,1219.0,3540.0,2321.0,328.0,156.0,56.0,0.9333,60.1,Mauddud (MA),137779.0,1.0958,0.4413,29.72,34.12,1.1244,1.0616,205.9,4308.7,1477.7,52.2,2831.0,4058.5,4058.5,1227.5,43.36,43.36,OVER_PREDICTION,True,True,True,True,True,True,True,True,1. QUALIFIED_5QC_CLEAN_ACTIVE,Pass: Active completion run meeting all 5 QC physical screening gates
GC-31,SA-0383_T,2026-03-09 10:00,Alkhorayef (ACC),538 Series (ACC WG),WG-4000c,WG-4000,177,7200.0,1176.9,1176.9,1428.0,3640.0,2212.0,386.0,169.0,54.0,0.9,66.1,Mauddud (MA),137779.0,1.0958,0.4475,27.92,34.47,1.1416,1.0612,247.8,4116.4,1678.4,68.84,2438.0,3879.0,3879.0,1441.0,59.11,59.11,OVER_PREDICTION,True,True,True,True,True,True,True,True,1. QUALIFIED_5QC_CLEAN_ACTIVE,Pass: Active completion run meeting all 5 QC physical screening gates
GC-31,SA-0383_T,2026-06-07 08:15,Alkhorayef (ACC),538 Series (ACC WG),WG-4000c,WG-4000,177,7200.0,1266.8,1266.8,1255.0,3352.0,2097.0,260.0,163.0,53.0,0.8833,62.3,Mauddud (MA),137779.0,1.0958,0.4436,26.71,34.23,1.1273,1.0604,213.0,4066.3,615.3,17.83,3451.0,3834.5,3834.5,383.5,11.11,11.11,OVER_PREDICTION,True,True,True,True,True,True,True,True,1. QUALIFIED_5QC_CLEAN_ACTIVE,Pass: Active completion run meeting all 5 QC physical screening gates
GC-31,SA-0403_T,2021-03-30 10:05,Baker Hughes (Centrilift),400 Series (Centrilift E),E1000,FLEX10,282,7800.0,0.0,-1482.2,1368.0,,,116.0,140.0,53.0,0.8833,63.0,Lower Burgan (LB),213445.0,1.1483,0.4443,,,1.1365,1.0631,235.6,,,,1305.0,,,,,,,False,False,False,True,True,False,False,False,7. FAILED_MISSING_TELEMETRY,"Failed Gate 1: Missing Telemetry (PIP=1368.0, PDP=nan)"
GC-31,SA-0403_T,2021-09-27 09:30,Baker Hughes (Centrilift),400 Series (Centrilift E),E1000,FLEX10,282,7800.0,0.0,-1301.3,1367.0,3229.0,1862.0,193.0,142.0,53.0,0.8833,61.1,Lower Burgan (LB),213445.0,1.1483,0.4423,14.93,19.14,1.1365,1.0653,235.4,1177.8,112.8,10.59,1065.0,1105.6,1105.6,40.6,3.81,3.81,OVER_PREDICTION,True,True,True,True,True,True,False,False,2. QUALIFIED_5QC_HISTORICAL_RUN,Pass 5 QC Gates (Historical Completion Run: Days = -1301.3)
GC-31,SA-0403_T,2022-01-14 09:00,Baker Hughes (Centrilift),400 Series (Centrilift E),E1000,FLEX10,282,7800.0,0.0,-1192.3,714.0,,,165.4,144.3,48.0,0.8,68.6,Lower Burgan (LB),213445.0,1.1483,0.4501,,,1.0867,1.0409,111.0,,,,1259.8,,,,,,,False,False,False,True,True,False,False,False,7. FAILED_MISSING_TELEMETRY,"Failed Gate 1: Missing Telemetry (PIP=714.0, PDP=nan)"
GC-31,SA-0403_T,2022-04-24 04:45,Baker Hughes (Centrilift),400 Series (Centrilift E),E1000,FLEX10,282,7800.0,0.0,-1092.5,,3201.0,,162.0,143.0,52.0,0.8667,67.1,Lower Burgan (LB),213445.0,1.1483,0.4486,,,1.1477,1.062,262.5,,,,980.0,,,,,,,False,False,False,True,True,False,False,False,7. FAILED_MISSING_TELEMETRY,"Failed Gate 1: Missing Telemetry (PIP=nan, PDP=3201.0)"
GC-31,SA-0403_T,2022-06-28 05:30,Baker Hughes (Centrilift),400 Series (Centrilift E),E1000,FLEX10,282,7800.0,0.0,-1027.4,1480.0,2993.0,1513.0,131.0,144.0,51.0,0.85,69.0,Lower Burgan (LB),213445.0,1.1483,0.4506,11.91,16.48,1.146,1.0591,258.4,1189.6,13.6,1.16,1176.0,1123.3,1123.3,-52.7,-4.48,4.48,UNDER_PREDICTION,True,True,True,True,True,True,False,False,2. QUALIFIED_5QC_HISTORICAL_RUN,Pass 5 QC Gates (Historical Completion Run: Days = -1027.4)
GC-31,SA-0403_T,2022-10-14 08:15,Baker Hughes (Centrilift),400 Series (Centrilift E),E1000,FLEX10,282,7800.0,0.0,-919.3,1353.0,3461.0,2108.0,171.0,143.0,54.0,0.9,68.7,Lower Burgan (LB),213445.0,1.1483,0.4503,16.6,20.49,1.1353,1.0561,232.6,1168.5,96.5,9.0,1072.0,1106.4,1106.4,34.4,3.21,3.21,OVER_PREDICTION,True,True,True,True,True,True,False,False,2. QUALIFIED_5QC_HISTORICAL_RUN,Pass 5 QC Gates (Historical Completion Run: Days = -919.3)
GC-31,SA-0403_T,2023-03-11 07:50,Baker Hughes (Centrilift),400 Series (Centrilift E),E1000,FLEX10,282,7800.0,0.0,-771.3,1364.0,3559.0,2195.0,180.0,139.0,55.0,0.9167,75.4,Lower Burgan (LB),213445.0,1.1483,0.4572,17.02,20.25,1.1362,1.0486,234.8,1196.0,161.0,15.56,1035.0,1140.6,1140.6,105.6,10.2,10.2,OVER_PREDICTION,True,True,True,True,True,True,False,False,2. QUALIFIED_5QC_HISTORICAL_RUN,Pass 5 QC Gates (Historical Completion Run: Days = -771.3)
GC-31,SA-0403_T,2023-06-18 08:00,Baker Hughes (Centrilift),400 Series (Centrilift E),E1000,FLEX10,282,7800.0,0.0,-672.3,1338.0,3562.0,2224.0,164.0,140.0,55.0,0.9167,77.8,Lower Burgan (LB),213445.0,1.1483,0.4597,17.15,20.41,1.1341,1.0453,229.6,1192.2,407.2,51.87,785.0,1140.5,1140.5,355.5,45.29,45.29,OVER_PREDICTION,True,True,True,True,True,True,False,False,2. QUALIFIED_5QC_HISTORICAL_RUN,Pass 5 QC Gates (Historical Completion Run: Days = -672.3)
GC-31,SA-0403_T,2023-11-10 07:00,Baker Hughes (Centrilift),400 Series (Centrilift E),E1000,FLEX10,282,7800.0,0.0,-527.4,1193.0,3276.0,2083.0,197.0,132.0,58.0,0.9667,72.6,Lower Burgan (LB),213445.0,1.1483,0.4543,16.26,17.4,1.1223,1.048,200.8,1331.1,-217.9,-14.07,1549.0,1270.1,1270.1,-278.9,-18.01,18.01,UNDER_PREDICTION,True,True,True,True,True,True,False,False,2. QUALIFIED_5QC_HISTORICAL_RUN,Pass 5 QC Gates (Historical Completion Run: Days = -527.4)
GC-31,SA-0403_T,2024-07-10 07:30,Baker Hughes (Centrilift),400 Series (Centrilift E),E1000,FLEX10,282,7800.0,0.0,-284.4,1626.0,3841.0,2215.0,208.0,149.0,50.0,0.8333,84.1,Lower Burgan (LB),213445.0,1.1483,0.4663,16.84,24.25,1.1586,1.042,288.5,993.9,26.9,2.78,967.0,953.8,953.8,-13.2,-1.37,1.37,UNDER_PREDICTION,True,True,True,True,True,True,False,False,2. QUALIFIED_5QC_HISTORICAL_RUN,Pass 5 QC Gates (Historical Completion Run: Days = -284.4)
GC-31,SA-0403_T,2024-10-16 09:15,Baker Hughes (Centrilift),400 Series (Centrilift E),E1000,FLEX10,282,7800.0,0.0,-186.3,1593.0,3442.0,1849.0,218.0,138.0,50.0,0.8333,64.9,Lower Burgan (LB),213445.0,1.1483,0.4463,14.69,21.16,1.1557,1.0676,281.7,1066.9,-122.1,-10.27,1189.0,999.3,999.3,-189.7,-15.95,15.95,UNDER_PREDICTION,True,True,True,True,True,True,False,False,2. QUALIFIED_5QC_HISTORICAL_RUN,Pass 5 QC Gates (Historical Completion Run: Days = -186.3)
GC-31,SA-0403_T,2025-07-02 07:30,Baker Hughes (Centrilift),400 Series (Centrilift E),E1000,FLEX10,282,7800.0,72.6,72.6,1095.0,3196.0,2101.0,247.0,120.0,50.0,0.8333,41.6,Lower Burgan (LB),213445.0,1.1483,0.422,17.65,25.42,1.1146,1.0752,181.7,964.0,270.0,38.9,694.0,896.5,896.5,202.5,29.18,29.18,OVER_PREDICTION,True,True,True,True,True,True,True,True,1. QUALIFIED_5QC_CLEAN_ACTIVE,Pass: Active completion run meeting all 5 QC physical screening gates
GC-31,SA-0403_T,2025-09-27 12:30,Baker Hughes (Centrilift),400 Series (Centrilift E),E1000,FLEX10,282,7800.0,159.9,159.9,1168.0,2965.0,1797.0,208.0,132.0,50.0,0.8333,38.4,Lower Burgan (LB),213445.0,1.1483,0.4187,15.22,21.92,1.1203,1.0818,195.9,1049.6,252.6,31.69,797.0,970.2,970.2,173.2,21.73,21.73,OVER_PREDICTION,True,True,True,True,True,True,True,True,1. QUALIFIED_5QC_CLEAN_ACTIVE,Pass: Active completion run meeting all 5 QC physical screening gates
GC-31,SA-0403_T,2025-11-25 08:30,Baker Hughes (Centrilift),400 Series (Centrilift E),E1000,FLEX10,282,7800.0,218.7,218.7,1104.0,2920.0,1816.0,246.0,122.0,52.0,0.8667,27.1,Lower Burgan (LB),213445.0,1.1483,0.4069,15.83,21.07,1.1153,1.0895,183.5,1111.8,209.8,23.26,902.0,1020.5,1020.5,118.5,13.14,13.14,OVER_PREDICTION,True,True,True,True,True,True,True,True,1. QUALIFIED_5QC_CLEAN_ACTIVE,Pass: Active completion run meeting all 5 QC physical screening gates
GC-31,SA-0403_T,2026-03-17 07:00,Baker Hughes (Centrilift),400 Series (Centrilift E),E1000,FLEX10,282,7800.0,330.6,330.6,961.0,3361.0,2400.0,198.0,102.0,52.0,0.8667,44.2,Lower Burgan (LB),213445.0,1.1483,0.4247,20.04,26.68,1.1044,1.0671,156.2,967.1,345.1,55.48,622.0,906.3,906.3,284.3,45.71,45.71,OVER_PREDICTION,True,True,True,True,True,True,True,True,1. QUALIFIED_5QC_CLEAN_ACTIVE,Pass: Active completion run meeting all 5 QC physical screening gates
GC-31,SA-0403_T,2026-06-07 08:00,Baker Hughes (Centrilift),400 Series (Centrilift E),E1000,FLEX10,282,7800.0,412.7,412.7,828.0,3421.0,2593.0,157.0,109.0,52.0,0.8667,40.7,Lower Burgan (LB),213445.0,1.1483,0.4211,21.84,29.07,1.0947,1.0643,131.6,892.0,344.0,62.77,548.0,838.1,838.1,290.1,52.94,52.94,OVER_PREDICTION,True,True,True,True,True,True,True,True,1. QUALIFIED_5QC_CLEAN_ACTIVE,Pass: Active completion run meeting all 5 QC physical screening gates
GC-31,SA-0406ST1_T,2022-06-05 07:00,Halliburton / Summit ESP,538 Series (Summit SJ),SJ2800,SJ2800,136,6250.0,42.3,42.3,842.0,2296.7,1454.7,177.6,130.8,50.0,0.8333,3.0,Mauddud (MA),137779.0,1.0958,0.3818,28.02,40.35,1.0957,1.0934,134.1,2908.2,172.1,6.29,2736.1,2659.8,2659.8,-76.3,-2.79,2.79,UNDER_PREDICTION,True,True,True,True,True,True,True,True,1. QUALIFIED_5QC_CLEAN_ACTIVE,Pass: Active completion run meeting all 5 QC physical screening gates
GC-31,SA-0406ST1_T,2022-09-13 08:45,Halliburton / Summit ESP,538 Series (Summit SJ),SJ2800,SJ2800,136,6250.0,142.4,142.4,582.0,2580.7,1998.7,229.0,143.0,48.0,0.8,1.1,Mauddud (MA),137779.0,1.0958,0.3798,38.7,60.47,1.0778,1.0772,88.1,1995.6,414.6,26.22,1581.0,1852.6,1852.6,271.6,17.18,17.18,OVER_PREDICTION,True,True,True,True,True,True,True,True,1. QUALIFIED_5QC_CLEAN_ACTIVE,Pass: Active completion run meeting all 5 QC physical screening gates
GC-31,SA-0406ST1_T,2022-11-19 08:15,Halliburton / Summit ESP,538 Series (Summit SJ),SJ2800,SJ2800,136,6250.0,209.3,209.3,534.0,2152.7,1618.7,197.0,132.0,48.0,0.8,0.0,Mauddud (MA),137779.0,1.0958,0.3786,31.43,49.11,1.0747,1.0747,79.9,2600.4,1152.4,79.59,1448.0,2419.6,2419.6,971.6,67.1,67.1,OVER_PREDICTION,True,True,True,True,True,True,True,True,1. QUALIFIED_5QC_CLEAN_ACTIVE,Pass: Active completion run meeting all 5 QC physical screening gates
GC-31,SA-0406ST1_T,2023-02-21 08:15,Halliburton / Summit ESP,538 Series (Summit SJ),SJ2800,SJ2800,136,6250.0,303.3,303.3,508.0,2552.0,2044.0,214.0,133.0,48.0,0.8,1.1,Mauddud (MA),137779.0,1.0958,0.3798,39.57,61.83,1.0731,1.0725,75.6,1895.2,758.2,66.68,1137.0,1767.1,1767.1,630.1,55.42,55.42,OVER_PREDICTION,True,True,True,True,True,True,True,True,1. QUALIFIED_5QC_CLEAN_ACTIVE,Pass: Active completion run meeting all 5 QC physical screening gates
GC-31,SA-0406ST1_T,2023-05-18 07:30,Halliburton / Summit ESP,538 Series (Summit SJ),SJ2800,SJ2800,136,6250.0,389.3,389.3,449.0,2606.7,2157.7,231.6,134.0,48.0,0.8,1.1,Mauddud (MA),137779.0,1.0958,0.3798,41.77,65.27,1.0694,1.0689,65.9,1570.3,459.3,41.34,1111.0,1469.1,1469.1,358.1,32.23,32.23,OVER_PREDICTION,True,True,True,True,True,True,True,True,1. QUALIFIED_5QC_CLEAN_ACTIVE,Pass: Active completion run meeting all 5 QC physical screening gates
GC-31,SA-0406ST1_T,2023-08-03 07:00,Halliburton / Summit ESP,538 Series (Summit SJ),SJ2800,SJ2800,136,6250.0,466.3,466.3,406.0,2554.0,2148.0,192.0,133.0,48.0,0.8,3.1,Mauddud (MA),137779.0,1.0958,0.3819,41.36,64.62,1.0668,1.0653,59.0,1642.3,548.3,50.12,1094.0,1541.6,1541.6,447.6,40.91,40.91,OVER_PREDICTION,True,True,True,True,True,True,True,True,1. QUALIFIED_5QC_CLEAN_ACTIVE,Pass: Active completion run meeting all 5 QC physical screening gates
GC-31,SA-0406ST1_T,2024-01-05 07:30,Halliburton / Summit ESP,538 Series (Summit SJ),SJ2800,SJ2800,136,6250.0,621.3,621.3,460.0,2619.0,2159.0,222.0,132.0,48.0,0.8,6.2,Mauddud (MA),137779.0,1.0958,0.3851,41.22,64.41,1.0701,1.067,67.7,1664.0,490.0,41.74,1174.0,1559.6,1559.6,385.6,32.84,32.84,OVER_PREDICTION,True,True,True,True,True,True,True,True,1. QUALIFIED_5QC_CLEAN_ACTIVE,Pass: Active completion run meeting all 5 QC physical screening gates
GC-31,SA-0406ST1_T,2024-04-28 08:00,Halliburton / Summit ESP,538 Series (Summit SJ),SJ2800,SJ2800,136,6250.0,735.3,735.3,436.0,2698.0,2262.0,201.0,139.0,48.0,0.8,10.4,Mauddud (MA),137779.0,1.0958,0.3895,42.7,66.72,1.0686,1.0636,63.8,1376.0,255.0,22.75,1121.0,1293.8,1293.8,172.8,15.41,15.41,OVER_PREDICTION,True,True,True,True,True,True,True,True,1. QUALIFIED_5QC_CLEAN_ACTIVE,Pass: Active completion run meeting all 5 QC physical screening gates
GC-31,SA-0406ST1_T,2024-10-16 08:00,Halliburton / Summit ESP,538 Series (Summit SJ),SJ2800,SJ2800,136,6250.0,906.3,906.3,468.0,2698.0,2230.0,190.0,148.0,48.0,0.8,23.8,Mauddud (MA),137779.0,1.0958,0.4035,40.64,63.5,1.0706,1.0585,69.0,1753.0,618.0,54.45,1135.0,1656.1,1656.1,521.1,45.91,45.91,OVER_PREDICTION,True,True,True,True,True,True,True,True,1. QUALIFIED_5QC_CLEAN_ACTIVE,Pass: Active completion run meeting all 5 QC physical screening gates
GC-31,SA-0406ST1_T,2025-02-23 17:00,Halliburton / Summit ESP,538 Series (Summit SJ),SJ2800,SJ2800,136,6250.0,1036.7,1036.7,478.0,2655.0,2177.0,227.0,138.0,48.0,0.8,36.7,Mauddud (MA),137779.0,1.0958,0.4169,38.4,60.0,1.0712,1.0524,70.6,2028.4,729.4,56.15,1299.0,1927.4,1927.4,628.4,48.38,48.38,OVER_PREDICTION,True,True,True,True,True,True,True,True,1. QUALIFIED_5QC_CLEAN_ACTIVE,Pass: Active completion run meeting all 5 QC physical screening gates
GC-31,SA-0406ST1_T,2025-05-24 07:30,Halliburton / Summit ESP,538 Series (Summit SJ),SJ2800,SJ2800,136,6250.0,1126.3,1126.3,580.0,2777.0,2197.0,212.0,144.0,49.2,0.82,34.8,Mauddud (MA),137779.0,1.0958,0.4149,38.93,57.9,1.0777,1.0576,87.7,2216.3,1254.5,130.43,961.8,2095.6,2095.6,1133.8,117.88,117.88,OVER_PREDICTION,True,True,True,True,True,True,True,True,1. QUALIFIED_5QC_CLEAN_ACTIVE,Pass: Active completion run meeting all 5 QC physical screening gates
GC-31,SA-0406ST1_T,2025-09-13 17:45,Halliburton / Summit ESP,538 Series (Summit SJ),SJ2800,SJ2800,136,6250.0,1238.7,1238.7,540.0,2826.0,2286.0,217.0,144.0,50.0,0.8333,40.8,Mauddud (MA),137779.0,1.0958,0.4212,39.91,57.47,1.0751,1.0526,81.0,2278.8,1362.8,148.78,916.0,2164.9,2164.9,1248.9,136.34,136.34,OVER_PREDICTION,True,True,True,True,True,True,True,True,1. QUALIFIED_5QC_CLEAN_ACTIVE,Pass: Active completion run meeting all 5 QC physical screening gates
GC-31,SA-0406ST1_T,2025-12-20 16:45,Halliburton / Summit ESP,538 Series (Summit SJ),SJ2800,SJ2800,136,6250.0,1336.7,1336.7,606.0,2866.0,2260.0,268.0,144.0,50.0,0.8333,45.3,Mauddud (MA),137779.0,1.0958,0.4259,39.02,56.19,1.0794,1.0525,92.2,2354.4,1372.4,139.76,982.0,2237.0,2237.0,1255.0,127.8,127.8,OVER_PREDICTION,True,True,True,True,True,True,True,True,1. QUALIFIED_5QC_CLEAN_ACTIVE,Pass: Active completion run meeting all 5 QC physical screening gates
GC-31,SA-0406ST1_T,2026-03-13 17:45,Halliburton / Summit ESP,538 Series (Summit SJ),SJ2800,SJ2800,136,6250.0,1419.7,1419.7,624.0,2959.0,2335.0,286.0,145.0,50.0,0.8333,48.7,Mauddud (MA),137779.0,1.0958,0.4294,39.98,57.58,1.0806,1.0511,95.3,2271.9,1451.9,177.06,820.0,2161.5,2161.5,1341.5,163.6,163.6,OVER_PREDICTION,True,True,True,True,True,True,True,True,1. QUALIFIED_5QC_CLEAN_ACTIVE,Pass: Active completion run meeting all 5 QC physical screening gates
GC-31,SA-0406ST1_T,2026-07-25 09:30,Halliburton / Summit ESP,538 Series (Summit SJ),SJ2800,SJ2800,136,6250.0,1553.4,1553.4,536.0,2886.0,2350.0,202.0,148.0,52.0,0.8667,51.6,Mauddud (MA),137779.0,1.0958,0.4324,39.96,53.2,1.0748,1.0465,80.3,2615.9,1732.9,196.25,883.0,2499.6,2499.6,1616.6,183.08,183.08,OVER_PREDICTION,True,True,True,True,True,True,True,True,1. QUALIFIED_5QC_CLEAN_ACTIVE,Pass: Active completion run meeting all 5 QC physical screening gates
GC-31,SA-0410ST1_T,2025-12-01 13:45,Baker Hughes (Centrilift),400 Series (Centrilift P/Flex),P6,P6,196,6200.0,108.1,108.1,665.0,2820.0,2155.0,111.0,107.0,53.0,0.8833,73.0,Mauddud (MA),137779.0,1.0958,0.4547,24.18,30.99,1.0833,1.0371,102.4,522.1,228.1,77.59,294.0,503.4,503.4,209.4,71.22,71.22,OVER_PREDICTION,True,True,True,True,True,True,True,True,1. QUALIFIED_5QC_CLEAN_ACTIVE,Pass: Active completion run meeting all 5 QC physical screening gates
GC-31,SA-0410ST1_T,2026-02-07 11:00,Baker Hughes (Centrilift),400 Series (Centrilift P/Flex),P6,P6,196,6200.0,176.0,176.0,584.0,2506.0,1922.0,17.0,40.0,50.0,0.8333,46.5,Mauddud (MA),137779.0,1.0958,0.4271,22.96,33.07,1.0779,1.051,88.4,442.5,20.5,4.86,422.0,421.0,421.0,-1.0,-0.24,0.24,UNDER_PREDICTION,True,True,True,True,True,True,True,True,1. QUALIFIED_5QC_CLEAN_ACTIVE,Pass: Active completion run meeting all 5 QC physical screening gates
GC-31,SA-0410ST1_T,2026-05-09 08:30,Baker Hughes (Centrilift),400 Series (Centrilift P/Flex),P6,P6,196,6200.0,266.9,266.9,778.0,2727.0,1949.0,251.0,98.0,50.0,0.8333,47.3,Mauddud (MA),137779.0,1.0958,0.4279,23.24,33.47,1.0911,1.0575,122.5,431.6,154.6,55.81,277.0,408.1,408.1,131.1,47.33,47.33,OVER_PREDICTION,True,True,True,True,True,True,True,True,1. QUALIFIED_5QC_CLEAN_ACTIVE,Pass: Active completion run meeting all 5 QC physical screening gates
GC-31,SA-0424_T,2021-03-10 08:45,Alkhorayef (ACC),400/538 Series (Summit WD),WD-3000,WG-4000,343,7500.0,0.0,-1849.9,966.0,,,194.0,136.0,60.0,1.0,61.0,Upper Burgan (UB),199739.0,1.1388,0.4422,,,1.1048,1.0531,157.1,,,,851.0,,,,,,,False,False,False,True,True,False,False,False,7. FAILED_MISSING_TELEMETRY,"Failed Gate 1: Missing Telemetry (PIP=966.0, PDP=nan)"
GC-31,SA-0424_T,2021-09-06 07:45,Alkhorayef (ACC),400/538 Series (Summit WD),WD-3000,WG-4000,343,7500.0,0.0,-1670.0,911.0,3342.0,2431.0,197.0,135.0,60.0,1.0,71.0,Upper Burgan (UB),199739.0,1.1388,0.4526,15.66,15.66,1.1007,1.0434,146.9,6303.6,5530.6,715.47,773.0,6041.4,6041.4,5268.4,681.55,681.55,OVER_PREDICTION,True,True,True,True,True,True,False,False,2. QUALIFIED_5QC_HISTORICAL_RUN,Pass 5 QC Gates (Historical Completion Run: Days = -1670.0)
GC-31,SA-0424_T,2021-11-09 08:15,Alkhorayef (ACC),400/538 Series (Summit WD),WD-3000,WG-4000,343,7500.0,0.0,-1605.9,1419.0,,,287.0,114.0,60.0,1.0,66.9,Upper Burgan (UB),199739.0,1.1388,0.4484,,,1.1408,1.06,245.9,,,,480.0,,,,,,,False,False,False,True,True,False,False,False,7. FAILED_MISSING_TELEMETRY,"Failed Gate 1: Missing Telemetry (PIP=1419.0, PDP=nan)"
GC-31,SA-0424_T,2022-08-04 12:45,Alkhorayef (ACC),400/538 Series (Summit WD),WD-3000,WG-4000,343,7500.0,0.0,-1337.8,1523.0,,,178.0,144.0,50.0,0.8333,94.0,Upper Burgan (UB),199739.0,1.1388,0.4766,,,1.1497,1.0278,267.2,,,,1355.0,,,,,,,False,False,False,True,True,False,False,False,7. FAILED_MISSING_TELEMETRY,"Failed Gate 1: Missing Telemetry (PIP=1523.0, PDP=nan)"
GC-31,SA-0424_T,2022-08-22 14:00,Alkhorayef (ACC),400/538 Series (Summit WD),WD-3000,WG-4000,343,7500.0,0.0,-1319.7,1466.0,3684.0,2218.0,178.0,143.0,51.0,0.85,85.7,Upper Burgan (UB),199739.0,1.1388,0.468,13.82,19.13,1.1448,1.0378,255.5,5138.5,3625.5,239.62,1513.0,4951.1,4951.1,3438.1,227.24,227.24,OVER_PREDICTION,True,True,True,True,True,True,False,False,2. QUALIFIED_5QC_HISTORICAL_RUN,Pass 5 QC Gates (Historical Completion Run: Days = -1319.7)
GC-31,SA-0424_T,2022-12-22 09:00,Alkhorayef (ACC),400/538 Series (Summit WD),WD-3000,WG-4000,343,7500.0,0.0,-1197.9,1408.0,3601.0,2193.0,208.0,145.0,51.0,0.85,84.5,Upper Burgan (UB),199739.0,1.1388,0.4667,13.7,18.96,1.1399,1.0386,243.7,5149.6,3965.6,334.93,1184.0,4958.3,4958.3,3774.3,318.78,318.78,OVER_PREDICTION,True,True,True,True,True,True,False,False,2. QUALIFIED_5QC_HISTORICAL_RUN,Pass 5 QC Gates (Historical Completion Run: Days = -1197.9)
GC-31,SA-0424_T,2023-05-03 07:30,Alkhorayef (ACC),400/538 Series (Summit WD),WD-3000,WG-4000,343,7500.0,0.0,-1066.0,1475.0,3617.0,2142.0,220.0,144.0,51.0,0.85,90.0,Upper Burgan (UB),199739.0,1.1388,0.4725,13.22,18.3,1.1455,1.0326,257.3,5192.1,3981.1,328.74,1211.0,5028.4,5028.4,3817.4,315.23,315.23,OVER_PREDICTION,True,True,True,True,True,True,False,False,2. QUALIFIED_5QC_HISTORICAL_RUN,Pass 5 QC Gates (Historical Completion Run: Days = -1066.0)
GC-31,SA-0424_T,2023-09-01 08:30,Alkhorayef (ACC),400/538 Series (Summit WD),WD-3000,WG-4000,343,7500.0,0.0,-944.9,1536.0,3549.0,2013.0,189.0,138.0,51.0,0.85,92.2,Upper Burgan (UB),199739.0,1.1388,0.4747,12.36,17.11,1.1508,1.0302,269.9,5268.1,4042.1,329.7,1226.0,5113.7,5113.7,3887.7,317.1,317.1,OVER_PREDICTION,True,True,True,True,True,True,False,False,2. QUALIFIED_5QC_HISTORICAL_RUN,Pass 5 QC Gates (Historical Completion Run: Days = -944.9)
GC-31,SA-0424_T,2023-12-03 08:15,Alkhorayef (ACC),400/538 Series (Summit WD),WD-3000,WG-4000,343,7500.0,0.0,-851.9,1340.0,3639.0,2299.0,208.0,137.0,51.0,0.85,89.0,Upper Burgan (UB),199739.0,1.1388,0.4714,14.22,19.68,1.1342,1.0326,230.0,5102.0,4161.0,442.19,941.0,4941.1,4941.1,4000.1,425.09,425.09,OVER_PREDICTION,True,True,True,True,True,True,False,False,2. QUALIFIED_5QC_HISTORICAL_RUN,Pass 5 QC Gates (Historical Completion Run: Days = -851.9)
GC-31,SA-0424_T,2024-03-15 08:15,Alkhorayef (ACC),400/538 Series (Summit WD),WD-3000,WG-4000,343,7500.0,0.0,-748.9,1269.0,3530.0,2261.0,230.0,125.0,51.0,0.85,88.0,Upper Burgan (UB),199739.0,1.1388,0.4704,14.01,19.39,1.1284,1.033,215.8,5121.2,4242.2,482.62,879.0,4957.6,4957.6,4078.6,464.0,464.0,OVER_PREDICTION,True,True,True,True,True,True,False,False,2. QUALIFIED_5QC_HISTORICAL_RUN,Pass 5 QC Gates (Historical Completion Run: Days = -748.9)
GC-31,SA-0424_T,2024-07-13 12:30,Alkhorayef (ACC),400/538 Series (Summit WD),WD-3000,WG-4000,343,7500.0,0.0,-628.8,1175.0,3610.0,2435.0,239.0,147.0,54.0,0.9,87.0,Upper Burgan (UB),199739.0,1.1388,0.4693,15.13,18.68,1.1209,1.0331,197.3,5471.6,4362.6,393.38,1109.0,5296.2,5296.2,4187.2,377.57,377.57,OVER_PREDICTION,True,True,True,True,True,True,False,False,2. QUALIFIED_5QC_HISTORICAL_RUN,Pass 5 QC Gates (Historical Completion Run: Days = -628.8)
GC-31,SA-0424_T,2024-12-28 08:30,Alkhorayef (ACC),400/538 Series (Summit WD),WD-3000,WG-4000,343,7500.0,0.0,-460.9,1101.0,3589.0,2488.0,229.0,136.0,54.0,0.9,85.7,Upper Burgan (UB),199739.0,1.1388,0.468,15.5,19.14,1.1151,1.0336,182.9,5440.1,4616.1,560.21,824.0,5263.3,5263.3,4439.3,538.75,538.75,OVER_PREDICTION,True,True,True,True,True,True,False,False,2. QUALIFIED_5QC_HISTORICAL_RUN,Pass 5 QC Gates (Historical Completion Run: Days = -460.9)
GC-31,SA-0424_T,2025-06-19 07:45,Alkhorayef (ACC),400/538 Series (Summit WD),WD-3000,WG-4000,343,7500.0,0.0,-288.0,1054.0,3658.0,2604.0,237.0,126.0,54.0,0.9,63.9,Upper Burgan (UB),199739.0,1.1388,0.4452,17.05,21.05,1.1114,1.053,173.9,5304.2,4819.2,993.65,485.0,5037.2,5037.2,4552.2,938.6,938.6,OVER_PREDICTION,True,True,True,True,True,True,False,False,2. QUALIFIED_5QC_HISTORICAL_RUN,Pass 5 QC Gates (Historical Completion Run: Days = -288.0)
GC-31,SA-0424_T,2025-11-02 11:00,Alkhorayef (ACC),400/538 Series (Summit WD),WD-3000,WG-4000,343,7500.0,0.0,-151.8,1043.0,3642.0,2599.0,201.0,132.0,50.0,0.8333,88.2,Upper Burgan (UB),199739.0,1.1388,0.4706,16.1,23.19,1.1106,1.0307,171.7,4763.7,3759.7,374.47,1004.0,4621.9,4621.9,3617.9,360.35,360.35,OVER_PREDICTION,True,True,True,True,True,True,False,False,2. QUALIFIED_5QC_HISTORICAL_RUN,Pass 5 QC Gates (Historical Completion Run: Days = -151.8)
GC-31,SA-0424_T,2026-06-27 10:15,Alkhorayef (ACC),400/538 Series (Summit WD),WD-3000,WG-4000,343,7500.0,85.1,85.1,1024.0,3499.0,2475.0,175.0,133.0,50.0,0.8333,95.2,Upper Burgan (UB),199739.0,1.1388,0.4779,15.1,21.75,1.1091,1.0243,168.1,4863.7,3766.7,343.36,1097.0,4748.4,4748.4,3651.4,332.85,332.85,OVER_PREDICTION,True,True,True,True,True,True,True,True,1. QUALIFIED_5QC_CLEAN_ACTIVE,Pass: Active completion run meeting all 5 QC physical screening gates
GC-31,SA-0425_T,2021-11-26 11:45,Alkhorayef (ACC),538 Series (ACC WE),WE-1500c,WE-1500,158,7250.0,0.0,-465.5,1545.0,,,165.0,153.0,52.0,0.8667,85.0,Mauddud (MA),137779.0,1.0958,0.4606,,,1.1516,1.0397,271.7,,,,2218.0,,,,,,,False,False,False,True,True,False,False,False,7. FAILED_MISSING_TELEMETRY,"Failed Gate 1: Missing Telemetry (PIP=1545.0, PDP=nan)"
GC-31,SA-0425_T,2022-02-09 08:45,Alkhorayef (ACC),538 Series (ACC WE),WE-1500c,WE-1500,158,7250.0,0.0,-390.7,1429.0,3464.0,2035.0,178.0,179.0,52.0,0.8667,86.6,Mauddud (MA),137779.0,1.0958,0.4621,27.87,37.1,1.1417,1.0363,248.0,2293.9,52.9,2.36,2241.0,2213.5,2213.5,-27.5,-1.23,1.23,UNDER_PREDICTION,True,True,True,True,True,True,False,False,2. QUALIFIED_5QC_HISTORICAL_RUN,Pass 5 QC Gates (Historical Completion Run: Days = -390.7)
GC-31,SA-0425_T,2022-05-12 08:00,Alkhorayef (ACC),538 Series (ACC WE),WE-1500c,WE-1500,158,7250.0,0.0,-298.7,1380.0,3455.0,2075.0,175.0,155.0,52.0,0.8667,81.3,Mauddud (MA),137779.0,1.0958,0.457,28.74,38.26,1.1375,1.042,238.0,2232.0,163.0,7.88,2069.0,2142.1,2142.1,73.1,3.53,3.53,OVER_PREDICTION,True,True,True,True,True,True,False,False,2. QUALIFIED_5QC_HISTORICAL_RUN,Pass 5 QC Gates (Historical Completion Run: Days = -298.7)
GC-31,SA-0425_T,2023-03-27 06:45,Alkhorayef (ACC),538 Series (ACC WE),WE-1500c,WE-1500,158,7250.0,20.3,20.3,1433.0,2023.0,590.0,116.0,131.0,50.0,0.8333,0.0,Mauddud (MA),137779.0,1.0958,0.3786,9.86,14.2,1.142,1.142,248.8,2308.2,490.2,26.96,1818.0,2021.2,2021.2,203.2,11.18,11.18,OVER_PREDICTION,True,True,True,True,True,True,True,True,1. QUALIFIED_5QC_CLEAN_ACTIVE,Pass: Active completion run meeting all 5 QC physical screening gates
GC-31,SA-0425_T,2023-07-22 08:30,Alkhorayef (ACC),538 Series (ACC WE),WE-1500c,WE-1500,158,7250.0,137.3,137.3,999.0,1991.0,992.0,107.0,129.0,50.0,0.8333,0.0,Mauddud (MA),137779.0,1.0958,0.3786,16.58,23.88,1.1072,1.1072,163.4,2308.2,696.2,43.19,1612.0,2084.6,2084.6,472.6,29.32,29.32,OVER_PREDICTION,True,True,True,True,True,True,True,True,1. QUALIFIED_5QC_CLEAN_ACTIVE,Pass: Active completion run meeting all 5 QC physical screening gates
GC-31,SA-0425_T,2023-11-25 09:15,Alkhorayef (ACC),538 Series (ACC WE),WE-1500c,WE-1500,158,7250.0,263.4,263.4,893.0,2100.0,1207.0,165.0,123.0,51.0,0.85,1.8,Mauddud (MA),137779.0,1.0958,0.3804,20.08,27.79,1.0994,1.0979,143.5,2354.5,919.5,64.08,1435.0,2144.5,2144.5,709.5,49.44,49.44,OVER_PREDICTION,True,True,True,True,True,True,True,True,1. QUALIFIED_5QC_CLEAN_ACTIVE,Pass: Active completion run meeting all 5 QC physical screening gates
GC-31,SA-0425_T,2024-02-09 08:30,Alkhorayef (ACC),538 Series (ACC WE),WE-1500c,WE-1500,158,7250.0,339.3,339.3,953.0,2353.0,1400.0,181.0,128.0,51.0,0.85,3.0,Mauddud (MA),137779.0,1.0958,0.3815,23.22,32.14,1.1038,1.1013,154.7,2354.5,1101.5,87.91,1253.0,2138.0,2138.0,885.0,70.63,70.63,OVER_PREDICTION,True,True,True,True,True,True,True,True,1. QUALIFIED_5QC_CLEAN_ACTIVE,Pass: Active completion run meeting all 5 QC physical screening gates
GC-31,SA-0425_T,2024-06-10 07:45,Alkhorayef (ACC),538 Series (ACC WE),WE-1500c,WE-1500,158,7250.0,461.3,461.3,986.0,2541.0,1555.0,237.0,129.0,51.0,0.85,5.2,Mauddud (MA),137779.0,1.0958,0.3837,25.65,35.5,1.1063,1.1018,160.9,2354.5,909.5,62.94,1445.0,2137.0,2137.0,692.0,47.89,47.89,OVER_PREDICTION,True,True,True,True,True,True,True,True,1. QUALIFIED_5QC_CLEAN_ACTIVE,Pass: Active completion run meeting all 5 QC physical screening gates
GC-31,SA-0425_T,2024-09-21 08:15,Alkhorayef (ACC),538 Series (ACC WE),WE-1500c,WE-1500,158,7250.0,564.3,564.3,993.0,1414.0,421.0,205.0,137.0,51.0,0.85,2.5,Mauddud (MA),137779.0,1.0958,0.3811,6.99,9.67,1.1068,1.1046,162.2,2354.5,832.5,54.7,1522.0,2131.5,2131.5,609.5,40.05,40.05,OVER_PREDICTION,True,True,True,True,True,True,True,True,1. QUALIFIED_5QC_CLEAN_ACTIVE,Pass: Active completion run meeting all 5 QC physical screening gates
GC-31,SA-0425_T,2025-01-07 08:00,Alkhorayef (ACC),538 Series (ACC WE),WE-1500c,WE-1500,158,7250.0,672.3,672.3,977.0,2380.0,1403.0,241.0,133.0,51.0,0.85,4.0,Mauddud (MA),137779.0,1.0958,0.3825,23.22,32.14,1.1056,1.1022,159.2,2354.5,863.5,57.91,1491.0,2136.3,2136.3,645.3,43.28,43.28,OVER_PREDICTION,True,True,True,True,True,True,True,True,1. QUALIFIED_5QC_CLEAN_ACTIVE,Pass: Active completion run meeting all 5 QC physical screening gates
GC-31,SA-0425_T,2025-04-27 08:15,Alkhorayef (ACC),538 Series (ACC WE),WE-1500c,WE-1500,158,7250.0,782.3,782.3,0.0,,,236.0,132.0,51.0,0.85,2.6,Mauddud (MA),137779.0,1.0958,0.3811,,,1.1477,1.1444,262.5,,,,1313.0,,,,,,,False,False,False,True,True,False,True,False,7. FAILED_MISSING_TELEMETRY,"Failed Gate 1: Missing Telemetry (PIP=0.0, PDP=nan)"
GC-31,SA-0425_T,2025-09-01 20:00,Alkhorayef (ACC),538 Series (ACC WE),WE-1500c,WE-1500,158,7250.0,909.8,909.8,848.0,2089.0,1241.0,212.0,127.0,51.0,0.85,0.0,Mauddud (MA),137779.0,1.0958,0.3786,20.74,28.71,1.0961,1.0961,135.2,2354.5,1280.5,119.23,1074.0,2148.1,2148.1,1074.1,100.01,100.01,OVER_PREDICTION,True,True,True,True,True,True,True,True,1. QUALIFIED_5QC_CLEAN_ACTIVE,Pass: Active completion run meeting all 5 QC physical screening gates
GC-31,SA-0425_T,2025-12-08 18:45,Alkhorayef (ACC),538 Series (ACC WE),WE-1500c,WE-1500,158,7250.0,1007.8,1007.8,787.0,2507.0,1720.0,197.0,131.0,51.0,0.85,2.1,Mauddud (MA),137779.0,1.0958,0.3807,28.6,39.58,1.0917,1.0902,124.1,2127.7,724.7,51.65,1403.0,1951.6,1951.6,548.6,39.1,39.1,OVER_PREDICTION,True,True,True,True,True,True,True,True,1. QUALIFIED_5QC_CLEAN_ACTIVE,Pass: Active completion run meeting all 5 QC physical screening gates
GC-31,SA-0425_T,2026-03-15 08:15,Alkhorayef (ACC),538 Series (ACC WE),WE-1500c,WE-1500,158,7250.0,1104.3,1104.3,769.0,2599.0,1830.0,201.0,115.0,35.0,0.5833,2.3,Mauddud (MA),137779.0,1.0958,0.3809,30.41,89.38,1.0905,1.0889,120.9,0.0,-1250.0,-100.0,1250.0,0.0,0.0,-1250.0,-100.0,100.0,UNDER_PREDICTION,True,True,True,False,True,False,True,False,5. FAILED_UNDER_FREQUENCY,Failed Gate 4: Under-Frequency (f = 35.0 Hz < 40.0 Hz threshold)
GC-31,SA-0425_T,2026-06-07 08:00,Alkhorayef (ACC),538 Series (ACC WE),WE-1500c,WE-1500,158,7250.0,1188.3,1188.3,1031.0,2419.0,1388.0,142.0,142.0,51.0,0.85,8.2,Mauddud (MA),137779.0,1.0958,0.3865,22.73,31.46,1.1097,1.1023,169.5,2354.5,803.5,51.81,1551.0,2136.0,2136.0,585.0,37.72,37.72,OVER_PREDICTION,True,True,True,True,True,True,True,True,1. QUALIFIED_5QC_CLEAN_ACTIVE,Pass: Active completion run meeting all 5 QC physical screening gates
GC-31,SA-0438ST1_T,2022-12-21 08:15,REDA (Schlumberger),513 Series (REDA GN),GN1600,GN1600,173,6050.0,0.0,-752.8,997.0,2908.0,1911.0,255.0,137.0,50.0,0.8333,80.8,Upper Burgan (UB),199739.0,1.1388,0.4629,23.87,34.38,1.1071,1.0367,163.0,1690.6,214.6,14.54,1476.0,1630.7,1630.7,154.7,10.48,10.48,OVER_PREDICTION,True,True,True,True,True,True,False,False,2. QUALIFIED_5QC_HISTORICAL_RUN,Pass 5 QC Gates (Historical Completion Run: Days = -752.8)
GC-31,SA-0438ST1_T,2023-02-24 08:45,REDA (Schlumberger),513 Series (REDA GN),GN1600,GN1600,173,6050.0,0.0,-687.8,1006.0,3072.7,2066.7,276.0,132.0,51.0,0.85,84.3,Upper Burgan (UB),199739.0,1.1388,0.4665,25.61,35.45,1.1078,1.0338,164.7,1695.9,110.9,7.0,1585.0,1640.5,1640.5,55.5,3.5,3.5,OVER_PREDICTION,True,True,True,True,True,True,False,False,2. QUALIFIED_5QC_HISTORICAL_RUN,Pass 5 QC Gates (Historical Completion Run: Days = -687.8)
GC-31,SA-0438ST1_T,2023-07-09 10:30,REDA (Schlumberger),513 Series (REDA GN),GN1600,GN1600,173,6050.0,0.0,-552.7,859.0,2868.0,2009.0,227.0,139.0,51.0,0.85,84.3,Upper Burgan (UB),199739.0,1.1388,0.4665,24.89,34.45,1.0969,1.0321,137.2,1722.6,435.6,33.85,1287.0,1669.1,1669.1,382.1,29.69,29.69,OVER_PREDICTION,True,True,True,True,True,True,False,False,2. QUALIFIED_5QC_HISTORICAL_RUN,Pass 5 QC Gates (Historical Completion Run: Days = -552.7)
GC-31,SA-0438ST1_T,2023-11-25 07:30,REDA (Schlumberger),513 Series (REDA GN),GN1600,GN1600,173,6050.0,0.0,-413.8,953.0,3047.0,2094.0,319.0,135.0,51.0,0.85,82.5,Upper Burgan (UB),199739.0,1.1388,0.4646,26.05,36.06,1.1038,1.0347,154.7,1679.0,334.0,24.83,1345.0,1622.8,1622.8,277.8,20.65,20.65,OVER_PREDICTION,True,True,True,True,True,True,False,False,2. QUALIFIED_5QC_HISTORICAL_RUN,Pass 5 QC Gates (Historical Completion Run: Days = -413.8)
GC-31,SA-0438ST1_T,2024-06-08 09:00,REDA (Schlumberger),513 Series (REDA GN),GN1600,GN1600,173,6050.0,0.0,-217.8,1291.3,2845.5,1554.2,213.0,123.0,50.0,0.8333,80.0,Upper Burgan (UB),199739.0,1.1388,0.462,19.44,28.0,1.1302,1.042,220.2,1836.7,1751.7,2060.82,85.0,1762.6,1762.6,1677.6,1973.65,1973.65,OVER_PREDICTION,True,True,True,True,True,True,False,False,2. QUALIFIED_5QC_HISTORICAL_RUN,Pass 5 QC Gates (Historical Completion Run: Days = -217.8)
GC-31,SA-0438ST1_T,2025-02-04 07:45,REDA (Schlumberger),513 Series (REDA GN),GN1600,GN1600,173,6050.0,23.2,23.2,931.0,2957.0,2026.0,240.0,138.0,50.0,0.8333,85.2,Upper Burgan (UB),199739.0,1.1388,0.4674,25.05,36.07,1.1022,1.0322,150.6,1645.8,109.8,7.15,1536.0,1594.5,1594.5,58.5,3.81,3.81,OVER_PREDICTION,True,True,True,True,True,True,True,True,1. QUALIFIED_5QC_CLEAN_ACTIVE,Pass: Active completion run meeting all 5 QC physical screening gates
GC-31,SA-0438ST1_T,2025-08-19 08:15,REDA (Schlumberger),513 Series (REDA GN),GN1600,GN1600,173,6050.0,219.2,219.2,,,,260.0,141.0,50.0,0.8333,90.0,Upper Burgan (UB),199739.0,1.1388,0.4725,,,1.1477,1.0328,262.5,,,,1363.0,,,,,,,False,False,False,True,True,False,True,False,7. FAILED_MISSING_TELEMETRY,"Failed Gate 1: Missing Telemetry (PIP=nan, PDP=nan)"
GC-31,SA-0438ST1_T,2025-11-13 18:30,REDA (Schlumberger),513 Series (REDA GN),GN1600,GN1600,173,6050.0,305.6,305.6,,,,242.0,137.0,50.0,0.8333,93.8,Upper Burgan (UB),199739.0,1.1388,0.4764,,,1.1477,1.0279,262.5,,,,1197.0,,,,,,,False,False,False,True,True,False,True,False,7. FAILED_MISSING_TELEMETRY,"Failed Gate 1: Missing Telemetry (PIP=nan, PDP=nan)"
GC-31,SA-0438ST1_T,2026-05-03 11:30,REDA (Schlumberger),513 Series (REDA GN),GN1600,GN1600,173,6050.0,476.4,476.4,0.0,0.0,0.0,186.0,135.0,50.0,0.8333,58.8,Upper Burgan (UB),199739.0,1.1388,0.4399,,,1.1477,1.0726,262.5,,,,1325.0,,,,,,,True,False,False,True,True,False,True,False,3. FAILED_ZERO_NEGATIVE_LIFT,"Failed Gate 2: Negative/Zero Lift (PDP=0.0 <= PIP=0.0, dP=0.0 psi)"
GC-31,SA-0439_T,2021-01-08 08:45,Halliburton / Summit ESP,400 Series (Summit SF),SF1750,SF1750,372,7600.0,0.0,-1717.6,2361.0,,,327.0,137.0,49.0,0.8167,37.6,Upper Burgan (UB),199739.0,1.1388,0.4178,,,1.1848,1.1228,350.0,,,,1175.0,,,,,,,False,False,False,True,True,False,False,False,7. FAILED_MISSING_TELEMETRY,"Failed Gate 1: Missing Telemetry (PIP=2361.0, PDP=nan)"
GC-31,SA-0439_T,2021-05-08 06:00,Halliburton / Summit ESP,400 Series (Summit SF),SF1750,SF1750,372,7600.0,0.0,-1597.7,2264.0,,,278.1,132.6,49.0,0.8167,44.9,Upper Burgan (UB),199739.0,1.1388,0.4254,,,1.1848,1.1108,350.0,,,,1156.0,,,,,,,False,False,False,True,True,False,False,False,7. FAILED_MISSING_TELEMETRY,"Failed Gate 1: Missing Telemetry (PIP=2264.0, PDP=nan)"
GC-31,SA-0439_T,2021-10-06 08:15,Halliburton / Summit ESP,400 Series (Summit SF),SF1750,SF1750,372,7600.0,0.0,-1446.6,2190.0,,,281.0,143.0,49.0,0.8167,55.0,Upper Burgan (UB),199739.0,1.1388,0.436,,,1.1848,1.0942,350.0,,,,947.0,,,,,,,False,False,False,True,True,False,False,False,7. FAILED_MISSING_TELEMETRY,"Failed Gate 1: Missing Telemetry (PIP=2190.0, PDP=nan)"
GC-31,SA-0439_T,2022-01-30 10:15,Halliburton / Summit ESP,400 Series (Summit SF),SF1750,SF1750,372,7600.0,0.0,-1330.5,2124.0,,,418.0,142.0,49.0,0.8167,76.1,Upper Burgan (UB),199739.0,1.1388,0.458,,,1.1848,1.0594,350.0,,,,708.0,,,,,,,False,False,False,True,True,False,False,False,7. FAILED_MISSING_TELEMETRY,"Failed Gate 1: Missing Telemetry (PIP=2124.0, PDP=nan)"
GC-31,SA-0439_T,2022-05-20 10:15,Halliburton / Summit ESP,400 Series (Summit SF),SF1750,SF1750,372,7600.0,0.0,-1220.5,2061.0,3392.0,1331.0,282.2,142.5,49.0,0.8167,63.3,Upper Burgan (UB),199739.0,1.1388,0.4446,8.05,12.07,1.1848,1.0805,350.0,1845.7,621.9,50.82,1223.8,1708.2,1708.2,484.4,39.58,39.58,OVER_PREDICTION,True,True,True,True,True,True,False,False,2. QUALIFIED_5QC_HISTORICAL_RUN,Pass 5 QC Gates (Historical Completion Run: Days = -1220.5)
GC-31,SA-0439_T,2022-10-12 08:00,Halliburton / Summit ESP,400 Series (Summit SF),SF1750,SF1750,372,7600.0,0.0,-1075.6,2261.0,0.0,-2261.0,256.0,145.0,49.0,0.8167,79.0,Upper Burgan (UB),199739.0,1.1388,0.461,,,1.1848,1.0546,350.0,,,,1192.0,,,,,,,True,False,False,True,True,False,False,False,3. FAILED_ZERO_NEGATIVE_LIFT,"Failed Gate 2: Negative/Zero Lift (PDP=0.0 <= PIP=2261.0, dP=-2261.0 psi)"
GC-31,SA-0439_T,2023-01-22 09:00,Halliburton / Summit ESP,400 Series (Summit SF),SF1750,SF1750,372,7600.0,0.0,-973.6,2286.0,3788.0,1502.0,327.0,141.0,49.0,0.8167,89.5,Upper Burgan (UB),199739.0,1.1388,0.4719,8.56,12.83,1.1848,1.0373,350.0,1845.7,541.7,41.54,1304.0,1779.3,1779.3,475.3,36.45,36.45,OVER_PREDICTION,True,True,True,True,True,True,False,False,2. QUALIFIED_5QC_HISTORICAL_RUN,Pass 5 QC Gates (Historical Completion Run: Days = -973.6)
GC-31,SA-0439_T,2023-08-15 12:30,Halliburton / Summit ESP,400 Series (Summit SF),SF1750,SF1750,372,7600.0,0.0,-768.4,2227.0,3849.0,1622.0,191.0,150.0,50.0,0.8333,94.0,Upper Burgan (UB),199739.0,1.1388,0.4766,9.15,13.18,1.1848,1.0299,350.0,1883.3,-349.7,-15.66,2233.0,1828.6,1828.6,-404.4,-18.11,18.11,UNDER_PREDICTION,True,True,True,True,True,True,False,False,2. QUALIFIED_5QC_HISTORICAL_RUN,Pass 5 QC Gates (Historical Completion Run: Days = -768.4)
GC-31,SA-0439_T,2023-08-28 22:30,Halliburton / Summit ESP,400 Series (Summit SF),SF1750,SF1750,372,7600.0,0.0,-755.0,1982.0,3499.0,1517.0,176.0,127.0,50.0,0.8333,84.0,Upper Burgan (UB),199739.0,1.1388,0.4662,8.75,12.6,1.1848,1.0464,350.0,1883.3,75.3,4.16,1808.0,1799.8,1799.8,-8.2,-0.45,0.45,UNDER_PREDICTION,True,True,True,True,True,True,False,False,2. QUALIFIED_5QC_HISTORICAL_RUN,Pass 5 QC Gates (Historical Completion Run: Days = -755.0)
GC-31,SA-0439_T,2023-09-15 07:15,Halliburton / Summit ESP,400 Series (Summit SF),SF1750,SF1750,372,7600.0,0.0,-737.7,1842.0,3604.0,1762.0,188.0,152.0,50.0,0.8333,85.3,Upper Burgan (UB),199739.0,1.1388,0.4676,10.13,14.59,1.178,1.0432,334.2,1836.7,19.7,1.08,1817.0,1760.6,1760.6,-56.4,-3.1,3.1,UNDER_PREDICTION,True,True,True,True,True,True,False,False,2. QUALIFIED_5QC_HISTORICAL_RUN,Pass 5 QC Gates (Historical Completion Run: Days = -737.7)
GC-31,SA-0439_T,2024-02-10 08:30,Halliburton / Summit ESP,400 Series (Summit SF),SF1750,SF1750,372,7600.0,0.0,-589.6,2219.0,3214.0,995.0,223.0,147.0,50.0,0.8333,56.0,Upper Burgan (UB),199739.0,1.1388,0.437,6.12,8.81,1.1848,1.0925,350.0,1883.3,-62.7,-3.22,1946.0,1723.8,1723.8,-222.2,-11.42,11.42,UNDER_PREDICTION,True,True,True,True,True,True,False,False,2. QUALIFIED_5QC_HISTORICAL_RUN,Pass 5 QC Gates (Historical Completion Run: Days = -589.6)
GC-31,SA-0439_T,2024-06-17 07:30,Halliburton / Summit ESP,400 Series (Summit SF),SF1750,SF1750,372,7600.0,0.0,-461.6,1930.0,3454.0,1524.0,364.0,154.0,50.0,0.8333,60.0,Upper Burgan (UB),199739.0,1.1388,0.4412,9.29,13.38,1.1848,1.0859,350.0,1883.3,217.3,13.04,1666.0,1734.3,1734.3,68.3,4.1,4.1,OVER_PREDICTION,True,True,True,True,True,True,False,False,2. QUALIFIED_5QC_HISTORICAL_RUN,Pass 5 QC Gates (Historical Completion Run: Days = -461.6)
GC-31,SA-0439_T,2024-07-24 07:45,Halliburton / Summit ESP,400 Series (Summit SF),SF1750,SF1750,372,7600.0,0.0,-424.6,1836.0,3480.0,1644.0,333.0,146.0,50.0,0.8333,60.1,Upper Burgan (UB),199739.0,1.1388,0.4413,10.01,14.42,1.1775,1.0828,332.9,1845.0,68.0,3.83,1777.0,1703.9,1703.9,-73.1,-4.11,4.11,UNDER_PREDICTION,True,True,True,True,True,True,False,False,2. QUALIFIED_5QC_HISTORICAL_RUN,Pass 5 QC Gates (Historical Completion Run: Days = -424.6)
GC-31,SA-0439_T,2024-12-14 07:30,Halliburton / Summit ESP,400 Series (Summit SF),SF1750,SF1750,372,7600.0,0.0,-281.6,1751.0,3586.0,1835.0,319.0,150.0,50.0,0.8333,70.0,Upper Burgan (UB),199739.0,1.1388,0.4516,10.92,15.73,1.1697,1.0649,314.8,1776.6,227.6,14.69,1549.0,1668.3,1668.3,119.3,7.7,7.7,OVER_PREDICTION,True,True,True,True,True,True,False,False,2. QUALIFIED_5QC_HISTORICAL_RUN,Pass 5 QC Gates (Historical Completion Run: Days = -281.6)
GC-31,SA-0439_T,2025-04-21 09:15,Halliburton / Summit ESP,400 Series (Summit SF),SF1750,SF1750,372,7600.0,0.0,-153.6,,,,290.0,150.0,50.0,0.8333,77.5,Upper Burgan (UB),199739.0,1.1388,0.4594,,,1.1477,1.0487,262.5,,,,1418.0,,,,,,,False,False,False,True,True,False,False,False,7. FAILED_MISSING_TELEMETRY,"Failed Gate 1: Missing Telemetry (PIP=nan, PDP=nan)"
GC-31,SA-0439_T,2025-09-24 19:00,Halliburton / Summit ESP,400 Series (Summit SF),SF1750,SF1750,372,7600.0,2.8,2.8,1376.0,2977.0,1601.0,93.0,131.0,50.0,0.8333,82.4,Upper Burgan (UB),199739.0,1.1388,0.4645,9.26,13.34,1.1372,1.0406,237.2,1883.3,285.3,17.85,1598.0,1809.8,1809.8,211.8,13.25,13.25,OVER_PREDICTION,True,True,True,True,True,True,True,True,1. QUALIFIED_5QC_CLEAN_ACTIVE,Pass: Active completion run meeting all 5 QC physical screening gates
GC-31,SA-0439_T,2025-10-09 09:15,Halliburton / Summit ESP,400 Series (Summit SF),SF1750,SF1750,372,7600.0,17.4,17.4,1379.0,3565.0,2186.0,309.7,147.0,50.0,0.8333,59.7,Upper Burgan (UB),199739.0,1.1388,0.4409,13.33,19.2,1.1375,1.0673,237.8,1543.3,131.7,9.33,1411.6,1445.9,1445.9,34.3,2.43,2.43,OVER_PREDICTION,True,True,True,True,True,True,True,True,1. QUALIFIED_5QC_CLEAN_ACTIVE,Pass: Active completion run meeting all 5 QC physical screening gates
GC-31,SA-0439_T,2026-01-27 08:30,Halliburton / Summit ESP,400 Series (Summit SF),SF1750,SF1750,372,7600.0,127.4,127.4,1323.0,3883.0,2560.0,274.0,149.0,50.0,0.8333,98.1,Upper Burgan (UB),199739.0,1.1388,0.4809,14.31,20.61,1.1328,1.0221,226.6,1414.5,328.5,30.25,1086.0,1383.9,1383.9,297.9,27.43,27.43,OVER_PREDICTION,True,True,True,True,False,False,True,False,6. FAILED_EXCESSIVE_WATER_CUT,Failed Gate 5: Excessive Water Cut (WC = 98.1% > 98.0% threshold)
GC-31,SA-0439_T,2026-05-04 08:00,Halliburton / Summit ESP,400 Series (Summit SF),SF1750,SF1750,372,7600.0,224.4,224.4,1620.0,3754.0,2134.0,260.0,151.0,50.0,0.8333,88.8,Upper Burgan (UB),199739.0,1.1388,0.4712,12.17,17.53,1.1581,1.0355,287.3,1667.3,305.3,22.42,1362.0,1610.2,1610.2,248.2,18.22,18.22,OVER_PREDICTION,True,True,True,True,True,True,True,True,1. QUALIFIED_5QC_CLEAN_ACTIVE,Pass: Active completion run meeting all 5 QC physical screening gates
GC-31,SA-0457_T,2021-01-06 08:00,Alkhorayef (ACC),538 Series (ACC WE),WE-2600,WE-2600,153,7350.0,0.0,-1541.7,697.0,2585.0,1888.0,205.3,135.3,53.0,0.8833,28.4,Mauddud (MA),137779.0,1.0958,0.4082,30.23,38.75,1.0855,1.0669,108.0,2652.0,1456.9,121.91,1195.1,2485.7,2485.7,1290.6,107.99,107.99,OVER_PREDICTION,True,True,True,True,True,True,False,False,2. QUALIFIED_5QC_HISTORICAL_RUN,Pass 5 QC Gates (Historical Completion Run: Days = -1541.7)
GC-31,SA-0457_T,2021-05-05 05:00,Alkhorayef (ACC),538 Series (ACC WE),WE-2600,WE-2600,153,7350.0,0.0,-1422.8,,2722.0,,171.0,138.0,51.0,0.85,37.0,Mauddud (MA),137779.0,1.0958,0.4172,,,1.1477,1.1004,262.5,,,,1198.0,,,,,,,False,False,False,True,True,False,False,False,7. FAILED_MISSING_TELEMETRY,"Failed Gate 1: Missing Telemetry (PIP=nan, PDP=2722.0)"
GC-31,SA-0457_T,2021-10-22 08:30,Alkhorayef (ACC),538 Series (ACC WE),WE-2600,WE-2600,153,7350.0,0.0,-1252.7,747.0,,,197.0,136.0,50.0,0.8333,43.3,Mauddud (MA),137779.0,1.0958,0.4238,,,1.0889,1.0591,116.9,,,,1063.0,,,,,,,False,False,False,True,True,False,False,False,7. FAILED_MISSING_TELEMETRY,"Failed Gate 1: Missing Telemetry (PIP=747.0, PDP=nan)"
GC-31,SA-0457_T,2022-01-18 08:15,Alkhorayef (ACC),538 Series (ACC WE),WE-2600,WE-2600,153,7350.0,0.0,-1164.7,868.0,2852.7,1984.7,177.0,135.0,49.0,0.8167,42.9,Mauddud (MA),137779.0,1.0958,0.4234,30.64,45.94,1.0975,1.0643,138.9,2156.1,933.1,76.3,1223.0,2025.9,2025.9,802.9,65.65,65.65,OVER_PREDICTION,True,True,True,True,True,True,False,False,2. QUALIFIED_5QC_HISTORICAL_RUN,Pass 5 QC Gates (Historical Completion Run: Days = -1164.7)
GC-31,SA-0457_T,2022-04-23 12:00,Alkhorayef (ACC),538 Series (ACC WE),WE-2600,WE-2600,153,7350.0,0.0,-1069.5,903.0,2660.0,1757.0,166.0,141.0,55.0,0.9167,43.4,Mauddud (MA),137779.0,1.0958,0.4239,27.09,32.24,1.1001,1.0653,145.4,2957.9,1472.9,99.19,1485.0,2776.5,2776.5,1291.5,86.97,86.97,OVER_PREDICTION,True,True,True,True,True,True,False,False,2. QUALIFIED_5QC_HISTORICAL_RUN,Pass 5 QC Gates (Historical Completion Run: Days = -1069.5)
GC-31,SA-0457_T,2022-08-07 10:45,Alkhorayef (ACC),538 Series (ACC WE),WE-2600,WE-2600,153,7350.0,0.0,-963.6,701.0,2820.0,2119.0,186.0,143.0,55.0,0.9167,45.1,Mauddud (MA),137779.0,1.0958,0.4257,32.54,38.72,1.0858,1.0561,108.7,2753.4,1473.4,115.11,1280.0,2607.1,2607.1,1327.1,103.68,103.68,OVER_PREDICTION,True,True,True,True,True,True,False,False,2. QUALIFIED_5QC_HISTORICAL_RUN,Pass 5 QC Gates (Historical Completion Run: Days = -963.6)
GC-31,SA-0457_T,2022-12-04 08:30,Alkhorayef (ACC),538 Series (ACC WE),WE-2600,WE-2600,153,7350.0,0.0,-844.7,759.0,2980.0,2221.0,202.0,140.0,54.0,0.9,50.2,Mauddud (MA),137779.0,1.0958,0.431,33.68,41.58,1.0898,1.0547,119.1,2592.0,1207.0,87.15,1385.0,2457.5,2457.5,1072.5,77.44,77.44,OVER_PREDICTION,True,True,True,True,True,True,False,False,2. QUALIFIED_5QC_HISTORICAL_RUN,Pass 5 QC Gates (Historical Completion Run: Days = -844.7)
GC-31,SA-0457_T,2023-02-23 19:30,Alkhorayef (ACC),538 Series (ACC WE),WE-2600,WE-2600,153,7350.0,0.0,-763.2,824.0,3300.0,2476.0,307.0,142.0,52.0,0.8667,45.8,Mauddud (MA),137779.0,1.0958,0.4264,37.95,50.52,1.0944,1.0603,130.8,1953.0,712.0,57.37,1241.0,1841.9,1841.9,600.9,48.42,48.42,OVER_PREDICTION,True,True,True,True,True,True,False,False,2. QUALIFIED_5QC_HISTORICAL_RUN,Pass 5 QC Gates (Historical Completion Run: Days = -763.2)
GC-31,SA-0457_T,2023-06-19 11:30,Alkhorayef (ACC),538 Series (ACC WE),WE-2600,WE-2600,153,7350.0,0.0,-647.5,679.0,2982.0,2303.0,230.0,141.0,55.0,0.9167,47.2,Mauddud (MA),137779.0,1.0958,0.4278,35.18,41.86,1.0843,1.0539,104.9,2627.9,1595.9,154.64,1032.0,2493.4,2493.4,1461.4,141.61,141.61,OVER_PREDICTION,True,True,True,True,True,True,False,False,2. QUALIFIED_5QC_HISTORICAL_RUN,Pass 5 QC Gates (Historical Completion Run: Days = -647.5)
GC-31,SA-0457_T,2023-12-19 08:15,Alkhorayef (ACC),538 Series (ACC WE),WE-2600,WE-2600,153,7350.0,0.0,-464.7,475.0,3364.0,2889.0,323.0,148.0,54.0,0.9,44.0,Mauddud (MA),137779.0,1.0958,0.4245,44.48,54.91,1.071,1.0486,70.2,1444.5,492.5,51.73,952.0,1377.6,1377.6,425.6,44.71,44.71,OVER_PREDICTION,True,True,True,True,True,True,False,False,2. QUALIFIED_5QC_HISTORICAL_RUN,Pass 5 QC Gates (Historical Completion Run: Days = -464.7)
GC-31,SA-0457_T,2024-06-07 08:30,Alkhorayef (ACC),538 Series (ACC WE),WE-2600,WE-2600,153,7350.0,0.0,-293.7,729.0,3188.0,2459.0,231.0,152.0,52.0,0.8667,50.3,Mauddud (MA),137779.0,1.0958,0.4311,37.28,49.63,1.0877,1.0536,113.7,2033.3,896.3,78.83,1137.0,1929.8,1929.8,792.8,69.73,69.73,OVER_PREDICTION,True,True,True,True,True,True,False,False,2. QUALIFIED_5QC_HISTORICAL_RUN,Pass 5 QC Gates (Historical Completion Run: Days = -293.7)
GC-31,SA-0457_T,2024-11-23 09:00,Alkhorayef (ACC),538 Series (ACC WE),WE-2600,WE-2600,153,7350.0,0.0,-124.6,1578.0,3270.0,1692.0,257.0,146.0,40.0,0.6667,57.4,Mauddud (MA),137779.0,1.0958,0.4385,25.22,56.74,1.1544,1.0773,278.6,856.7,-543.3,-38.81,1400.0,795.3,795.3,-604.7,-43.19,43.19,UNDER_PREDICTION,True,True,True,True,True,True,False,False,2. QUALIFIED_5QC_HISTORICAL_RUN,Pass 5 QC Gates (Historical Completion Run: Days = -124.6)
GC-31,SA-0457_T,2025-04-16 08:45,Alkhorayef (ACC),538 Series (ACC WE),WE-2600,WE-2600,153,7350.0,19.3,19.3,1033.0,3289.0,2256.0,271.0,142.0,50.0,0.8333,53.9,Mauddud (MA),137779.0,1.0958,0.4348,33.91,48.83,1.1098,1.0614,169.8,2017.3,793.4,64.83,1223.9,1900.6,1900.6,676.7,55.29,55.29,OVER_PREDICTION,True,True,True,True,True,True,True,True,1. QUALIFIED_5QC_CLEAN_ACTIVE,Pass: Active completion run meeting all 5 QC physical screening gates
GC-31,SA-0457_T,2025-08-02 17:30,Alkhorayef (ACC),538 Series (ACC WE),WE-2600,WE-2600,153,7350.0,127.7,127.7,924.0,3235.0,2311.0,217.0,147.0,50.0,0.8333,57.0,Mauddud (MA),137779.0,1.0958,0.4381,34.48,49.66,1.1016,1.0551,149.3,1952.4,793.4,68.46,1159.0,1850.4,1850.4,691.4,59.65,59.65,OVER_PREDICTION,True,True,True,True,True,True,True,True,1. QUALIFIED_5QC_CLEAN_ACTIVE,Pass: Active completion run meeting all 5 QC physical screening gates
GC-31,SA-0457_T,2025-09-20 09:30,Alkhorayef (ACC),538 Series (ACC WE),WE-2600,WE-2600,153,7350.0,176.4,176.4,920.0,3285.0,2365.0,233.0,149.0,50.0,0.8333,41.4,Mauddud (MA),137779.0,1.0958,0.4218,36.65,52.78,1.1013,1.0677,148.5,1633.3,640.3,64.48,993.0,1529.8,1529.8,536.8,54.06,54.06,OVER_PREDICTION,True,True,True,True,True,True,True,True,1. QUALIFIED_5QC_CLEAN_ACTIVE,Pass: Active completion run meeting all 5 QC physical screening gates
GC-31,SA-0457_T,2026-01-17 12:45,Alkhorayef (ACC),538 Series (ACC WE),WE-2600,WE-2600,153,7350.0,295.5,295.5,1196.0,3454.0,2258.0,323.0,149.0,50.0,0.8333,63.1,Mauddud (MA),137779.0,1.0958,0.4444,33.21,47.83,1.1225,1.0578,201.4,2087.1,837.1,66.97,1250.0,1973.0,1973.0,723.0,57.84,57.84,OVER_PREDICTION,True,True,True,True,True,True,True,True,1. QUALIFIED_5QC_CLEAN_ACTIVE,Pass: Active completion run meeting all 5 QC physical screening gates
GC-31,SA-0457_T,2026-04-27 08:30,Alkhorayef (ACC),538 Series (ACC WE),WE-2600,WE-2600,153,7350.0,395.3,395.3,634.0,3386.0,2752.0,173.0,151.0,54.0,0.9,74.9,Mauddud (MA),137779.0,1.0958,0.4567,39.38,48.62,1.0812,1.0354,97.0,2195.3,802.3,57.6,1393.0,2120.3,2120.3,727.3,52.21,52.21,OVER_PREDICTION,True,True,True,True,True,True,True,True,1. QUALIFIED_5QC_CLEAN_ACTIVE,Pass: Active completion run meeting all 5 QC physical screening gates
GC-31,SA-0457_T,2026-07-28 08:30,Alkhorayef (ACC),538 Series (ACC WE),WE-2600,WE-2600,153,7350.0,487.3,487.3,824.0,3548.0,2724.0,211.0,156.0,54.0,0.9,60.9,Mauddud (MA),137779.0,1.0958,0.4421,40.27,49.72,1.0944,1.0491,130.8,2103.3,1141.3,118.64,962.0,2004.9,2004.9,1042.9,108.41,108.41,OVER_PREDICTION,True,True,True,True,True,True,True,True,1. QUALIFIED_5QC_CLEAN_ACTIVE,Pass: Active completion run meeting all 5 QC physical screening gates
GC-31,SA-0468_T,2021-03-11 10:45,Alkhorayef (ACC),538 Series (ACC WE),WE-1500c,WE-1500,158,7500.0,0.0,-745.4,1385.0,,,227.0,131.0,54.0,0.9,44.0,Upper Burgan (UB),199739.0,1.1388,0.4293,,,1.138,1.0861,239.0,,,,787.0,,,,,,,False,False,False,True,True,False,False,False,7. FAILED_MISSING_TELEMETRY,"Failed Gate 1: Missing Telemetry (PIP=1385.0, PDP=nan)"
GC-31,SA-0468_T,2021-07-14 09:15,Alkhorayef (ACC),538 Series (ACC WE),WE-1500c,WE-1500,158,7500.0,0.0,-620.5,1221.0,,,200.0,136.0,60.0,1.0,45.9,Upper Burgan (UB),199739.0,1.1388,0.4314,,,1.1245,1.0766,206.3,,,,810.0,,,,,,,False,False,False,True,True,False,False,False,7. FAILED_MISSING_TELEMETRY,"Failed Gate 1: Missing Telemetry (PIP=1221.0, PDP=nan)"
GC-31,SA-0468_T,2021-09-20 08:15,Alkhorayef (ACC),538 Series (ACC WE),WE-1500c,WE-1500,158,7500.0,0.0,-552.5,1362.0,,,208.0,137.0,54.0,0.9,55.0,Upper Burgan (UB),199739.0,1.1388,0.4419,,,1.136,1.0722,234.4,,,,832.0,,,,,,,False,False,False,True,True,False,False,False,7. FAILED_MISSING_TELEMETRY,"Failed Gate 1: Missing Telemetry (PIP=1362.0, PDP=nan)"
GC-31,SA-0468_T,2022-01-04 08:15,Alkhorayef (ACC),538 Series (ACC WE),WE-1500c,WE-1500,158,7500.0,0.0,-446.5,1794.0,,,210.0,131.0,54.0,0.9,57.6,Upper Burgan (UB),199739.0,1.1388,0.4449,,,1.1736,1.0851,324.0,,,,877.0,,,,,,,False,False,False,True,True,False,False,False,7. FAILED_MISSING_TELEMETRY,"Failed Gate 1: Missing Telemetry (PIP=1794.0, PDP=nan)"
GC-31,SA-0468_T,2022-04-23 11:00,Alkhorayef (ACC),538 Series (ACC WE),WE-1500c,WE-1500,158,7500.0,0.0,-337.4,1447.0,3020.0,1573.0,186.0,139.0,58.0,0.9667,49.6,Upper Burgan (UB),199739.0,1.1388,0.4357,22.85,24.45,1.1432,1.0821,251.6,2677.8,1675.8,167.25,1002.0,2474.7,2474.7,1472.7,146.98,146.98,OVER_PREDICTION,True,True,True,True,True,True,False,False,2. QUALIFIED_5QC_HISTORICAL_RUN,Pass 5 QC Gates (Historical Completion Run: Days = -337.4)
GC-31,SA-0468_T,2022-08-03 09:00,Alkhorayef (ACC),538 Series (ACC WE),WE-1500c,WE-1500,158,7500.0,0.0,-235.5,1440.0,3144.0,1704.0,206.0,143.0,58.0,0.9667,51.1,Upper Burgan (UB),199739.0,1.1388,0.4374,24.66,26.39,1.1426,1.0799,250.2,2677.8,1737.8,184.87,940.0,2479.6,2479.6,1539.6,163.79,163.79,OVER_PREDICTION,True,True,True,True,True,True,False,False,2. QUALIFIED_5QC_HISTORICAL_RUN,Pass 5 QC Gates (Historical Completion Run: Days = -235.5)
GC-31,SA-0468_T,2023-05-02 08:45,Alkhorayef (ACC),538 Series (ACC WE),WE-1500c,WE-1500,158,7500.0,36.5,36.5,1028.0,,,215.0,141.0,50.0,0.8333,47.3,Upper Burgan (UB),199739.0,1.1388,0.4331,,,1.1094,1.0671,168.9,,,,1317.0,,,,,,,False,False,False,True,True,False,True,False,7. FAILED_MISSING_TELEMETRY,"Failed Gate 1: Missing Telemetry (PIP=1028.0, PDP=nan)"
GC-31,SA-0468_T,2023-09-03 11:15,Alkhorayef (ACC),538 Series (ACC WE),WE-1500c,WE-1500,158,7500.0,160.6,160.6,785.0,3131.0,2346.0,187.0,137.0,50.0,0.8333,40.8,Upper Burgan (UB),199739.0,1.1388,0.4256,34.89,50.25,1.0916,1.0624,123.8,1660.8,550.8,49.62,1110.0,1563.3,1563.3,453.3,40.84,40.84,OVER_PREDICTION,True,True,True,True,True,True,True,True,1. QUALIFIED_5QC_CLEAN_ACTIVE,Pass: Active completion run meeting all 5 QC physical screening gates
GC-31,SA-0468_T,2023-12-21 08:30,Alkhorayef (ACC),538 Series (ACC WE),WE-1500c,WE-1500,158,7500.0,269.5,269.5,755.0,3183.0,2428.0,210.0,141.0,50.0,0.8333,58.0,Upper Burgan (UB),199739.0,1.1388,0.4454,34.5,49.68,1.0895,1.0492,118.4,1684.1,781.1,86.5,903.0,1605.1,1605.1,702.1,77.75,77.75,OVER_PREDICTION,True,True,True,True,True,True,True,True,1. QUALIFIED_5QC_CLEAN_ACTIVE,Pass: Active completion run meeting all 5 QC physical screening gates
GC-31,SA-0468_T,2024-04-07 08:00,Alkhorayef (ACC),538 Series (ACC WE),WE-1500c,WE-1500,158,7500.0,377.5,377.5,751.0,3150.0,2399.0,251.0,120.0,50.0,0.8333,49.7,Upper Burgan (UB),199739.0,1.1388,0.4358,34.84,50.17,1.0892,1.0548,117.6,1664.1,929.1,126.41,735.0,1577.6,1577.6,842.6,114.64,114.64,OVER_PREDICTION,True,True,True,True,True,True,True,True,1. QUALIFIED_5QC_CLEAN_ACTIVE,Pass: Active completion run meeting all 5 QC physical screening gates
GC-31,SA-0468_T,2024-09-23 09:00,Alkhorayef (ACC),538 Series (ACC WE),WE-1500c,WE-1500,158,7500.0,546.5,546.5,741.0,3271.0,2530.0,283.3,135.0,50.0,0.8333,49.6,Upper Burgan (UB),199739.0,1.1388,0.4357,36.75,52.92,1.0885,1.0545,115.8,1548.6,809.0,109.38,739.6,1468.5,1468.5,728.9,98.55,98.55,OVER_PREDICTION,True,True,True,True,True,True,True,True,1. QUALIFIED_5QC_CLEAN_ACTIVE,Pass: Active completion run meeting all 5 QC physical screening gates
GC-31,SA-0468_T,2025-01-27 18:00,Alkhorayef (ACC),538 Series (ACC WE),WE-1500c,WE-1500,158,7500.0,672.9,672.9,719.0,3205.0,2486.0,256.0,130.0,50.0,0.8333,50.1,Upper Burgan (UB),199739.0,1.1388,0.4363,36.07,51.94,1.087,1.0534,111.9,1590.7,759.7,91.42,831.0,1510.0,1510.0,679.0,81.71,81.71,OVER_PREDICTION,True,True,True,True,True,True,True,True,1. QUALIFIED_5QC_CLEAN_ACTIVE,Pass: Active completion run meeting all 5 QC physical screening gates
GC-31,SA-0468_T,2025-06-10 08:15,Alkhorayef (ACC),538 Series (ACC WE),WE-1500c,WE-1500,158,7500.0,806.5,806.5,756.0,3466.0,2710.0,297.0,140.0,50.0,0.8333,60.3,Upper Burgan (UB),199739.0,1.1388,0.448,38.29,55.14,1.0896,1.0476,118.5,1449.0,701.0,93.72,748.0,1383.1,1383.1,635.1,84.91,84.91,OVER_PREDICTION,True,True,True,True,True,True,True,True,1. QUALIFIED_5QC_CLEAN_ACTIVE,Pass: Active completion run meeting all 5 QC physical screening gates
GC-31,SA-0468_T,2025-09-26 07:00,Alkhorayef (ACC),538 Series (ACC WE),WE-1500c,WE-1500,158,7500.0,914.4,914.4,820.0,3510.0,2690.0,269.0,145.0,50.0,0.8333,60.0,Upper Burgan (UB),199739.0,1.1388,0.4477,38.03,54.77,1.0941,1.0496,130.1,1466.1,599.1,69.1,867.0,1396.8,1396.8,529.8,61.11,61.11,OVER_PREDICTION,True,True,True,True,True,True,True,True,1. QUALIFIED_5QC_CLEAN_ACTIVE,Pass: Active completion run meeting all 5 QC physical screening gates
GC-31,SA-0468_T,2026-01-12 20:15,Alkhorayef (ACC),538 Series (ACC WE),WE-1500c,WE-1500,158,7500.0,1023.0,1023.0,855.0,3439.0,2584.0,316.0,123.0,50.0,0.8333,63.3,Upper Burgan (UB),199739.0,1.1388,0.4515,36.23,52.18,1.0966,1.0481,136.5,1580.4,823.4,108.77,757.0,1507.9,1507.9,750.9,99.19,99.19,OVER_PREDICTION,True,True,True,True,True,True,True,True,1. QUALIFIED_5QC_CLEAN_ACTIVE,Pass: Active completion run meeting all 5 QC physical screening gates
GC-31,SA-0472_T,2021-01-27 09:15,Baker Hughes (Centrilift),538 Series (Centrilift Centurion),P11,P11,197,7300.0,0.0,-387.8,1774.0,,,246.0,127.0,45.0,0.75,60.0,Mauddud (MA),137779.0,1.0958,0.4412,,,1.1718,1.0807,319.7,,,,707.0,,,,,,,False,False,False,True,True,False,False,False,7. FAILED_MISSING_TELEMETRY,"Failed Gate 1: Missing Telemetry (PIP=1774.0, PDP=nan)"
GC-31,SA-0472_T,2021-06-01 08:15,Baker Hughes (Centrilift),538 Series (Centrilift Centurion),P11,P11,197,7300.0,0.0,-262.8,2094.0,,,131.0,110.0,47.0,0.7833,57.0,Mauddud (MA),137779.0,1.0958,0.4381,,,1.1848,1.0909,350.0,,,,270.0,,,,,,,False,False,False,True,True,False,False,False,7. FAILED_MISSING_TELEMETRY,"Failed Gate 1: Missing Telemetry (PIP=2094.0, PDP=nan)"
GC-31,SA-0472_T,2022-03-08 19:00,Baker Hughes (Centrilift),538 Series (Centrilift Centurion),P11,P11,197,7300.0,17.7,17.7,1889.0,,,130.0,116.0,50.0,0.8333,65.5,Mauddud (MA),137779.0,1.0958,0.4469,,,1.1823,1.076,344.3,,,,1149.0,,,,,,,False,False,False,True,True,False,True,False,7. FAILED_MISSING_TELEMETRY,"Failed Gate 1: Missing Telemetry (PIP=1889.0, PDP=nan)"
GC-31,SA-0472_T,2022-06-08 16:15,Baker Hughes (Centrilift),538 Series (Centrilift Centurion),P11,P11,197,7300.0,109.5,109.5,,2670.0,,239.0,137.0,51.0,0.85,55.8,Mauddud (MA),137779.0,1.0958,0.4368,,,1.1477,1.0764,262.5,,,,1229.0,,,,,,,False,False,False,True,True,False,True,False,7. FAILED_MISSING_TELEMETRY,"Failed Gate 1: Missing Telemetry (PIP=nan, PDP=2670.0)"
GC-31,SA-0472_T,2022-09-10 08:30,Baker Hughes (Centrilift),538 Series (Centrilift Centurion),P11,P11,197,7300.0,203.2,203.2,1841.0,2466.0,625.0,265.0,128.0,51.0,0.85,16.6,Mauddud (MA),137779.0,1.0958,0.3959,8.01,11.09,1.1779,1.1517,334.0,1368.2,182.2,15.36,1186.0,1188.0,1188.0,2.0,0.17,0.17,OVER_PREDICTION,True,True,True,True,True,True,True,True,1. QUALIFIED_5QC_CLEAN_ACTIVE,Pass: Active completion run meeting all 5 QC physical screening gates
GC-31,SA-0472_T,2023-03-07 08:45,Baker Hughes (Centrilift),538 Series (Centrilift Centurion),P11,P11,197,7300.0,381.2,381.2,1884.0,3020.0,1136.0,295.0,134.0,51.0,0.85,53.9,Mauddud (MA),137779.0,1.0958,0.4348,13.26,18.35,1.1819,1.0946,343.2,1307.7,80.7,6.58,1227.0,1194.7,1194.7,-32.3,-2.63,2.63,UNDER_PREDICTION,True,True,True,True,True,True,True,True,1. QUALIFIED_5QC_CLEAN_ACTIVE,Pass: Active completion run meeting all 5 QC physical screening gates
GC-31,SA-0472_T,2023-07-09 05:30,Baker Hughes (Centrilift),538 Series (Centrilift Centurion),P11,P11,197,7300.0,505.1,505.1,1630.0,2819.0,1189.0,258.0,137.0,54.0,0.9,42.7,Mauddud (MA),137779.0,1.0958,0.4232,14.26,17.6,1.159,1.0996,289.4,1391.8,18.8,1.37,1373.0,1265.7,1265.7,-107.3,-7.82,7.82,UNDER_PREDICTION,True,True,True,True,True,True,True,True,1. QUALIFIED_5QC_CLEAN_ACTIVE,Pass: Active completion run meeting all 5 QC physical screening gates
GC-31,SA-0472_T,2023-11-02 07:00,Baker Hughes (Centrilift),538 Series (Centrilift Centurion),P11,P11,197,7300.0,621.2,621.2,1680.0,2866.0,1186.0,236.0,137.0,54.0,0.9,40.4,Mauddud (MA),137779.0,1.0958,0.4208,14.31,17.67,1.1634,1.1055,299.9,1391.1,-38.9,-2.72,1430.0,1258.4,1258.4,-171.6,-12.0,12.0,UNDER_PREDICTION,True,True,True,True,True,True,True,True,1. QUALIFIED_5QC_CLEAN_ACTIVE,Pass: Active completion run meeting all 5 QC physical screening gates
GC-31,SA-0472_T,2024-01-15 09:00,Baker Hughes (Centrilift),538 Series (Centrilift Centurion),P11,P11,197,7300.0,695.2,695.2,2071.0,3480.0,1409.0,272.0,147.0,54.0,0.9,87.2,Mauddud (MA),137779.0,1.0958,0.4695,15.23,18.8,1.1848,1.0411,350.0,1380.3,8.3,0.6,1372.0,1325.8,1325.8,-46.2,-3.37,3.37,UNDER_PREDICTION,True,True,True,True,True,True,True,True,1. QUALIFIED_5QC_CLEAN_ACTIVE,Pass: Active completion run meeting all 5 QC physical screening gates
GC-31,SA-0472_T,2024-03-14 13:00,Baker Hughes (Centrilift),538 Series (Centrilift Centurion),P11,P11,197,7300.0,754.4,754.4,2244.0,3250.0,1006.0,243.0,133.0,50.0,0.8333,74.0,Mauddud (MA),137779.0,1.0958,0.4558,11.2,16.13,1.1848,1.0628,350.0,1301.1,105.1,8.79,1196.0,1224.2,1224.2,28.2,2.36,2.36,OVER_PREDICTION,True,True,True,True,True,True,True,True,1. QUALIFIED_5QC_CLEAN_ACTIVE,Pass: Active completion run meeting all 5 QC physical screening gates
GC-31,SA-0472_T,2024-05-16 09:45,Baker Hughes (Centrilift),538 Series (Centrilift Centurion),P11,P11,197,7300.0,817.3,817.3,1815.0,3412.0,1597.0,246.0,151.0,55.0,0.9167,90.4,Mauddud (MA),137779.0,1.0958,0.4729,17.14,20.4,1.1755,1.0349,328.4,1390.0,80.0,6.11,1310.0,1343.1,1343.1,33.1,2.53,2.53,OVER_PREDICTION,True,True,True,True,True,True,True,True,1. QUALIFIED_5QC_CLEAN_ACTIVE,Pass: Active completion run meeting all 5 QC physical screening gates
GC-31,SA-0472_T,2024-10-01 08:45,Baker Hughes (Centrilift),538 Series (Centrilift Centurion),P11,P11,197,7300.0,955.2,955.2,1680.0,3124.0,1444.0,240.5,136.8,50.0,0.8333,75.5,Mauddud (MA),137779.0,1.0958,0.4573,16.03,23.09,1.1634,1.0551,299.9,1238.0,148.2,13.6,1089.8,1173.3,1173.3,83.5,7.66,7.66,OVER_PREDICTION,True,True,True,True,True,True,True,True,1. QUALIFIED_5QC_CLEAN_ACTIVE,Pass: Active completion run meeting all 5 QC physical screening gates
GC-31,SA-0472_T,2025-02-10 09:00,Baker Hughes (Centrilift),538 Series (Centrilift Centurion),P11,P11,197,7300.0,1087.2,1087.2,1760.0,0.0,-1760.0,292.0,139.0,50.0,0.8333,63.9,Mauddud (MA),137779.0,1.0958,0.4452,,,1.1706,1.0744,316.7,,,,1133.0,,,,,,,True,False,False,True,True,False,True,False,3. FAILED_ZERO_NEGATIVE_LIFT,"Failed Gate 2: Negative/Zero Lift (PDP=0.0 <= PIP=1760.0, dP=-1760.0 psi)"
GC-31,SA-0472_T,2025-05-24 08:15,Baker Hughes (Centrilift),538 Series (Centrilift Centurion),P11,P11,197,7300.0,1190.2,1190.2,1550.0,3048.0,1498.0,201.0,140.0,50.0,0.8333,48.6,Mauddud (MA),137779.0,1.0958,0.4293,17.71,25.5,1.152,1.0878,272.8,1213.6,152.6,14.38,1061.0,1115.6,1115.6,54.6,5.15,5.15,OVER_PREDICTION,True,True,True,True,True,True,True,True,1. QUALIFIED_5QC_CLEAN_ACTIVE,Pass: Active completion run meeting all 5 QC physical screening gates
GC-31,SA-0472_T,2025-09-15 08:45,Baker Hughes (Centrilift),538 Series (Centrilift Centurion),P11,P11,197,7300.0,1304.2,1304.2,1562.0,3118.0,1556.0,244.0,139.0,50.0,0.8333,61.5,Mauddud (MA),137779.0,1.0958,0.4427,17.84,25.69,1.153,1.0712,275.2,1211.7,209.7,20.93,1002.0,1131.1,1131.1,129.1,12.88,12.88,OVER_PREDICTION,True,True,True,True,True,True,True,True,1. QUALIFIED_5QC_CLEAN_ACTIVE,Pass: Active completion run meeting all 5 QC physical screening gates
GC-31,SA-0472_T,2025-11-24 08:30,Baker Hughes (Centrilift),538 Series (Centrilift Centurion),P11,P11,197,7300.0,1374.2,1374.2,1885.0,3445.0,1560.0,380.0,130.0,52.0,0.8667,71.2,Mauddud (MA),137779.0,1.0958,0.4529,17.49,23.28,1.182,1.0666,343.4,1285.7,252.7,24.46,1033.0,1205.4,1205.4,172.4,16.69,16.69,OVER_PREDICTION,True,True,True,True,True,True,True,True,1. QUALIFIED_5QC_CLEAN_ACTIVE,Pass: Active completion run meeting all 5 QC physical screening gates
GC-31,SA-0472_T,2026-03-13 07:15,Baker Hughes (Centrilift),538 Series (Centrilift Centurion),P11,P11,197,7300.0,1483.2,1483.2,2270.0,3456.0,1186.0,341.0,144.0,52.0,0.8667,76.9,Mauddud (MA),137779.0,1.0958,0.4588,13.12,17.47,1.1848,1.0581,350.0,1341.5,110.5,8.98,1231.0,1267.9,1267.9,36.9,3.0,3.0,OVER_PREDICTION,True,True,True,True,True,True,True,True,1. QUALIFIED_5QC_CLEAN_ACTIVE,Pass: Active completion run meeting all 5 QC physical screening gates
GC-31,SA-0472_T,2026-06-06 07:00,Baker Hughes (Centrilift),538 Series (Centrilift Centurion),P11,P11,197,7300.0,1568.2,1568.2,2097.0,3399.0,1302.0,289.0,141.0,52.0,0.8667,81.0,Mauddud (MA),137779.0,1.0958,0.4631,14.27,19.0,1.1848,1.0513,350.0,1327.4,28.4,2.19,1299.0,1262.6,1262.6,-36.4,-2.8,2.8,UNDER_PREDICTION,True,True,True,True,True,True,True,True,1. QUALIFIED_5QC_CLEAN_ACTIVE,Pass: Active completion run meeting all 5 QC physical screening gates
GC-31,SA-0493_T,2021-04-29 04:45,Alkhorayef (ACC),538 Series (ACC WG),WG-4000c,WG-4000,182,7400.0,0.0,-1222.8,1158.0,,,124.0,146.0,50.0,0.8333,64.0,Upper Burgan (UB),199739.0,1.1388,0.4454,,,1.1195,1.0558,194.0,,,,1016.0,,,,,,,False,False,False,True,True,False,False,False,7. FAILED_MISSING_TELEMETRY,"Failed Gate 1: Missing Telemetry (PIP=1158.0, PDP=nan)"
GC-31,SA-0493_T,2021-10-22 10:15,Alkhorayef (ACC),538 Series (ACC WG),WG-4000c,WG-4000,182,7400.0,0.0,-1046.6,1339.0,,,174.0,150.0,52.0,0.8667,71.1,Upper Burgan (UB),199739.0,1.1388,0.4528,,,1.1341,1.053,229.8,,,,1084.0,,,,,,,False,False,False,True,True,False,False,False,7. FAILED_MISSING_TELEMETRY,"Failed Gate 1: Missing Telemetry (PIP=1339.0, PDP=nan)"
GC-31,SA-0493_T,2022-02-07 10:00,Alkhorayef (ACC),538 Series (ACC WG),WG-4000c,WG-4000,182,7400.0,0.0,-938.6,,,,210.0,153.0,52.0,0.8667,74.2,Upper Burgan (UB),199739.0,1.1388,0.456,,,1.1477,1.0529,262.5,,,,969.0,,,,,,,False,False,False,True,True,False,False,False,7. FAILED_MISSING_TELEMETRY,"Failed Gate 1: Missing Telemetry (PIP=nan, PDP=nan)"
GC-31,SA-0493_T,2022-06-22 12:30,Alkhorayef (ACC),538 Series (ACC WG),WG-4000c,WG-4000,182,7400.0,0.0,-803.5,1420.0,3570.0,2150.0,152.0,158.0,54.0,0.9,80.0,Upper Burgan (UB),199739.0,1.1388,0.462,25.57,31.57,1.1409,1.0442,246.1,4419.8,2893.8,189.63,1526.0,4232.8,4232.8,2706.8,177.38,177.38,OVER_PREDICTION,True,True,True,True,True,True,False,False,2. QUALIFIED_5QC_HISTORICAL_RUN,Pass 5 QC Gates (Historical Completion Run: Days = -803.5)
GC-31,SA-0493_T,2022-10-02 08:00,Alkhorayef (ACC),538 Series (ACC WG),WG-4000c,WG-4000,182,7400.0,0.0,-701.7,1300.0,3654.0,2354.0,188.0,155.0,54.0,0.9,86.6,Upper Burgan (UB),199739.0,1.1388,0.4689,27.58,34.05,1.1309,1.0349,222.0,4162.5,2741.5,192.93,1421.0,4022.3,4022.3,2601.3,183.06,183.06,OVER_PREDICTION,True,True,True,True,True,True,False,False,2. QUALIFIED_5QC_HISTORICAL_RUN,Pass 5 QC Gates (Historical Completion Run: Days = -701.7)
GC-31,SA-0493_T,2023-01-09 08:00,Alkhorayef (ACC),538 Series (ACC WG),WG-4000c,WG-4000,182,7400.0,0.0,-602.7,1443.0,3596.0,2153.0,182.0,153.0,54.0,0.9,91.0,Upper Burgan (UB),199739.0,1.1388,0.4735,24.98,30.84,1.1428,1.0311,250.8,4491.2,3002.2,201.63,1489.0,4355.9,4355.9,2866.9,192.54,192.54,OVER_PREDICTION,True,True,True,True,True,True,False,False,2. QUALIFIED_5QC_HISTORICAL_RUN,Pass 5 QC Gates (Historical Completion Run: Days = -602.7)
GC-31,SA-0493_T,2023-09-01 08:30,Alkhorayef (ACC),538 Series (ACC WG),WG-4000c,WG-4000,182,7400.0,0.0,-367.7,1321.0,,,263.0,153.0,50.0,0.8333,77.1,Upper Burgan (UB),199739.0,1.1388,0.459,,,1.1327,1.0458,226.2,,,,2046.0,,,,,,,False,False,False,True,True,False,False,False,7. FAILED_MISSING_TELEMETRY,"Failed Gate 1: Missing Telemetry (PIP=1321.0, PDP=nan)"
GC-31,SA-0493_T,2023-12-18 08:30,Alkhorayef (ACC),538 Series (ACC WG),WG-4000c,WG-4000,182,7400.0,0.0,-259.7,1828.0,2625.0,797.0,271.0,166.0,50.0,0.8333,85.2,Upper Burgan (UB),199739.0,1.1388,0.4674,9.37,13.49,1.1767,1.0432,331.2,5374.8,3017.8,128.04,2357.0,5152.2,5152.2,2795.2,118.59,118.59,OVER_PREDICTION,True,True,True,True,True,True,False,False,2. QUALIFIED_5QC_HISTORICAL_RUN,Pass 5 QC Gates (Historical Completion Run: Days = -259.7)
GC-31,SA-0493_T,2024-03-26 08:15,Alkhorayef (ACC),538 Series (ACC WG),WG-4000c,WG-4000,182,7400.0,0.0,-160.7,1719.0,1719.0,0.0,288.0,157.0,50.0,0.8333,88.7,Upper Burgan (UB),199739.0,1.1388,0.4711,,,1.1669,1.0366,308.1,,,,2302.0,,,,,,,True,False,False,True,True,False,False,False,3. FAILED_ZERO_NEGATIVE_LIFT,"Failed Gate 2: Negative/Zero Lift (PDP=1719.0 <= PIP=1719.0, dP=0.0 psi)"
GC-31,SA-0493_T,2024-09-17 08:00,Alkhorayef (ACC),538 Series (ACC WG),WG-4000c,WG-4000,182,7400.0,14.3,14.3,1024.0,3857.0,2833.0,222.0,162.0,50.0,0.8333,91.2,Upper Burgan (UB),199739.0,1.1388,0.4737,32.86,47.32,1.1091,1.0278,168.1,1975.3,195.3,10.97,1780.0,1921.8,1921.8,141.8,7.97,7.97,OVER_PREDICTION,True,True,True,True,True,True,True,True,1. QUALIFIED_5QC_CLEAN_ACTIVE,Pass: Active completion run meeting all 5 QC physical screening gates
GC-31,SA-0493_T,2025-01-07 07:45,Alkhorayef (ACC),538 Series (ACC WG),WG-4000c,WG-4000,182,7400.0,126.3,126.3,1083.0,3697.0,2614.0,240.0,161.0,50.0,0.8333,90.9,Upper Burgan (UB),199739.0,1.1388,0.4734,30.34,43.69,1.1137,1.0285,179.4,2620.1,802.1,44.12,1818.0,2547.4,2547.4,729.4,40.12,40.12,OVER_PREDICTION,True,True,True,True,True,True,True,True,1. QUALIFIED_5QC_CLEAN_ACTIVE,Pass: Active completion run meeting all 5 QC physical screening gates
GC-31,SA-0493_T,2025-05-14 08:15,Alkhorayef (ACC),538 Series (ACC WG),WG-4000c,WG-4000,182,7400.0,253.3,253.3,1224.0,3690.0,2466.0,247.0,162.0,50.0,0.8333,85.1,Upper Burgan (UB),199739.0,1.1388,0.4673,28.99,41.75,1.1248,1.0356,206.9,2920.7,640.7,28.1,2280.0,2820.3,2820.3,540.3,23.7,23.7,OVER_PREDICTION,True,True,True,True,True,True,True,True,1. QUALIFIED_5QC_CLEAN_ACTIVE,Pass: Active completion run meeting all 5 QC physical screening gates
GC-31,SA-0493_T,2025-09-13 17:00,Alkhorayef (ACC),538 Series (ACC WG),WG-4000c,WG-4000,182,7400.0,375.7,375.7,1054.0,3690.0,2636.0,220.0,157.0,50.0,0.8333,90.9,Upper Burgan (UB),199739.0,1.1388,0.4734,30.6,44.07,1.1114,1.0283,173.9,2558.9,946.9,58.74,1612.0,2488.4,2488.4,876.4,54.37,54.37,OVER_PREDICTION,True,True,True,True,True,True,True,True,1. QUALIFIED_5QC_CLEAN_ACTIVE,Pass: Active completion run meeting all 5 QC physical screening gates
GC-31,SA-0493_T,2025-12-23 18:30,Alkhorayef (ACC),538 Series (ACC WG),WG-4000c,WG-4000,182,7400.0,476.7,476.7,1012.0,3691.0,2679.0,207.0,161.0,50.0,0.8333,89.5,Upper Burgan (UB),199739.0,1.1388,0.4719,31.19,44.92,1.1082,1.0293,165.8,2414.8,986.4,69.06,1428.4,2346.1,2346.1,917.7,64.25,64.25,OVER_PREDICTION,True,True,True,True,True,True,True,True,1. QUALIFIED_5QC_CLEAN_ACTIVE,Pass: Active completion run meeting all 5 QC physical screening gates
GC-31,SA-0493_T,2026-04-09 08:30,Alkhorayef (ACC),538 Series (ACC WG),WG-4000c,WG-4000,182,7400.0,583.3,583.3,976.0,3699.0,2723.0,190.0,161.0,50.0,0.8333,90.5,Upper Burgan (UB),199739.0,1.1388,0.473,31.63,45.55,1.1055,1.0281,159.0,2303.7,942.7,69.27,1361.0,2240.7,2240.7,879.7,64.64,64.64,OVER_PREDICTION,True,True,True,True,True,True,True,True,1. QUALIFIED_5QC_CLEAN_ACTIVE,Pass: Active completion run meeting all 5 QC physical screening gates
GC-31,SA-0493_T,2026-07-28 10:15,Alkhorayef (ACC),538 Series (ACC WG),WG-4000c,WG-4000,182,7400.0,693.4,693.4,1009.0,3732.0,2723.0,182.0,165.0,50.0,0.8333,91.1,Upper Burgan (UB),199739.0,1.1388,0.4736,31.59,45.49,1.108,1.0278,165.3,2314.1,626.1,37.09,1688.0,2251.4,2251.4,563.4,33.38,33.38,OVER_PREDICTION,True,True,True,True,True,True,True,True,1. QUALIFIED_5QC_CLEAN_ACTIVE,Pass: Active completion run meeting all 5 QC physical screening gates
GC-31,SA-0500_T,2021-02-14 08:30,Borets,538 Series (Borets WFT-538),B538-1500,B538-1500,148,7300.0,0.0,-813.2,1035.0,,,144.0,141.0,50.0,0.8333,51.4,Mauddud (MA),137779.0,1.0958,0.4322,,,1.11,1.0637,170.2,,,,1484.0,,,,,,,False,False,False,True,True,False,False,False,7. FAILED_MISSING_TELEMETRY,"Failed Gate 1: Missing Telemetry (PIP=1035.0, PDP=nan)"
GC-31,SA-0500_T,2021-07-31 06:30,Borets,538 Series (Borets WFT-538),B538-1500,B538-1500,148,7300.0,0.0,-646.3,786.0,,,152.0,143.0,50.0,0.8333,60.0,Mauddud (MA),137779.0,1.0958,0.4412,,,1.0917,1.0487,123.9,,,,1272.0,,,,,,,False,False,False,True,True,False,False,False,7. FAILED_MISSING_TELEMETRY,"Failed Gate 1: Missing Telemetry (PIP=786.0, PDP=nan)"
GC-31,SA-0500_T,2021-09-07 07:45,Borets,538 Series (Borets WFT-538),B538-1500,B538-1500,148,7300.0,0.0,-608.3,898.0,3132.0,2234.0,177.0,141.0,50.0,0.8333,62.0,Mauddud (MA),137779.0,1.0958,0.4433,34.05,49.04,1.0997,1.0503,144.4,1800.3,468.3,35.16,1332.0,1714.1,1714.1,382.1,28.69,28.69,OVER_PREDICTION,True,True,True,True,True,True,False,False,2. QUALIFIED_5QC_HISTORICAL_RUN,Pass 5 QC Gates (Historical Completion Run: Days = -608.3)
GC-31,SA-0500_T,2022-01-03 08:15,Borets,538 Series (Borets WFT-538),B538-1500,B538-1500,148,7300.0,0.0,-490.3,960.0,,,154.0,143.0,50.0,0.8333,57.0,Mauddud (MA),137779.0,1.0958,0.4381,,,1.1043,1.0563,156.0,,,,1472.0,,,,,,,False,False,False,True,True,False,False,False,7. FAILED_MISSING_TELEMETRY,"Failed Gate 1: Missing Telemetry (PIP=960.0, PDP=nan)"
GC-31,SA-0500_T,2022-04-13 03:50,Borets,538 Series (Borets WFT-538),B538-1500,B538-1500,148,7300.0,0.0,-390.4,1334.0,3119.0,1785.0,169.3,137.0,50.0,0.8333,70.5,Mauddud (MA),137779.0,1.0958,0.4521,26.68,38.42,1.1337,1.0536,228.8,2101.2,416.9,24.75,1684.3,1994.4,1994.4,310.1,18.41,18.41,OVER_PREDICTION,True,True,True,True,True,True,False,False,2. QUALIFIED_5QC_HISTORICAL_RUN,Pass 5 QC Gates (Historical Completion Run: Days = -390.4)
GC-31,SA-0500_T,2022-07-23 06:30,Borets,538 Series (Borets WFT-538),B538-1500,B538-1500,148,7300.0,0.0,-289.3,,3129.0,,167.1,138.0,50.0,0.8333,80.0,Mauddud (MA),137779.0,1.0958,0.462,,,1.1477,1.0455,262.5,,,,1563.4,,,,,,,False,False,False,True,True,False,False,False,7. FAILED_MISSING_TELEMETRY,"Failed Gate 1: Missing Telemetry (PIP=nan, PDP=3129.0)"
GC-31,SA-0500_T,2022-11-06 08:30,Borets,538 Series (Borets WFT-538),B538-1500,B538-1500,148,7300.0,0.0,-183.2,,,,166.0,138.7,50.0,0.8333,68.3,Mauddud (MA),137779.0,1.0958,0.4498,,,1.1477,1.0605,262.5,,,,1150.6,,,,,,,False,False,False,True,True,False,False,False,7. FAILED_MISSING_TELEMETRY,"Failed Gate 1: Missing Telemetry (PIP=nan, PDP=nan)"
GC-31,SA-0500_T,2023-06-03 08:15,Borets,538 Series (Borets WFT-538),B538-1500,B538-1500,148,7300.0,25.7,25.7,1212.0,3298.0,2086.0,374.0,139.0,50.0,0.8333,50.0,Mauddud (MA),137779.0,1.0958,0.4308,32.72,47.12,1.1238,1.0719,204.5,1863.1,448.1,31.67,1415.0,1738.1,1738.1,323.1,22.83,22.83,OVER_PREDICTION,True,True,True,True,True,True,True,True,1. QUALIFIED_5QC_CLEAN_ACTIVE,Pass: Active completion run meeting all 5 QC physical screening gates
GC-31,SA-0500_T,2023-09-23 08:00,Borets,538 Series (Borets WFT-538),B538-1500,B538-1500,148,7300.0,137.7,137.7,1242.0,3289.0,2047.0,260.0,151.0,50.0,0.8333,59.4,Mauddud (MA),137779.0,1.0958,0.4406,31.39,45.21,1.1262,1.0631,210.4,1921.0,676.0,54.3,1245.0,1806.9,1806.9,561.9,45.13,45.13,OVER_PREDICTION,True,True,True,True,True,True,True,True,1. QUALIFIED_5QC_CLEAN_ACTIVE,Pass: Active completion run meeting all 5 QC physical screening gates
GC-31,SA-0500_T,2024-01-24 08:00,Borets,538 Series (Borets WFT-538),B538-1500,B538-1500,148,7300.0,260.7,260.7,1492.0,3353.0,1861.0,273.0,153.0,50.0,0.8333,64.2,Mauddud (MA),137779.0,1.0958,0.4456,28.22,40.64,1.147,1.0655,260.8,2045.9,640.9,45.62,1405.0,1920.2,1920.2,515.2,36.67,36.67,OVER_PREDICTION,True,True,True,True,True,True,True,True,1. QUALIFIED_5QC_CLEAN_ACTIVE,Pass: Active completion run meeting all 5 QC physical screening gates
GC-31,SA-0500_T,2024-03-13 07:00,Borets,538 Series (Borets WFT-538),B538-1500,B538-1500,148,7300.0,309.7,309.7,1522.0,3364.0,1842.0,307.0,140.0,50.0,0.8333,63.6,Mauddud (MA),137779.0,1.0958,0.4449,27.97,40.28,1.1496,1.0672,267.0,2055.0,854.0,71.11,1201.0,1925.7,1925.7,724.7,60.34,60.34,OVER_PREDICTION,True,True,True,True,True,True,True,True,1. QUALIFIED_5QC_CLEAN_ACTIVE,Pass: Active completion run meeting all 5 QC physical screening gates
GC-31,SA-0500_T,2024-07-13 09:30,Borets,538 Series (Borets WFT-538),B538-1500,B538-1500,148,7300.0,431.8,431.8,1582.0,3322.0,1740.0,240.0,157.0,49.0,0.8167,70.4,Mauddud (MA),137779.0,1.0958,0.452,26.01,39.0,1.1548,1.0599,279.4,2045.5,729.5,55.43,1316.0,1929.9,1929.9,613.9,46.65,46.65,OVER_PREDICTION,True,True,True,True,True,True,True,True,1. QUALIFIED_5QC_CLEAN_ACTIVE,Pass: Active completion run meeting all 5 QC physical screening gates
GC-31,SA-0500_T,2024-12-31 08:15,Borets,538 Series (Borets WFT-538),B538-1500,B538-1500,148,7300.0,602.7,602.7,1812.0,3343.0,1531.0,275.0,158.0,49.0,0.8167,72.0,Mauddud (MA),137779.0,1.0958,0.4537,22.8,34.18,1.1753,1.0635,327.8,2155.3,674.3,45.53,1481.0,2026.7,2026.7,545.7,36.85,36.85,OVER_PREDICTION,True,True,True,True,True,True,True,True,1. QUALIFIED_5QC_CLEAN_ACTIVE,Pass: Active completion run meeting all 5 QC physical screening gates
GC-31,SA-0500_T,2025-06-19 08:15,Borets,538 Series (Borets WFT-538),B538-1500,B538-1500,148,7300.0,772.7,772.7,1659.0,3391.0,1732.0,291.0,155.0,49.0,0.8167,73.0,Mauddud (MA),137779.0,1.0958,0.4547,25.74,38.59,1.1615,1.0582,295.4,2055.3,709.3,52.7,1346.0,1942.2,1942.2,596.2,44.29,44.29,OVER_PREDICTION,True,True,True,True,True,True,True,True,1. QUALIFIED_5QC_CLEAN_ACTIVE,Pass: Active completion run meeting all 5 QC physical screening gates
GC-31,SA-0500_T,2025-09-29 07:45,Borets,538 Series (Borets WFT-538),B538-1500,B538-1500,148,7300.0,874.7,874.7,1499.0,3419.0,1920.0,272.0,135.0,49.0,0.8167,71.9,Mauddud (MA),137779.0,1.0958,0.4536,28.6,42.88,1.1476,1.0559,262.3,1947.4,640.4,49.0,1307.0,1844.4,1844.4,537.4,41.12,41.12,OVER_PREDICTION,True,True,True,True,True,True,True,True,1. QUALIFIED_5QC_CLEAN_ACTIVE,Pass: Active completion run meeting all 5 QC physical screening gates
GC-31,SA-0500_T,2026-01-16 20:15,Borets,538 Series (Borets WFT-538),B538-1500,B538-1500,148,7300.0,984.2,984.2,1467.0,3359.0,1892.0,231.0,140.0,49.0,0.8167,75.4,Mauddud (MA),137779.0,1.0958,0.4572,27.96,41.92,1.1449,1.0507,255.7,1972.6,735.6,59.47,1237.0,1877.4,1877.4,640.4,51.77,51.77,OVER_PREDICTION,True,True,True,True,True,True,True,True,1. QUALIFIED_5QC_CLEAN_ACTIVE,Pass: Active completion run meeting all 5 QC physical screening gates
GC-31,SA-0500_T,2026-04-26 12:00,Borets,538 Series (Borets WFT-538),B538-1500,B538-1500,148,7300.0,1083.9,1083.9,1499.0,3207.0,1708.0,181.0,153.0,49.0,0.8167,72.3,Mauddud (MA),137779.0,1.0958,0.454,25.42,38.11,1.1476,1.0553,262.3,2066.6,305.6,17.35,1761.0,1958.2,1958.2,197.2,11.2,11.2,OVER_PREDICTION,True,True,True,True,True,True,True,True,1. QUALIFIED_5QC_CLEAN_ACTIVE,Pass: Active completion run meeting all 5 QC physical screening gates
GC-31,SA-0512H_T,2021-01-06 07:50,REDA (Schlumberger),400 Series (REDA D),D1150N,D1150N,254,5900.0,0.0,-1602.5,710.0,,,501.7,113.5,55.0,0.9167,0.0,Mauddud (MA),137779.0,1.0958,0.3786,,,1.0864,1.0864,110.3,,,,694.6,,,,,,,False,False,False,True,True,False,False,False,7. FAILED_MISSING_TELEMETRY,"Failed Gate 1: Missing Telemetry (PIP=710.0, PDP=nan)"
GC-31,SA-0512H_T,2021-05-20 08:30,REDA (Schlumberger),400 Series (REDA D),D1150N,D1150N,254,5900.0,0.0,-1468.5,778.0,,,224.0,115.0,50.0,0.8333,0.0,Mauddud (MA),137779.0,1.0958,0.3786,,,1.0911,1.0911,122.5,,,,890.0,,,,,,,False,False,False,True,True,False,False,False,7. FAILED_MISSING_TELEMETRY,"Failed Gate 1: Missing Telemetry (PIP=778.0, PDP=nan)"
GC-31,SA-0512H_T,2021-10-22 08:30,REDA (Schlumberger),400 Series (REDA D),D1150N,D1150N,254,5900.0,0.0,-1313.5,,,,210.0,114.0,55.0,0.9167,0.0,Mauddud (MA),137779.0,1.0958,0.3786,,,1.1477,1.1477,262.5,,,,858.0,,,,,,,False,False,False,True,True,False,False,False,7. FAILED_MISSING_TELEMETRY,"Failed Gate 1: Missing Telemetry (PIP=nan, PDP=nan)"
GC-31,SA-0512H_T,2022-01-18 14:00,REDA (Schlumberger),400 Series (REDA D),D1150N,D1150N,254,5900.0,0.0,-1225.3,646.0,,,210.0,84.0,50.0,0.8333,0.0,Mauddud (MA),137779.0,1.0958,0.3786,,,1.082,1.082,99.1,,,,356.0,,,,,,,False,False,False,True,True,False,False,False,7. FAILED_MISSING_TELEMETRY,"Failed Gate 1: Missing Telemetry (PIP=646.0, PDP=nan)"
GC-31,SA-0512H_T,2022-04-14 04:30,REDA (Schlumberger),400 Series (REDA D),D1150N,D1150N,254,5900.0,0.0,-1139.7,658.0,2042.0,1384.0,271.7,113.7,55.0,0.9167,13.4,Mauddud (MA),137779.0,1.0958,0.3926,13.88,16.52,1.0828,1.0744,101.2,1559.1,738.1,89.9,821.0,1451.1,1451.1,630.1,76.75,76.75,OVER_PREDICTION,True,True,True,True,True,True,False,False,2. QUALIFIED_5QC_HISTORICAL_RUN,Pass 5 QC Gates (Historical Completion Run: Days = -1139.7)
GC-31,SA-0512H_T,2022-07-11 08:30,REDA (Schlumberger),400 Series (REDA D),D1150N,D1150N,254,5900.0,0.0,-1051.5,,2172.0,,279.0,117.0,55.0,0.9167,8.3,Mauddud (MA),137779.0,1.0958,0.3873,,,1.1477,1.1371,262.5,,,,891.0,,,,,,,False,False,False,True,True,False,False,False,7. FAILED_MISSING_TELEMETRY,"Failed Gate 1: Missing Telemetry (PIP=nan, PDP=2172.0)"
GC-31,SA-0512H_T,2022-10-15 07:30,REDA (Schlumberger),400 Series (REDA D),D1150N,D1150N,254,5900.0,0.0,-955.6,,,,186.8,111.8,53.0,0.8833,18.4,Mauddud (MA),137779.0,1.0958,0.3978,,,1.1477,1.1242,262.5,,,,669.8,,,,,,,False,False,False,True,True,False,False,False,7. FAILED_MISSING_TELEMETRY,"Failed Gate 1: Missing Telemetry (PIP=nan, PDP=nan)"
GC-31,SA-0512H_T,2023-01-15 08:15,REDA (Schlumberger),400 Series (REDA D),D1150N,D1150N,254,5900.0,0.0,-863.5,,,,293.0,107.0,53.0,0.8833,20.4,Mauddud (MA),137779.0,1.0958,0.3999,,,1.1477,1.1216,262.5,,,,815.0,,,,,,,False,False,False,True,True,False,False,False,7. FAILED_MISSING_TELEMETRY,"Failed Gate 1: Missing Telemetry (PIP=nan, PDP=nan)"
GC-31,SA-0512H_T,2023-04-12 06:15,REDA (Schlumberger),400 Series (REDA D),D1150N,D1150N,254,5900.0,0.0,-776.6,,,,230.0,114.0,53.0,0.8833,10.7,Mauddud (MA),137779.0,1.0958,0.3898,,,1.1477,1.134,262.5,,,,797.0,,,,,,,False,False,False,True,True,False,False,False,7. FAILED_MISSING_TELEMETRY,"Failed Gate 1: Missing Telemetry (PIP=nan, PDP=nan)"
GC-31,SA-0512H_T,2023-08-05 10:00,REDA (Schlumberger),400 Series (REDA D),D1150N,D1150N,254,5900.0,0.0,-661.5,,,,224.0,126.0,53.0,0.8833,10.4,Mauddud (MA),137779.0,1.0958,0.3895,,,1.1477,1.1344,262.5,,,,817.0,,,,,,,False,False,False,True,True,False,False,False,7. FAILED_MISSING_TELEMETRY,"Failed Gate 1: Missing Telemetry (PIP=nan, PDP=nan)"
GC-31,SA-0512H_T,2023-11-09 12:50,REDA (Schlumberger),400 Series (REDA D),D1150N,D1150N,254,5900.0,0.0,-565.3,650.0,2340.0,1690.0,291.0,106.0,45.0,0.75,0.0,Mauddud (MA),137779.0,1.0958,0.3786,17.57,31.24,1.0823,1.0823,99.8,1000.5,442.5,79.3,558.0,924.4,924.4,366.4,65.66,65.66,OVER_PREDICTION,True,True,True,True,True,True,False,False,2. QUALIFIED_5QC_HISTORICAL_RUN,Pass 5 QC Gates (Historical Completion Run: Days = -565.3)
GC-31,SA-0512H_T,2024-01-15 10:30,REDA (Schlumberger),400 Series (REDA D),D1150N,D1150N,254,5900.0,0.0,-498.4,978.0,2694.0,1716.0,526.0,107.0,45.0,0.75,20.4,Mauddud (MA),137779.0,1.0958,0.3999,16.89,30.03,1.1057,1.0882,159.4,1029.8,632.8,159.4,397.0,946.3,946.3,549.3,138.36,138.36,OVER_PREDICTION,True,True,True,True,True,True,False,False,2. QUALIFIED_5QC_HISTORICAL_RUN,Pass 5 QC Gates (Historical Completion Run: Days = -498.4)
GC-31,SA-0512H_T,2024-02-19 07:45,REDA (Schlumberger),400 Series (REDA D),D1150N,D1150N,254,5900.0,0.0,-463.6,737.0,2450.0,1713.0,263.0,124.0,45.0,0.75,27.1,Mauddud (MA),137779.0,1.0958,0.4069,16.57,29.46,1.0882,1.0697,115.1,1043.2,90.2,9.46,953.0,975.2,975.2,22.2,2.33,2.33,OVER_PREDICTION,True,True,True,True,True,True,False,False,2. QUALIFIED_5QC_HISTORICAL_RUN,Pass 5 QC Gates (Historical Completion Run: Days = -463.6)
GC-31,SA-0512H_T,2024-06-07 08:30,REDA (Schlumberger),400 Series (REDA D),D1150N,D1150N,254,5900.0,0.0,-354.5,828.0,2836.0,2008.0,380.0,135.0,47.0,0.7833,35.3,Mauddud (MA),137779.0,1.0958,0.4154,19.03,31.02,1.0947,1.0683,131.6,1050.6,48.6,4.85,1002.0,983.4,983.4,-18.6,-1.86,1.86,UNDER_PREDICTION,True,True,True,True,True,True,False,False,2. QUALIFIED_5QC_HISTORICAL_RUN,Pass 5 QC Gates (Historical Completion Run: Days = -354.5)
GC-31,SA-0512H_T,2024-12-14 07:45,REDA (Schlumberger),400 Series (REDA D),D1150N,D1150N,254,5900.0,0.0,-164.6,783.0,2875.0,2092.0,296.0,130.0,48.0,0.8,71.9,Mauddud (MA),137779.0,1.0958,0.4536,18.16,28.37,1.0915,1.0401,123.4,1138.6,246.6,27.65,892.0,1094.7,1094.7,202.7,22.72,22.72,OVER_PREDICTION,True,True,True,True,True,True,False,False,2. QUALIFIED_5QC_HISTORICAL_RUN,Pass 5 QC Gates (Historical Completion Run: Days = -164.6)
GC-31,SA-0512H_T,2025-06-26 08:00,REDA (Schlumberger),400 Series (REDA D),D1150N,D1150N,254,5900.0,29.5,29.5,521.0,2780.0,2259.0,295.0,141.0,50.0,0.8333,68.1,Mauddud (MA),137779.0,1.0958,0.4496,19.78,28.49,1.0739,1.0372,77.8,1183.0,277.0,30.57,906.0,1140.6,1140.6,234.6,25.89,25.89,OVER_PREDICTION,True,True,True,True,True,True,True,True,1. QUALIFIED_5QC_CLEAN_ACTIVE,Pass: Active completion run meeting all 5 QC physical screening gates
GC-31,SA-0512H_T,2025-09-27 08:30,REDA (Schlumberger),400 Series (REDA D),D1150N,D1150N,254,5900.0,122.5,122.5,376.0,2781.0,2405.0,227.0,133.0,50.0,0.8333,55.4,Mauddud (MA),137779.0,1.0958,0.4364,21.7,31.25,1.065,1.0401,54.2,1111.3,259.3,30.43,852.0,1068.5,1068.5,216.5,25.41,25.41,OVER_PREDICTION,True,True,True,True,True,True,True,True,1. QUALIFIED_5QC_CLEAN_ACTIVE,Pass: Active completion run meeting all 5 QC physical screening gates
GC-31,SA-0512H_T,2026-01-16 08:00,REDA (Schlumberger),400 Series (REDA D),D1150N,D1150N,254,5900.0,233.5,233.5,505.0,2960.0,2455.0,320.0,130.0,49.0,0.8167,60.6,Mauddud (MA),137779.0,1.0958,0.4418,21.88,32.8,1.0729,1.0408,75.1,1044.5,138.5,15.29,906.0,1003.5,1003.5,97.5,10.76,10.76,OVER_PREDICTION,True,True,True,True,True,True,True,True,1. QUALIFIED_5QC_CLEAN_ACTIVE,Pass: Active completion run meeting all 5 QC physical screening gates
GC-31,SA-0512H_T,2026-05-01 08:45,REDA (Schlumberger),400 Series (REDA D),D1150N,D1150N,254,5900.0,338.5,338.5,365.0,2776.0,2411.0,221.0,141.0,49.0,0.8167,62.0,Mauddud (MA),137779.0,1.0958,0.4433,21.41,32.1,1.0644,1.0369,52.5,1065.2,205.2,23.86,860.0,1027.3,1027.3,167.3,19.45,19.45,OVER_PREDICTION,True,True,True,True,True,True,True,True,1. QUALIFIED_5QC_CLEAN_ACTIVE,Pass: Active completion run meeting all 5 QC physical screening gates
GC-31,SA-0512H_T,2026-07-29 08:15,REDA (Schlumberger),400 Series (REDA D),D1150N,D1150N,254,5900.0,427.5,427.5,433.0,2987.0,2554.0,297.0,144.0,49.0,0.8167,50.6,Mauddud (MA),137779.0,1.0958,0.4314,23.31,34.95,1.0684,1.0439,63.3,974.4,-6.6,-0.67,981.0,933.4,933.4,-47.6,-4.85,4.85,UNDER_PREDICTION,True,True,True,True,True,True,True,True,1. QUALIFIED_5QC_CLEAN_ACTIVE,Pass: Active completion run meeting all 5 QC physical screening gates
GC-31,SA-0519ST1_T,2022-06-16 07:30,Halliburton / Summit ESP,538 Series (Summit SJ),SJ2800,SJ2800,114,5900.0,59.3,59.3,988.0,2508.0,1520.0,186.0,147.0,50.0,0.8333,47.0,Mauddud (MA),137779.0,1.0958,0.4276,31.18,44.9,1.1064,1.0658,161.3,2885.6,698.6,31.94,2187.0,2707.5,2707.5,520.5,23.8,23.8,OVER_PREDICTION,True,True,True,True,True,True,True,True,1. QUALIFIED_5QC_CLEAN_ACTIVE,Pass: Active completion run meeting all 5 QC physical screening gates
GC-31,SA-0519ST1_T,2022-10-05 08:15,Halliburton / Summit ESP,538 Series (Summit SJ),SJ2800,SJ2800,114,5900.0,170.3,170.3,1137.0,1137.0,0.0,259.0,160.0,50.0,0.8333,61.4,Mauddud (MA),137779.0,1.0958,0.4426,,,1.1179,1.0578,189.9,,,,2087.0,,,,,,,True,False,False,True,True,False,True,False,3. FAILED_ZERO_NEGATIVE_LIFT,"Failed Gate 2: Negative/Zero Lift (PDP=1137.0 <= PIP=1137.0, dP=0.0 psi)"
GC-31,SA-0519ST1_T,2023-02-03 08:00,Halliburton / Summit ESP,538 Series (Summit SJ),SJ2800,SJ2800,114,5900.0,291.3,291.3,1275.0,1275.0,0.0,309.0,154.0,54.0,0.9,84.5,Mauddud (MA),137779.0,1.0958,0.4667,,,1.1289,1.0369,217.0,,,,2759.0,,,,,,,True,False,False,True,True,False,True,False,3. FAILED_ZERO_NEGATIVE_LIFT,"Failed Gate 2: Negative/Zero Lift (PDP=1275.0 <= PIP=1275.0, dP=0.0 psi)"
GC-31,SA-0519ST1_T,2023-06-04 04:30,Halliburton / Summit ESP,538 Series (Summit SJ),SJ2800,SJ2800,114,5900.0,412.2,412.2,1370.0,1372.0,2.0,283.1,157.8,54.0,0.9,71.8,Mauddud (MA),137779.0,1.0958,0.4535,0.04,0.05,1.1367,1.0529,236.0,3141.0,612.6,24.23,2528.4,2983.2,2983.2,454.8,17.99,17.99,OVER_PREDICTION,True,True,False,True,True,False,True,False,4. FAILED_LOW_LIFT_THRESHOLD,Failed Gate 3: Low Dynamic Lift (Delta P = 2.0 psi < 250 psi threshold)
GC-31,SA-0519ST1_T,2023-09-29 08:15,Halliburton / Summit ESP,538 Series (Summit SJ),SJ2800,SJ2800,114,5900.0,529.3,529.3,1356.0,1356.0,0.0,276.0,158.0,54.0,0.9,73.5,Mauddud (MA),137779.0,1.0958,0.4553,,,1.1355,1.0506,233.2,,,,2658.0,,,,,,,True,False,False,True,True,False,True,False,3. FAILED_ZERO_NEGATIVE_LIFT,"Failed Gate 2: Negative/Zero Lift (PDP=1356.0 <= PIP=1356.0, dP=0.0 psi)"
GC-31,SA-0519ST1_T,2023-12-19 08:30,Halliburton / Summit ESP,538 Series (Summit SJ),SJ2800,SJ2800,114,5900.0,610.4,610.4,1078.0,1078.0,0.0,299.0,150.0,54.0,0.9,81.4,Mauddud (MA),137779.0,1.0958,0.4635,,,1.1133,1.0373,178.5,,,,2405.0,,,,,,,True,False,False,True,True,False,True,False,3. FAILED_ZERO_NEGATIVE_LIFT,"Failed Gate 2: Negative/Zero Lift (PDP=1078.0 <= PIP=1078.0, dP=0.0 psi)"
GC-31,SA-0519ST1_T,2024-03-26 08:30,Halliburton / Summit ESP,538 Series (Summit SJ),SJ2800,SJ2800,114,5900.0,708.4,708.4,1019.0,1019.0,0.0,277.0,156.0,54.0,0.9,65.3,Mauddud (MA),137779.0,1.0958,0.4467,,,1.1088,1.0508,167.2,,,,2335.0,,,,,,,True,False,False,True,True,False,True,False,3. FAILED_ZERO_NEGATIVE_LIFT,"Failed Gate 2: Negative/Zero Lift (PDP=1019.0 <= PIP=1019.0, dP=0.0 psi)"
GC-31,SA-0519ST1_T,2024-07-30 10:30,Halliburton / Summit ESP,538 Series (Summit SJ),SJ2800,SJ2800,114,5900.0,834.4,834.4,996.0,996.0,0.0,216.0,157.0,54.0,0.9,65.1,Mauddud (MA),137779.0,1.0958,0.4465,,,1.107,1.0504,162.8,,,,2446.0,,,,,,,True,False,False,True,True,False,True,False,3. FAILED_ZERO_NEGATIVE_LIFT,"Failed Gate 2: Negative/Zero Lift (PDP=996.0 <= PIP=996.0, dP=0.0 psi)"
GC-31,SA-0519ST1_T,2024-12-11 08:15,Halliburton / Summit ESP,538 Series (Summit SJ),SJ2800,SJ2800,114,5900.0,968.3,968.3,907.0,908.0,1.0,275.0,150.0,56.0,0.9333,80.2,Mauddud (MA),137779.0,1.0958,0.4622,0.02,0.02,1.1004,1.0359,146.1,3257.2,797.2,32.41,2460.0,3144.3,3144.3,684.3,27.82,27.82,OVER_PREDICTION,True,True,False,True,True,False,True,False,4. FAILED_LOW_LIFT_THRESHOLD,Failed Gate 3: Low Dynamic Lift (Delta P = 1.0 psi < 250 psi threshold)
GC-31,SA-0519ST1_T,2025-04-08 09:15,Halliburton / Summit ESP,538 Series (Summit SJ),SJ2800,SJ2800,114,5900.0,1086.4,1086.4,915.0,915.0,0.0,381.0,165.0,57.0,0.95,51.1,Mauddud (MA),137779.0,1.0958,0.4319,,,1.101,1.0596,147.6,,,,2320.0,,,,,,,True,False,False,True,True,False,True,False,3. FAILED_ZERO_NEGATIVE_LIFT,"Failed Gate 2: Negative/Zero Lift (PDP=915.0 <= PIP=915.0, dP=0.0 psi)"
GC-31,SA-0519ST1_T,2025-07-23 08:30,Halliburton / Summit ESP,538 Series (Summit SJ),SJ2800,SJ2800,114,5900.0,1192.4,1192.4,888.0,889.0,1.0,347.0,160.0,57.0,0.95,54.0,Mauddud (MA),137779.0,1.0958,0.4349,0.02,0.02,1.099,1.0563,142.6,3315.5,842.5,34.07,2473.0,3138.7,3138.7,665.7,26.92,26.92,OVER_PREDICTION,True,True,False,True,True,False,True,False,4. FAILED_LOW_LIFT_THRESHOLD,Failed Gate 3: Low Dynamic Lift (Delta P = 1.0 psi < 250 psi threshold)
GC-31,SA-0519ST1_T,2025-10-13 18:00,Halliburton / Summit ESP,538 Series (Summit SJ),SJ2800,SJ2800,114,5900.0,1274.8,1274.8,813.0,816.0,3.0,260.0,155.0,57.0,0.95,50.8,Mauddud (MA),137779.0,1.0958,0.4316,0.06,0.07,1.0936,1.0562,128.8,3315.5,842.5,34.07,2473.0,3139.1,3139.1,666.1,26.93,26.93,OVER_PREDICTION,True,True,False,True,True,False,True,False,4. FAILED_LOW_LIFT_THRESHOLD,Failed Gate 3: Low Dynamic Lift (Delta P = 3.0 psi < 250 psi threshold)
GC-31,SA-0519ST1_T,2026-01-19 08:30,Halliburton / Summit ESP,538 Series (Summit SJ),SJ2800,SJ2800,114,5900.0,1372.4,1372.4,867.0,868.0,1.0,329.0,157.0,57.0,0.95,57.1,Mauddud (MA),137779.0,1.0958,0.4382,0.02,0.02,1.0975,1.0532,138.7,3315.5,858.5,34.94,2457.0,3147.9,3147.9,690.9,28.12,28.12,OVER_PREDICTION,True,True,False,True,True,False,True,False,4. FAILED_LOW_LIFT_THRESHOLD,Failed Gate 3: Low Dynamic Lift (Delta P = 1.0 psi < 250 psi threshold)
GC-31,SA-0519ST1_T,2026-06-06 11:00,Halliburton / Summit ESP,538 Series (Summit SJ),SJ2800,SJ2800,114,5900.0,1510.5,1510.5,1506.0,1506.0,0.0,372.0,144.0,57.0,0.95,32.7,Mauddud (MA),137779.0,1.0958,0.4127,,,1.1482,1.1063,263.7,,,,3138.0,,,,,,,True,False,False,True,True,False,True,False,3. FAILED_ZERO_NEGATIVE_LIFT,"Failed Gate 2: Negative/Zero Lift (PDP=1506.0 <= PIP=1506.0, dP=0.0 psi)"
GC-31,SA-0521H_T,2023-12-05 08:30,Alkhorayef (ACC),538 Series (ACC WE),WE-7000c,WE-7000,108,6780.0,20.4,20.4,1119.0,2858.0,1739.0,221.0,161.0,50.0,0.8333,49.2,Mauddud (MA),137779.0,1.0958,0.4299,37.45,53.93,1.1165,1.069,186.4,3666.5,1670.5,83.69,1996.0,3429.8,3429.8,1433.8,71.83,71.83,OVER_PREDICTION,True,True,True,True,True,True,True,True,1. QUALIFIED_5QC_CLEAN_ACTIVE,Pass: Active completion run meeting all 5 QC physical screening gates
GC-31,SA-0521H_T,2024-03-15 15:30,Alkhorayef (ACC),538 Series (ACC WE),WE-7000c,WE-7000,108,6780.0,121.6,121.6,1074.0,3047.0,1973.0,245.0,184.0,56.0,0.9333,69.2,Mauddud (MA),137779.0,1.0958,0.4508,40.53,46.53,1.113,1.0486,177.7,6626.4,2981.4,81.79,3645.0,6319.1,6319.1,2674.1,73.36,73.36,OVER_PREDICTION,True,True,True,True,True,True,True,True,1. QUALIFIED_5QC_CLEAN_ACTIVE,Pass: Active completion run meeting all 5 QC physical screening gates
GC-31,SA-0521H_T,2024-05-03 11:45,Alkhorayef (ACC),538 Series (ACC WE),WE-7000c,WE-7000,108,6780.0,170.5,170.5,812.0,3012.0,2200.0,204.0,151.0,56.0,0.9333,62.3,Mauddud (MA),137779.0,1.0958,0.4436,45.92,52.72,1.0935,1.0477,128.6,4741.2,2304.2,94.55,2437.0,4525.3,4525.3,2088.3,85.69,85.69,OVER_PREDICTION,True,True,True,True,True,True,True,True,1. QUALIFIED_5QC_CLEAN_ACTIVE,Pass: Active completion run meeting all 5 QC physical screening gates
GC-31,SA-0521H_T,2025-01-18 09:00,Alkhorayef (ACC),538 Series (ACC WE),WE-7000c,WE-7000,108,6780.0,430.4,430.4,1194.0,3395.0,2201.0,269.0,164.0,57.0,0.95,65.8,Mauddud (MA),137779.0,1.0958,0.4472,45.57,50.49,1.1224,1.055,201.0,5700.0,3217.0,129.56,2483.0,5402.8,5402.8,2919.8,117.59,117.59,OVER_PREDICTION,True,True,True,True,True,True,True,True,1. QUALIFIED_5QC_CLEAN_ACTIVE,Pass: Active completion run meeting all 5 QC physical screening gates
GC-31,SA-0521H_T,2025-06-02 08:15,Alkhorayef (ACC),538 Series (ACC WE),WE-7000c,WE-7000,108,6780.0,565.3,565.3,996.0,3290.0,2294.0,238.0,170.0,57.0,0.95,62.0,Mauddud (MA),137779.0,1.0958,0.4433,47.92,53.1,1.107,1.0531,162.8,4640.7,2308.7,99.0,2332.0,4406.9,4406.9,2074.9,88.98,88.98,OVER_PREDICTION,True,True,True,True,True,True,True,True,1. QUALIFIED_5QC_CLEAN_ACTIVE,Pass: Active completion run meeting all 5 QC physical screening gates
GC-31,SA-0521H_T,2025-09-23 12:45,Alkhorayef (ACC),538 Series (ACC WE),WE-7000c,WE-7000,108,6780.0,678.5,678.5,970.0,3402.0,2432.0,211.0,170.0,59.0,0.9833,72.0,Mauddud (MA),137779.0,1.0958,0.4537,49.63,51.33,1.1051,1.0438,157.9,5597.8,3205.4,133.98,2392.4,5362.8,5362.8,2970.4,124.16,124.16,OVER_PREDICTION,True,True,True,True,True,True,True,True,1. QUALIFIED_5QC_CLEAN_ACTIVE,Pass: Active completion run meeting all 5 QC physical screening gates
GC-31,SA-0521H_T,2026-01-24 08:00,Alkhorayef (ACC),538 Series (ACC WE),WE-7000c,WE-7000,108,6780.0,801.3,801.3,1103.0,3518.0,2415.0,267.0,160.0,60.0,1.0,74.2,Mauddud (MA),137779.0,1.0958,0.456,49.04,49.04,1.1152,1.0446,183.3,6456.3,3499.3,118.34,2957.0,6180.9,6180.9,3223.9,109.03,109.03,OVER_PREDICTION,True,True,True,True,True,True,True,True,1. QUALIFIED_5QC_CLEAN_ACTIVE,Pass: Active completion run meeting all 5 QC physical screening gates
GC-31,SA-0521H_T,2026-06-05 08:15,Alkhorayef (ACC),538 Series (ACC WE),WE-7000c,WE-7000,108,6780.0,933.3,933.3,0.0,0.0,0.0,237.0,161.0,54.0,0.9,79.4,Mauddud (MA),137779.0,1.0958,0.4614,,,1.1477,1.0463,262.5,,,,3522.0,,,,,,,True,False,False,True,True,False,True,False,3. FAILED_ZERO_NEGATIVE_LIFT,"Failed Gate 2: Negative/Zero Lift (PDP=0.0 <= PIP=0.0, dP=0.0 psi)"
GC-31,SA-0526H_T,2021-05-12 06:00,Alkhorayef (ACC),538 Series (ACC WG),WG-4000,WG-4000,123,6300.0,0.0,-1280.6,2515.0,,,314.0,156.0,45.0,0.75,84.6,Lower Burgan (LB),213445.0,1.1483,0.4668,,,1.1848,1.0454,350.0,,,,2295.0,,,,,,,False,False,False,True,True,False,False,False,7. FAILED_MISSING_TELEMETRY,"Failed Gate 1: Missing Telemetry (PIP=2515.0, PDP=nan)"
GC-31,SA-0526H_T,2021-10-22 08:15,Alkhorayef (ACC),538 Series (ACC WG),WG-4000,WG-4000,123,6300.0,0.0,-1117.5,2483.0,,,215.0,157.0,45.0,0.75,86.8,Lower Burgan (LB),213445.0,1.1483,0.4691,,,1.1848,1.0418,350.0,,,,2296.0,,,,,,,False,False,False,True,True,False,False,False,7. FAILED_MISSING_TELEMETRY,"Failed Gate 1: Missing Telemetry (PIP=2483.0, PDP=nan)"
GC-31,SA-0526H_T,2022-08-14 05:30,Alkhorayef (ACC),538 Series (ACC WG),WG-4000,WG-4000,123,6300.0,0.0,-821.6,2355.0,3102.7,747.7,185.0,158.0,50.0,0.8333,92.1,Lower Burgan (LB),213445.0,1.1483,0.4746,12.81,18.45,1.1848,1.033,350.0,5080.6,1841.6,56.86,3239.0,4918.2,4918.2,1679.2,51.84,51.84,OVER_PREDICTION,True,True,True,True,True,True,False,False,2. QUALIFIED_5QC_HISTORICAL_RUN,Pass 5 QC Gates (Historical Completion Run: Days = -821.6)
GC-31,SA-0526H_T,2022-12-01 08:00,Alkhorayef (ACC),538 Series (ACC WG),WG-4000,WG-4000,123,6300.0,0.0,-712.5,2457.0,3246.7,789.7,263.0,163.0,50.0,0.8333,92.5,Lower Burgan (LB),213445.0,1.1483,0.4751,13.51,19.46,1.1848,1.0324,350.0,5016.1,2538.1,102.43,2478.0,4858.9,4858.9,2380.9,96.08,96.08,OVER_PREDICTION,True,True,True,True,True,True,False,False,2. QUALIFIED_5QC_HISTORICAL_RUN,Pass 5 QC Gates (Historical Completion Run: Days = -712.5)
GC-31,SA-0526H_T,2023-03-05 08:15,Alkhorayef (ACC),538 Series (ACC WG),WG-4000,WG-4000,123,6300.0,0.0,-618.5,2458.0,3195.7,737.7,265.0,159.0,50.0,0.8333,93.7,Lower Burgan (LB),213445.0,1.1483,0.4763,12.59,18.13,1.1848,1.0304,350.0,5100.8,2450.8,92.48,2650.0,4950.4,4950.4,2300.4,86.81,86.81,OVER_PREDICTION,True,True,True,True,True,True,False,False,2. QUALIFIED_5QC_HISTORICAL_RUN,Pass 5 QC Gates (Historical Completion Run: Days = -618.5)
GC-31,SA-0526H_T,2024-02-18 08:00,Alkhorayef (ACC),538 Series (ACC WG),WG-4000,WG-4000,123,6300.0,0.0,-268.5,1788.0,3234.0,1446.0,222.0,153.0,46.0,0.7667,96.1,Lower Burgan (LB),213445.0,1.1483,0.4788,24.55,41.76,1.1731,1.026,322.7,2686.0,456.0,20.45,2230.0,2618.0,2618.0,388.0,17.4,17.4,OVER_PREDICTION,True,True,True,True,True,True,False,False,2. QUALIFIED_5QC_HISTORICAL_RUN,Pass 5 QC Gates (Historical Completion Run: Days = -268.5)
GC-31,SA-0526H_T,2024-05-27 08:15,Alkhorayef (ACC),538 Series (ACC WG),WG-4000,WG-4000,123,6300.0,0.0,-169.5,1676.0,3089.0,1413.0,226.0,156.0,46.0,0.7667,83.6,Lower Burgan (LB),213445.0,1.1483,0.4658,24.66,41.95,1.163,1.0435,299.0,2660.2,292.2,12.34,2368.0,2549.4,2549.4,181.4,7.66,7.66,OVER_PREDICTION,True,True,True,True,True,True,False,False,2. QUALIFIED_5QC_HISTORICAL_RUN,Pass 5 QC Gates (Historical Completion Run: Days = -169.5)
GC-31,SA-0526H_T,2024-12-19 10:00,Alkhorayef (ACC),538 Series (ACC WG),WG-4000,WG-4000,123,6300.0,36.6,36.6,1458.0,3081.0,1623.0,223.0,162.0,50.0,0.8333,92.2,Lower Burgan (LB),213445.0,1.1483,0.4747,27.79,40.02,1.1441,1.0297,253.9,3162.6,723.6,29.67,2439.0,3071.4,3071.4,632.4,25.93,25.93,OVER_PREDICTION,True,True,True,True,True,True,True,True,1. QUALIFIED_5QC_CLEAN_ACTIVE,Pass: Active completion run meeting all 5 QC physical screening gates
GC-31,SA-0526H_T,2025-05-04 07:45,Alkhorayef (ACC),538 Series (ACC WG),WG-4000,WG-4000,123,6300.0,172.5,172.5,1538.0,3202.0,1664.0,238.0,165.0,50.0,0.8333,92.4,Lower Burgan (LB),213445.0,1.1483,0.475,28.48,41.01,1.151,1.03,270.3,3026.7,504.7,20.01,2522.0,2938.7,2938.7,416.7,16.52,16.52,OVER_PREDICTION,True,True,True,True,True,True,True,True,1. QUALIFIED_5QC_CLEAN_ACTIVE,Pass: Active completion run meeting all 5 QC physical screening gates
GC-31,SA-0526H_T,2025-09-16 20:30,Alkhorayef (ACC),538 Series (ACC WG),WG-4000,WG-4000,123,6300.0,308.0,308.0,1510.0,3187.0,1677.0,201.0,165.0,50.0,0.8333,94.2,Lower Burgan (LB),213445.0,1.1483,0.4768,28.59,41.17,1.1485,1.0275,264.5,3004.0,117.0,4.05,2887.0,2923.7,2923.7,36.7,1.27,1.27,OVER_PREDICTION,True,True,True,True,True,True,True,True,1. QUALIFIED_5QC_CLEAN_ACTIVE,Pass: Active completion run meeting all 5 QC physical screening gates
GC-31,SA-0526H_T,2026-01-03 08:15,Alkhorayef (ACC),538 Series (ACC WG),WG-4000,WG-4000,123,6300.0,416.5,416.5,1470.0,3143.0,1673.0,207.0,164.0,50.0,0.8333,90.6,Lower Burgan (LB),213445.0,1.1483,0.4731,28.75,41.4,1.1451,1.0318,256.3,2971.6,564.6,23.46,2407.0,2880.1,2880.1,473.1,19.66,19.66,OVER_PREDICTION,True,True,True,True,True,True,True,True,1. QUALIFIED_5QC_CLEAN_ACTIVE,Pass: Active completion run meeting all 5 QC physical screening gates
GC-31,SA-0526H_T,2026-05-02 08:00,Alkhorayef (ACC),538 Series (ACC WG),WG-4000,WG-4000,123,6300.0,535.5,535.5,1509.0,3109.0,1600.0,195.0,155.0,50.0,0.8333,89.5,Lower Burgan (LB),213445.0,1.1483,0.4719,27.56,39.69,1.1485,1.0335,264.3,3206.8,332.8,11.58,2874.0,3102.9,3102.9,228.9,7.96,7.96,OVER_PREDICTION,True,True,True,True,True,True,True,True,1. QUALIFIED_5QC_CLEAN_ACTIVE,Pass: Active completion run meeting all 5 QC physical screening gates
GC-31,SA-0527H_T,2021-01-30 08:15,Alkhorayef (ACC),538 Series (ACC WE),WE-2600,WE-2600,176,7850.0,0.0,-1877.5,1637.0,,,237.0,153.0,50.0,0.8333,54.0,Mauddud (MA),137779.0,1.0958,0.4349,,,1.1596,1.0842,290.8,,,,1950.0,,,,,,,False,False,False,True,True,False,False,False,7. FAILED_MISSING_TELEMETRY,"Failed Gate 1: Missing Telemetry (PIP=1637.0, PDP=nan)"
GC-31,SA-0527H_T,2021-06-12 07:45,Alkhorayef (ACC),538 Series (ACC WE),WE-2600,WE-2600,176,7850.0,0.0,-1744.6,1724.0,,,163.0,155.0,50.0,0.8333,62.0,Mauddud (MA),137779.0,1.0958,0.4433,,,1.1673,1.076,309.1,,,,1888.0,,,,,,,False,False,False,True,True,False,False,False,7. FAILED_MISSING_TELEMETRY,"Failed Gate 1: Missing Telemetry (PIP=1724.0, PDP=nan)"
GC-31,SA-0527H_T,2021-09-07 08:00,Alkhorayef (ACC),538 Series (ACC WE),WE-2600,WE-2600,176,7850.0,0.0,-1657.5,1665.0,3203.0,1538.0,196.0,155.0,50.0,0.8333,56.0,Mauddud (MA),137779.0,1.0958,0.437,20.0,28.8,1.1621,1.0825,296.7,2769.9,796.9,40.39,1973.0,2558.8,2558.8,585.8,29.69,29.69,OVER_PREDICTION,True,True,True,True,True,True,False,False,2. QUALIFIED_5QC_HISTORICAL_RUN,Pass 5 QC Gates (Historical Completion Run: Days = -1657.5)
GC-31,SA-0527H_T,2022-01-03 08:30,Alkhorayef (ACC),538 Series (ACC WE),WE-2600,WE-2600,176,7850.0,0.0,-1539.5,1760.0,,,180.0,153.0,50.0,0.8333,63.0,Mauddud (MA),137779.0,1.0958,0.4443,,,1.1706,1.0757,316.7,,,,1866.0,,,,,,,False,False,False,True,True,False,False,False,7. FAILED_MISSING_TELEMETRY,"Failed Gate 1: Missing Telemetry (PIP=1760.0, PDP=nan)"
GC-31,SA-0527H_T,2022-04-13 05:30,Alkhorayef (ACC),538 Series (ACC WE),WE-2600,WE-2600,176,7850.0,0.0,-1439.6,1834.0,3307.0,1473.0,184.3,158.7,50.0,0.8333,60.7,Mauddud (MA),137779.0,1.0958,0.4419,18.94,27.28,1.1773,1.0818,332.5,2803.0,731.1,35.29,2071.9,2591.0,2591.0,519.1,25.05,25.05,OVER_PREDICTION,True,True,True,True,True,True,False,False,2. QUALIFIED_5QC_HISTORICAL_RUN,Pass 5 QC Gates (Historical Completion Run: Days = -1439.6)
GC-31,SA-0527H_T,2022-08-04 08:15,Alkhorayef (ACC),538 Series (ACC WE),WE-2600,WE-2600,176,7850.0,0.0,-1326.5,1799.0,3309.0,1510.0,178.0,158.0,50.0,0.8333,61.1,Mauddud (MA),137779.0,1.0958,0.4423,19.4,27.94,1.1741,1.0799,325.0,2788.8,942.8,51.07,1846.0,2582.4,2582.4,736.4,39.89,39.89,OVER_PREDICTION,True,True,True,True,True,True,False,False,2. QUALIFIED_5QC_HISTORICAL_RUN,Pass 5 QC Gates (Historical Completion Run: Days = -1326.5)
GC-31,SA-0527H_T,2022-12-06 09:00,Alkhorayef (ACC),538 Series (ACC WE),WE-2600,WE-2600,176,7850.0,0.0,-1202.5,1887.0,3394.0,1507.0,201.0,150.0,51.0,0.85,61.6,Mauddud (MA),137779.0,1.0958,0.4429,19.33,26.75,1.1822,1.0823,343.8,2870.6,1142.6,66.12,1728.0,2652.4,2652.4,924.4,53.5,53.5,OVER_PREDICTION,True,True,True,True,True,True,False,False,2. QUALIFIED_5QC_HISTORICAL_RUN,Pass 5 QC Gates (Historical Completion Run: Days = -1202.5)
GC-31,SA-0527H_T,2023-05-10 08:00,Alkhorayef (ACC),538 Series (ACC WE),WE-2600,WE-2600,176,7850.0,0.0,-1047.5,1649.0,,,226.0,155.0,50.0,0.8333,61.1,Mauddud (MA),137779.0,1.0958,0.4423,,,1.1606,1.0747,293.4,,,,1825.0,,,,,,,False,False,False,True,True,False,False,False,7. FAILED_MISSING_TELEMETRY,"Failed Gate 1: Missing Telemetry (PIP=1649.0, PDP=nan)"
GC-31,SA-0527H_T,2023-08-31 08:30,Alkhorayef (ACC),538 Series (ACC WE),WE-2600,WE-2600,176,7850.0,0.0,-934.5,1368.0,3252.0,1884.0,238.0,149.0,51.0,0.85,51.4,Mauddud (MA),137779.0,1.0958,0.4322,24.77,34.28,1.1365,1.0766,235.6,2688.5,1185.5,78.88,1503.0,2497.1,2497.1,994.1,66.14,66.14,OVER_PREDICTION,True,True,True,True,True,True,False,False,2. QUALIFIED_5QC_HISTORICAL_RUN,Pass 5 QC Gates (Historical Completion Run: Days = -934.5)
GC-31,SA-0527H_T,2023-12-03 07:45,Alkhorayef (ACC),538 Series (ACC WE),WE-2600,WE-2600,176,7850.0,0.0,-840.6,1407.0,3342.0,1935.0,248.0,156.0,51.0,0.85,56.9,Mauddud (MA),137779.0,1.0958,0.438,25.1,34.74,1.1398,1.0716,243.5,2675.5,1108.5,70.74,1567.0,2496.7,2496.7,929.7,59.33,59.33,OVER_PREDICTION,True,True,True,True,True,True,False,False,2. QUALIFIED_5QC_HISTORICAL_RUN,Pass 5 QC Gates (Historical Completion Run: Days = -840.6)
GC-31,SA-0527H_T,2024-03-07 08:15,Alkhorayef (ACC),538 Series (ACC WE),WE-2600,WE-2600,176,7850.0,0.0,-745.5,,,,234.0,152.0,50.0,0.8333,52.4,Mauddud (MA),137779.0,1.0958,0.4333,,,1.1477,1.0808,262.5,,,,1608.0,,,,,,,False,False,False,True,True,False,False,False,7. FAILED_MISSING_TELEMETRY,"Failed Gate 1: Missing Telemetry (PIP=nan, PDP=nan)"
GC-31,SA-0527H_T,2024-06-11 08:15,Alkhorayef (ACC),538 Series (ACC WE),WE-2600,WE-2600,176,7850.0,0.0,-649.5,,,,227.0,165.0,50.0,0.8333,59.4,Mauddud (MA),137779.0,1.0958,0.4406,,,1.1477,1.0718,262.5,,,,1659.0,,,,,,,False,False,False,True,True,False,False,False,7. FAILED_MISSING_TELEMETRY,"Failed Gate 1: Missing Telemetry (PIP=nan, PDP=nan)"
GC-31,SA-0527H_T,2024-11-21 07:45,Alkhorayef (ACC),538 Series (ACC WE),WE-2600,WE-2600,176,7850.0,0.0,-486.6,,0.0,,239.0,156.0,50.0,0.8333,67.2,Mauddud (MA),137779.0,1.0958,0.4487,,,1.1477,1.0619,262.5,,,,1505.0,,,,,,,False,False,False,True,True,False,False,False,7. FAILED_MISSING_TELEMETRY,"Failed Gate 1: Missing Telemetry (PIP=nan, PDP=0.0)"
GC-31,SA-0527H_T,2025-04-21 08:30,Alkhorayef (ACC),538 Series (ACC WE),WE-2600,WE-2600,176,7850.0,0.0,-335.5,,,,290.0,170.0,50.0,0.8333,73.6,Mauddud (MA),137779.0,1.0958,0.4554,,,1.1477,1.0537,262.5,,,,1918.0,,,,,,,False,False,False,True,True,False,False,False,7. FAILED_MISSING_TELEMETRY,"Failed Gate 1: Missing Telemetry (PIP=nan, PDP=nan)"
GC-31,SA-0527H_T,2025-09-05 17:45,Alkhorayef (ACC),538 Series (ACC WE),WE-2600,WE-2600,176,7850.0,0.0,-198.1,0.0,,,196.0,157.0,50.0,0.8333,84.6,Mauddud (MA),137779.0,1.0958,0.4668,,,1.1477,1.0397,262.5,,,,1406.0,,,,,,,False,False,False,True,True,False,False,False,7. FAILED_MISSING_TELEMETRY,"Failed Gate 1: Missing Telemetry (PIP=0.0, PDP=nan)"
GC-31,SA-0527H_T,2025-12-18 08:15,Alkhorayef (ACC),538 Series (ACC WE),WE-2600,WE-2600,176,7850.0,0.0,-94.5,0.0,,,233.0,155.0,50.0,0.8333,79.6,Mauddud (MA),137779.0,1.0958,0.4616,,,1.1477,1.046,262.5,,,,2178.0,,,,,,,False,False,False,True,True,False,False,False,7. FAILED_MISSING_TELEMETRY,"Failed Gate 1: Missing Telemetry (PIP=0.0, PDP=nan)"
GC-31,SA-0527H_T,2026-03-26 17:15,Alkhorayef (ACC),538 Series (ACC WE),WE-2600,WE-2600,176,7850.0,3.8,3.8,2183.0,4030.0,1847.0,502.0,134.0,50.0,0.8333,92.0,Mauddud (MA),137779.0,1.0958,0.4745,22.11,31.84,1.1848,1.0332,350.0,2698.7,895.7,49.68,1803.0,2612.0,2612.0,809.0,44.87,44.87,OVER_PREDICTION,True,True,True,True,True,True,True,True,1. QUALIFIED_5QC_CLEAN_ACTIVE,Pass: Active completion run meeting all 5 QC physical screening gates
GC-31,SA-0527H_T,2026-04-14 12:00,Alkhorayef (ACC),538 Series (ACC WE),WE-2600,WE-2600,176,7850.0,22.6,22.6,2326.0,3665.0,1339.0,229.0,158.0,50.0,0.8333,84.3,Mauddud (MA),137779.0,1.0958,0.4665,16.31,23.49,1.1848,1.0459,350.0,2879.5,253.5,9.65,2626.0,2753.2,2753.2,127.2,4.84,4.84,OVER_PREDICTION,True,True,True,True,True,True,True,True,1. QUALIFIED_5QC_CLEAN_ACTIVE,Pass: Active completion run meeting all 5 QC physical screening gates
GC-31,SA-0529H_T,2022-05-12 19:45,Baker Hughes (Centrilift),538 Series (Centrilift Centurion),P17,P17,134,5900.0,0.0,-1021.2,1016.0,2790.0,1774.0,116.0,124.0,50.0,0.8333,89.5,Upper Burgan (UB),199739.0,1.1388,0.4719,28.05,40.4,1.1085,1.0293,166.6,1761.9,243.9,16.07,1518.0,1711.8,1711.8,193.8,12.77,12.77,OVER_PREDICTION,True,True,True,True,True,True,False,False,2. QUALIFIED_5QC_HISTORICAL_RUN,Pass 5 QC Gates (Historical Completion Run: Days = -1021.2)
GC-31,SA-0529H_T,2022-05-31 08:30,Baker Hughes (Centrilift),538 Series (Centrilift Centurion),P17,P17,134,5900.0,0.0,-1002.7,916.0,2779.0,1863.0,119.0,135.0,49.0,0.8167,84.0,Upper Burgan (UB),199739.0,1.1388,0.4662,29.82,44.71,1.101,1.033,147.8,1623.9,267.9,19.76,1356.0,1572.1,1572.1,216.1,15.94,15.94,OVER_PREDICTION,True,True,True,True,True,True,False,False,2. QUALIFIED_5QC_HISTORICAL_RUN,Pass 5 QC Gates (Historical Completion Run: Days = -1002.7)
GC-31,SA-0529H_T,2022-09-28 08:15,Baker Hughes (Centrilift),538 Series (Centrilift Centurion),P17,P17,134,5900.0,0.0,-882.7,990.0,2861.0,1871.0,191.0,145.0,49.0,0.8167,95.2,Upper Burgan (UB),199739.0,1.1388,0.4779,29.22,43.81,1.1066,1.0242,161.7,1646.2,510.2,44.91,1136.0,1607.4,1607.4,471.4,41.5,41.5,OVER_PREDICTION,True,True,True,True,True,True,False,False,2. QUALIFIED_5QC_HISTORICAL_RUN,Pass 5 QC Gates (Historical Completion Run: Days = -882.7)
GC-31,SA-0529H_T,2024-01-03 08:15,Baker Hughes (Centrilift),538 Series (Centrilift Centurion),P17,P17,134,5900.0,0.0,-420.7,1678.0,2888.0,1210.0,205.0,142.0,47.0,0.7833,89.8,Upper Burgan (UB),199739.0,1.1388,0.4722,19.12,31.16,1.1632,1.0346,299.4,1843.8,189.8,11.48,1654.0,1782.1,1782.1,128.1,7.74,7.74,OVER_PREDICTION,True,True,True,True,True,True,False,False,2. QUALIFIED_5QC_HISTORICAL_RUN,Pass 5 QC Gates (Historical Completion Run: Days = -420.7)
GC-31,SA-0529H_T,2024-06-17 08:00,Baker Hughes (Centrilift),538 Series (Centrilift Centurion),P17,P17,134,5900.0,0.0,-254.7,1186.0,3014.0,1828.0,275.2,147.0,48.0,0.8,85.4,Upper Burgan (UB),199739.0,1.1388,0.4677,29.17,45.58,1.1217,1.0349,199.4,1569.2,235.3,17.64,1333.9,1516.3,1516.3,182.4,13.67,13.67,OVER_PREDICTION,True,True,True,True,True,True,False,False,2. QUALIFIED_5QC_HISTORICAL_RUN,Pass 5 QC Gates (Historical Completion Run: Days = -254.7)
GC-31,SA-0529H_T,2025-04-13 08:45,Baker Hughes (Centrilift),538 Series (Centrilift Centurion),P17,P17,134,5900.0,45.3,45.3,1083.0,2761.0,1678.0,243.0,144.0,49.0,0.8167,80.7,Upper Burgan (UB),199739.0,1.1388,0.4628,27.06,40.57,1.1137,1.0381,179.4,1722.9,107.9,6.68,1615.0,1659.7,1659.7,44.7,2.77,2.77,OVER_PREDICTION,True,True,True,True,True,True,True,True,1. QUALIFIED_5QC_CLEAN_ACTIVE,Pass: Active completion run meeting all 5 QC physical screening gates
GC-31,SA-0529H_T,2025-08-16 07:00,Baker Hughes (Centrilift),538 Series (Centrilift Centurion),P17,P17,134,5900.0,170.3,170.3,642.0,2891.0,2249.0,246.0,145.0,49.0,0.8167,68.0,Upper Burgan (UB),199739.0,1.1388,0.4495,37.34,55.98,1.0818,1.0398,98.4,1288.8,63.8,5.21,1225.0,1239.5,1239.5,14.5,1.18,1.18,OVER_PREDICTION,True,True,True,True,True,True,True,True,1. QUALIFIED_5QC_CLEAN_ACTIVE,Pass: Active completion run meeting all 5 QC physical screening gates
GC-31,SA-0529H_T,2025-12-01 08:00,Baker Hughes (Centrilift),538 Series (Centrilift Centurion),P17,P17,134,5900.0,277.3,277.3,547.0,2876.0,2329.0,220.0,143.0,49.0,0.8167,74.0,Upper Burgan (UB),199739.0,1.1388,0.4558,38.13,57.17,1.0755,1.0344,82.1,1244.3,146.3,13.32,1098.0,1202.9,1202.9,104.9,9.55,9.55,OVER_PREDICTION,True,True,True,True,True,True,True,True,1. QUALIFIED_5QC_CLEAN_ACTIVE,Pass: Active completion run meeting all 5 QC physical screening gates
GC-31,SA-0529H_T,2026-05-03 11:00,Baker Hughes (Centrilift),538 Series (Centrilift Centurion),P17,P17,134,5900.0,430.4,430.4,485.0,2907.0,2422.0,208.0,138.0,49.0,0.8167,92.3,Upper Burgan (UB),199739.0,1.1388,0.4748,38.06,57.06,1.0716,1.024,71.8,1248.5,425.5,51.7,823.0,1219.3,1219.3,396.3,48.15,48.15,OVER_PREDICTION,True,True,True,True,True,True,True,True,1. QUALIFIED_5QC_CLEAN_ACTIVE,Pass: Active completion run meeting all 5 QC physical screening gates
GC-31,SA-0536ST1_T,2026-01-14 07:45,REDA (Schlumberger),538/540 Series (REDA S),S2000N,S2000N,152,5800.0,51.0,51.0,581.0,2745.0,2164.0,305.0,115.0,43.0,0.7167,49.1,Lower Burgan (LB),213445.0,1.1483,0.4298,33.12,64.48,1.0777,1.0494,87.9,659.4,-120.6,-15.46,780.0,628.4,628.4,-151.6,-19.44,19.44,UNDER_PREDICTION,True,True,True,True,True,True,True,True,1. QUALIFIED_5QC_CLEAN_ACTIVE,Pass: Active completion run meeting all 5 QC physical screening gates
GC-31,SA-0536ST1_T,2026-05-01 08:00,REDA (Schlumberger),538/540 Series (REDA S),S2000N,S2000N,152,5800.0,158.0,158.0,455.0,2655.0,2200.0,241.0,121.0,43.0,0.7167,52.6,Lower Burgan (LB),213445.0,1.1483,0.4335,33.39,65.0,1.0698,1.0436,66.9,582.0,-17.0,-2.84,599.0,557.7,557.7,-41.3,-6.89,6.89,UNDER_PREDICTION,True,True,True,True,True,True,True,True,1. QUALIFIED_5QC_CLEAN_ACTIVE,Pass: Active completion run meeting all 5 QC physical screening gates
GC-31,SA-0541_T,2021-03-20 08:15,REDA (Schlumberger),538 Series (REDA SN),SN2600,SN2600,87,7610.0,0.0,-1133.4,2653.0,,,429.0,155.0,50.0,0.8333,80.0,Lower Burgan (LB),213445.0,1.1483,0.462,,,1.1848,1.053,350.0,,,,3153.0,,,,,,,False,False,False,True,True,False,False,False,7. FAILED_MISSING_TELEMETRY,"Failed Gate 1: Missing Telemetry (PIP=2653.0, PDP=nan)"
GC-31,SA-0541_T,2021-09-22 08:00,REDA (Schlumberger),538 Series (REDA SN),SN2600,SN2600,87,7610.0,0.0,-947.4,2670.0,3767.0,1097.0,459.0,154.0,50.0,0.8333,87.4,Lower Burgan (LB),213445.0,1.1483,0.4697,26.84,38.65,1.1848,1.0408,350.0,2492.2,-8.8,-0.35,2501.0,2394.6,2394.6,-106.4,-4.25,4.25,UNDER_PREDICTION,True,True,True,True,True,True,False,False,2. QUALIFIED_5QC_HISTORICAL_RUN,Pass 5 QC Gates (Historical Completion Run: Days = -947.4)
GC-31,SA-0541_T,2021-12-26 08:45,REDA (Schlumberger),538 Series (REDA SN),SN2600,SN2600,87,7610.0,0.0,-852.3,,,,478.0,149.0,50.0,0.8333,92.2,Lower Burgan (LB),213445.0,1.1483,0.4747,,,1.1477,1.03,262.5,,,,2678.0,,,,,,,False,False,False,True,True,False,False,False,7. FAILED_MISSING_TELEMETRY,"Failed Gate 1: Missing Telemetry (PIP=nan, PDP=nan)"
GC-31,SA-0541_T,2022-03-11 23:00,REDA (Schlumberger),538 Series (REDA SN),SN2600,SN2600,87,7610.0,0.0,-776.8,2688.0,,,493.0,154.0,50.0,0.8333,86.8,Lower Burgan (LB),213445.0,1.1483,0.4691,,,1.1848,1.0418,350.0,,,,2153.0,,,,,,,False,False,False,True,True,False,False,False,7. FAILED_MISSING_TELEMETRY,"Failed Gate 1: Missing Telemetry (PIP=2688.0, PDP=nan)"
GC-31,SA-0541_T,2022-06-05 09:15,REDA (Schlumberger),538 Series (REDA SN),SN2600,SN2600,87,7610.0,0.0,-691.3,2703.0,3886.7,1183.7,505.0,156.0,50.0,0.8333,86.0,Lower Burgan (LB),213445.0,1.1483,0.4683,29.05,41.84,1.1848,1.0431,350.0,2371.2,-350.8,-12.89,2722.0,2273.3,2273.3,-448.7,-16.48,16.48,UNDER_PREDICTION,True,True,True,True,True,True,False,False,2. QUALIFIED_5QC_HISTORICAL_RUN,Pass 5 QC Gates (Historical Completion Run: Days = -691.3)
GC-31,SA-0541_T,2022-09-22 07:30,REDA (Schlumberger),538 Series (REDA SN),SN2600,SN2600,87,7610.0,0.0,-582.4,2697.0,3927.0,1230.0,515.0,155.0,50.0,0.8333,91.9,Lower Burgan (LB),213445.0,1.1483,0.4744,29.8,42.92,1.1848,1.0333,350.0,2324.5,-412.5,-15.07,2737.0,2249.5,2249.5,-487.5,-17.81,17.81,UNDER_PREDICTION,True,True,True,True,True,True,False,False,2. QUALIFIED_5QC_HISTORICAL_RUN,Pass 5 QC Gates (Historical Completion Run: Days = -582.4)
GC-31,SA-0541_T,2023-02-17 08:15,REDA (Schlumberger),538 Series (REDA SN),SN2600,SN2600,87,7610.0,0.0,-434.4,2704.0,3398.7,694.7,526.0,154.0,50.0,0.8333,86.6,Lower Burgan (LB),213445.0,1.1483,0.4689,17.03,24.53,1.1848,1.0421,350.0,2860.0,224.0,8.5,2636.0,2744.5,2744.5,108.5,4.12,4.12,OVER_PREDICTION,True,True,True,True,True,True,False,False,2. QUALIFIED_5QC_HISTORICAL_RUN,Pass 5 QC Gates (Historical Completion Run: Days = -434.4)
GC-31,SA-0541_T,2023-05-31 07:00,REDA (Schlumberger),538 Series (REDA SN),SN2600,SN2600,87,7610.0,0.0,-331.4,2649.0,3835.7,1186.7,398.0,151.0,50.0,0.8333,88.1,Lower Burgan (LB),213445.0,1.1483,0.4705,28.99,41.75,1.1848,1.0396,350.0,2374.9,-554.1,-18.92,2929.0,2284.4,2284.4,-644.6,-22.01,22.01,UNDER_PREDICTION,True,True,True,True,True,True,False,False,2. QUALIFIED_5QC_HISTORICAL_RUN,Pass 5 QC Gates (Historical Completion Run: Days = -331.4)
GC-31,SA-0541_T,2023-09-29 10:00,REDA (Schlumberger),538 Series (REDA SN),SN2600,SN2600,87,7610.0,0.0,-210.3,,,,218.0,142.0,50.0,0.8333,94.3,Lower Burgan (LB),213445.0,1.1483,0.4769,,,1.1477,1.0273,262.5,,,,1073.0,,,,,,,False,False,False,True,True,False,False,False,7. FAILED_MISSING_TELEMETRY,"Failed Gate 1: Missing Telemetry (PIP=nan, PDP=nan)"
GC-31,SA-0541_T,2024-04-23 22:30,REDA (Schlumberger),538 Series (REDA SN),SN2600,SN2600,87,7610.0,0.0,-2.8,2543.0,3077.0,534.0,346.0,127.0,50.0,0.8333,65.0,Lower Burgan (LB),213445.0,1.1483,0.4464,13.75,19.8,1.1848,1.0777,350.0,2950.2,1399.2,90.21,1551.0,2737.5,2737.5,1186.5,76.5,76.5,OVER_PREDICTION,True,True,True,True,True,True,False,False,2. QUALIFIED_5QC_HISTORICAL_RUN,Pass 5 QC Gates (Historical Completion Run: Days = -2.8)
GC-31,SA-0541_T,2024-05-21 10:30,REDA (Schlumberger),538 Series (REDA SN),SN2600,SN2600,87,7610.0,24.7,24.7,2284.0,3151.0,867.0,354.4,148.8,50.0,0.8333,72.8,Lower Burgan (LB),213445.0,1.1483,0.4545,21.93,31.58,1.1848,1.0648,350.0,2700.6,147.2,5.76,2553.4,2536.2,2536.2,-17.2,-0.67,0.67,UNDER_PREDICTION,True,True,True,True,True,True,True,True,1. QUALIFIED_5QC_CLEAN_ACTIVE,Pass: Active completion run meeting all 5 QC physical screening gates
GC-31,SA-0541_T,2024-12-10 08:30,REDA (Schlumberger),538 Series (REDA SN),SN2600,SN2600,87,7610.0,227.6,227.6,2290.0,3344.0,1054.0,339.0,151.0,50.0,0.8333,85.8,Lower Burgan (LB),213445.0,1.1483,0.4681,25.88,37.27,1.1848,1.0434,350.0,2538.2,300.2,13.41,2238.0,2432.6,2432.6,194.6,8.7,8.7,OVER_PREDICTION,True,True,True,True,True,True,True,True,1. QUALIFIED_5QC_CLEAN_ACTIVE,Pass: Active completion run meeting all 5 QC physical screening gates
GC-31,SA-0541_T,2025-05-05 09:00,REDA (Schlumberger),538 Series (REDA SN),SN2600,SN2600,87,7610.0,373.7,373.7,2336.0,3540.0,1204.0,407.0,164.0,50.0,0.8333,80.1,Lower Burgan (LB),213445.0,1.1483,0.4621,29.95,43.13,1.1848,1.0528,350.0,2315.2,58.2,2.58,2257.0,2199.1,2199.1,-57.9,-2.57,2.57,UNDER_PREDICTION,True,True,True,True,True,True,True,True,1. QUALIFIED_5QC_CLEAN_ACTIVE,Pass: Active completion run meeting all 5 QC physical screening gates
GC-31,SA-0541_T,2025-09-13 08:45,REDA (Schlumberger),538 Series (REDA SN),SN2600,SN2600,87,7610.0,504.7,504.7,2292.0,3333.0,1041.0,298.0,157.0,50.0,0.8333,85.1,Lower Burgan (LB),213445.0,1.1483,0.4673,25.6,36.87,1.1848,1.0446,350.0,2551.1,217.1,9.3,2334.0,2442.3,2442.3,108.3,4.64,4.64,OVER_PREDICTION,True,True,True,True,True,True,True,True,1. QUALIFIED_5QC_CLEAN_ACTIVE,Pass: Active completion run meeting all 5 QC physical screening gates
GC-31,SA-0541_T,2025-12-23 16:30,REDA (Schlumberger),538 Series (REDA SN),SN2600,SN2600,87,7610.0,606.0,606.0,2334.0,3671.0,1337.0,398.0,146.0,50.0,0.8333,78.0,Lower Burgan (LB),213445.0,1.1483,0.4599,33.41,48.11,1.1848,1.0563,350.0,2036.0,111.0,5.77,1925.0,1927.6,1927.6,2.6,0.14,0.14,OVER_PREDICTION,True,True,True,True,True,True,True,True,1. QUALIFIED_5QC_CLEAN_ACTIVE,Pass: Active completion run meeting all 5 QC physical screening gates
GC-31,SA-0541_T,2026-05-04 08:00,REDA (Schlumberger),538 Series (REDA SN),SN2600,SN2600,87,7610.0,737.6,737.6,2357.0,3702.0,1345.0,442.0,146.0,50.0,0.8333,83.0,Lower Burgan (LB),213445.0,1.1483,0.4652,33.24,47.87,1.1848,1.048,350.0,2052.5,-129.5,-5.93,2182.0,1958.5,1958.5,-223.5,-10.24,10.24,UNDER_PREDICTION,True,True,True,True,True,True,True,True,1. QUALIFIED_5QC_CLEAN_ACTIVE,Pass: Active completion run meeting all 5 QC physical screening gates
GC-31,SA-0547_T,2021-08-27 08:15,Baker Hughes (Centrilift),538 Series (Centrilift Centurion),P31,P31,130,6122.0,563.3,563.3,1375.0,3088.0,1713.0,239.0,161.0,50.0,0.8333,90.4,Lower Burgan (LB),213445.0,1.1483,0.4729,27.87,40.14,1.1371,1.0312,237.0,3138.8,530.8,20.35,2608.0,3043.7,3043.7,435.7,16.71,16.71,OVER_PREDICTION,True,True,True,True,True,True,True,True,1. QUALIFIED_5QC_CLEAN_ACTIVE,Pass: Active completion run meeting all 5 QC physical screening gates
GC-31,SA-0547_T,2021-10-22 12:30,Baker Hughes (Centrilift),538 Series (Centrilift Centurion),P31,P31,130,6122.0,619.5,619.5,1298.0,,,160.0,162.0,50.0,0.8333,95.1,Lower Burgan (LB),213445.0,1.1483,0.4778,,,1.1308,1.0254,221.6,,,,2435.0,,,,,,,False,False,False,True,True,False,True,False,7. FAILED_MISSING_TELEMETRY,"Failed Gate 1: Missing Telemetry (PIP=1298.0, PDP=nan)"
GC-31,SA-0547_T,2022-01-30 08:15,Baker Hughes (Centrilift),538 Series (Centrilift Centurion),P31,P31,130,6122.0,719.3,719.3,1393.0,,,196.0,164.0,50.0,0.8333,90.8,Lower Burgan (LB),213445.0,1.1483,0.4733,,,1.1386,1.0309,240.7,,,,2693.0,,,,,,,False,False,False,True,True,False,True,False,7. FAILED_MISSING_TELEMETRY,"Failed Gate 1: Missing Telemetry (PIP=1393.0, PDP=nan)"
GC-31,SA-0547_T,2022-05-03 08:15,Baker Hughes (Centrilift),538 Series (Centrilift Centurion),P31,P31,130,6122.0,812.3,812.3,1431.0,3127.7,1696.7,220.0,166.0,52.0,0.8667,86.1,Lower Burgan (LB),213445.0,1.1483,0.4684,27.86,37.09,1.1418,1.0369,248.4,3374.5,472.5,16.28,2902.0,3254.3,3254.3,352.3,12.14,12.14,OVER_PREDICTION,True,True,True,True,True,True,True,True,1. QUALIFIED_5QC_CLEAN_ACTIVE,Pass: Active completion run meeting all 5 QC physical screening gates
GC-31,SA-0547_T,2022-08-15 07:00,Baker Hughes (Centrilift),538 Series (Centrilift Centurion),P31,P31,130,6122.0,916.3,916.3,1341.0,3157.7,1816.7,233.0,171.0,52.0,0.8667,91.5,Lower Burgan (LB),213445.0,1.1483,0.474,29.48,39.25,1.1343,1.0297,230.2,3297.4,489.4,17.43,2808.0,3202.2,3202.2,394.2,14.04,14.04,OVER_PREDICTION,True,True,True,True,True,True,True,True,1. QUALIFIED_5QC_CLEAN_ACTIVE,Pass: Active completion run meeting all 5 QC physical screening gates
GC-31,SA-0547_T,2023-10-04 08:15,Baker Hughes (Centrilift),538 Series (Centrilift Centurion),P31,P31,130,6122.0,1331.3,1331.3,1479.0,3161.0,1682.0,224.0,161.0,50.0,0.8333,92.6,Lower Burgan (LB),213445.0,1.1483,0.4752,27.23,39.21,1.1459,1.0293,258.2,3171.7,416.7,15.13,2755.0,3081.4,3081.4,326.4,11.85,11.85,OVER_PREDICTION,True,True,True,True,True,True,True,True,1. QUALIFIED_5QC_CLEAN_ACTIVE,Pass: Active completion run meeting all 5 QC physical screening gates
GC-31,SA-0547_T,2024-01-10 08:30,Baker Hughes (Centrilift),538 Series (Centrilift Centurion),P31,P31,130,6122.0,1429.4,1429.4,1442.0,3156.0,1714.0,257.0,161.0,50.0,0.8333,90.4,Lower Burgan (LB),213445.0,1.1483,0.4729,27.88,40.15,1.1427,1.0318,250.6,3138.4,240.4,8.3,2898.0,3041.7,3041.7,143.7,4.96,4.96,OVER_PREDICTION,True,True,True,True,True,True,True,True,1. QUALIFIED_5QC_CLEAN_ACTIVE,Pass: Active completion run meeting all 5 QC physical screening gates
GC-31,SA-0547_T,2024-11-14 10:00,Baker Hughes (Centrilift),538 Series (Centrilift Centurion),P31,P31,130,6122.0,1738.4,1738.4,1514.0,3209.0,1695.0,272.0,164.0,50.0,0.8333,92.4,Lower Burgan (LB),213445.0,1.1483,0.475,27.45,39.53,1.1489,1.0298,265.3,3160.5,513.5,19.4,2647.0,3069.1,3069.1,422.1,15.95,15.95,OVER_PREDICTION,True,True,True,True,True,True,True,True,1. QUALIFIED_5QC_CLEAN_ACTIVE,Pass: Active completion run meeting all 5 QC physical screening gates
GC-31,SA-0547_T,2025-12-07 08:00,Baker Hughes (Centrilift),538 Series (Centrilift Centurion),P31,P31,130,6122.0,2126.3,2126.3,1426.0,3133.0,1707.0,244.0,165.0,50.0,0.8333,91.9,Lower Burgan (LB),213445.0,1.1483,0.4744,27.68,39.86,1.1414,1.0298,247.3,3148.7,498.7,18.82,2650.0,3057.5,3057.5,407.5,15.38,15.38,OVER_PREDICTION,True,True,True,True,True,True,True,True,1. QUALIFIED_5QC_CLEAN_ACTIVE,Pass: Active completion run meeting all 5 QC physical screening gates
GC-31,SA-0547_T,2026-03-15 17:45,Baker Hughes (Centrilift),538 Series (Centrilift Centurion),P31,P31,130,6122.0,2224.7,2224.7,1449.0,3145.0,1696.0,255.0,164.0,50.0,0.8333,92.5,Lower Burgan (LB),213445.0,1.1483,0.4751,27.46,39.55,1.1433,1.0293,252.0,3159.8,509.8,19.24,2650.0,3070.0,3070.0,420.0,15.85,15.85,OVER_PREDICTION,True,True,True,True,True,True,True,True,1. QUALIFIED_5QC_CLEAN_ACTIVE,Pass: Active completion run meeting all 5 QC physical screening gates
GC-31,SA-0547_T,2026-06-07 07:15,Baker Hughes (Centrilift),538 Series (Centrilift Centurion),P31,P31,130,6122.0,2308.3,2308.3,1574.0,3138.0,1564.0,206.0,162.0,50.0,0.8333,95.5,Lower Burgan (LB),213445.0,1.1483,0.4782,25.16,36.23,1.1541,1.026,277.7,3273.0,453.0,16.06,2820.0,3190.0,3190.0,370.0,13.12,13.12,OVER_PREDICTION,True,True,True,True,True,True,True,True,1. QUALIFIED_5QC_CLEAN_ACTIVE,Pass: Active completion run meeting all 5 QC physical screening gates
GC-31,SA-0550_T,2021-02-10 08:30,Baker Hughes (Centrilift),538 Series (Centrilift Centurion),P23,P23,111,6000.0,0.0,-1404.1,,,,160.0,151.0,50.0,0.8333,69.0,Upper Burgan (UB),199739.0,1.1388,0.4506,,,1.1477,1.0596,262.5,,,,1255.0,,,,,,,False,False,False,True,True,False,False,False,7. FAILED_MISSING_TELEMETRY,"Failed Gate 1: Missing Telemetry (PIP=nan, PDP=nan)"
GC-31,SA-0550_T,2021-07-23 11:00,Baker Hughes (Centrilift),538 Series (Centrilift Centurion),P23,P23,111,6000.0,0.0,-1241.0,2270.0,,,264.0,148.0,50.0,0.8333,70.0,Upper Burgan (UB),199739.0,1.1388,0.4516,,,1.1848,1.0694,350.0,,,,918.0,,,,,,,False,False,False,True,True,False,False,False,7. FAILED_MISSING_TELEMETRY,"Failed Gate 1: Missing Telemetry (PIP=2270.0, PDP=nan)"
GC-31,SA-0550_T,2021-11-05 07:45,Baker Hughes (Centrilift),538 Series (Centrilift Centurion),P23,P23,111,6000.0,0.0,-1136.1,2346.0,,,290.3,148.8,49.0,0.8167,70.6,Upper Burgan (UB),199739.0,1.1388,0.4522,,,1.1848,1.0685,350.0,,,,876.3,,,,,,,False,False,False,True,True,False,False,False,7. FAILED_MISSING_TELEMETRY,"Failed Gate 1: Missing Telemetry (PIP=2346.0, PDP=nan)"
GC-31,SA-0550_T,2022-07-30 08:00,Baker Hughes (Centrilift),538 Series (Centrilift Centurion),P23,P23,111,6000.0,0.0,-869.1,1416.0,3043.0,1627.0,237.5,139.9,50.0,0.8333,90.3,Upper Burgan (UB),199739.0,1.1388,0.4728,31.0,44.64,1.1406,1.0317,245.3,2223.2,370.0,19.97,1853.2,2154.9,2154.9,301.7,16.28,16.28,OVER_PREDICTION,True,True,True,True,True,True,False,False,2. QUALIFIED_5QC_HISTORICAL_RUN,Pass 5 QC Gates (Historical Completion Run: Days = -869.1)
GC-31,SA-0550_T,2022-11-30 08:15,Baker Hughes (Centrilift),538 Series (Centrilift Centurion),P23,P23,111,6000.0,0.0,-746.1,1326.0,3003.7,1677.7,250.0,144.0,50.0,0.8333,81.7,Upper Burgan (UB),199739.0,1.1388,0.4638,32.59,46.93,1.1331,1.0407,227.2,2148.5,492.5,29.74,1656.0,2064.5,2064.5,408.5,24.67,24.67,OVER_PREDICTION,True,True,True,True,True,True,False,False,2. QUALIFIED_5QC_HISTORICAL_RUN,Pass 5 QC Gates (Historical Completion Run: Days = -746.1)
GC-31,SA-0550_T,2023-03-05 09:15,Baker Hughes (Centrilift),538 Series (Centrilift Centurion),P23,P23,111,6000.0,0.0,-651.1,1236.0,3082.0,1846.0,283.0,148.0,50.0,0.8333,83.0,Upper Burgan (UB),199739.0,1.1388,0.4652,35.75,51.48,1.1257,1.038,209.3,1972.7,498.7,33.83,1474.0,1900.5,1900.5,426.5,28.93,28.93,OVER_PREDICTION,True,True,True,True,True,True,False,False,2. QUALIFIED_5QC_HISTORICAL_RUN,Pass 5 QC Gates (Historical Completion Run: Days = -651.1)
GC-31,SA-0550_T,2023-07-22 07:45,Baker Hughes (Centrilift),538 Series (Centrilift Centurion),P23,P23,111,6000.0,0.0,-512.1,1163.0,2964.0,1801.0,255.0,137.0,50.0,0.8333,84.5,Upper Burgan (UB),199739.0,1.1388,0.4667,34.76,50.06,1.1199,1.0355,194.9,2032.8,831.8,69.26,1201.0,1963.1,1963.1,762.1,63.46,63.46,OVER_PREDICTION,True,True,True,True,True,True,False,False,2. QUALIFIED_5QC_HISTORICAL_RUN,Pass 5 QC Gates (Historical Completion Run: Days = -512.1)
GC-31,SA-0550_T,2023-11-24 08:45,Baker Hughes (Centrilift),538 Series (Centrilift Centurion),P23,P23,111,6000.0,0.0,-387.1,1067.0,3115.0,2048.0,298.0,149.0,50.0,0.8333,95.3,Upper Burgan (UB),199739.0,1.1388,0.478,38.6,55.59,1.1124,1.0243,176.3,1753.8,453.8,34.91,1300.0,1712.1,1712.1,412.1,31.7,31.7,OVER_PREDICTION,True,True,True,True,True,True,False,False,2. QUALIFIED_5QC_HISTORICAL_RUN,Pass 5 QC Gates (Historical Completion Run: Days = -387.1)
GC-31,SA-0550_T,2024-03-30 07:15,Baker Hughes (Centrilift),538 Series (Centrilift Centurion),P23,P23,111,6000.0,0.0,-260.2,1052.0,3100.0,2048.0,266.0,142.0,50.0,0.8333,87.2,Upper Burgan (UB),199739.0,1.1388,0.4695,39.3,56.6,1.1113,1.0317,173.5,1683.0,411.0,32.31,1272.0,1631.3,1631.3,359.3,28.25,28.25,OVER_PREDICTION,True,True,True,True,True,True,False,False,2. QUALIFIED_5QC_HISTORICAL_RUN,Pass 5 QC Gates (Historical Completion Run: Days = -260.2)
GC-31,SA-0550_T,2024-08-09 07:15,Baker Hughes (Centrilift),538 Series (Centrilift Centurion),P23,P23,111,6000.0,0.0,-128.2,1100.0,3109.0,2009.0,274.0,137.0,50.0,0.8333,81.7,Upper Burgan (UB),199739.0,1.1388,0.4638,39.02,56.19,1.115,1.0374,182.7,1713.1,582.1,51.47,1131.0,1651.4,1651.4,520.4,46.01,46.01,OVER_PREDICTION,True,True,True,True,True,True,False,False,2. QUALIFIED_5QC_HISTORICAL_RUN,Pass 5 QC Gates (Historical Completion Run: Days = -128.2)
GC-31,SA-0550_T,2025-01-18 08:30,Baker Hughes (Centrilift),538 Series (Centrilift Centurion),P23,P23,111,6000.0,33.9,33.9,1104.0,3325.0,2221.0,462.0,142.0,50.0,0.8333,92.3,Upper Burgan (UB),199739.0,1.1388,0.4748,42.14,60.69,1.1153,1.0273,183.5,1214.7,-144.3,-10.62,1359.0,1182.4,1182.4,-176.6,-12.99,12.99,UNDER_PREDICTION,True,True,True,True,True,True,True,True,1. QUALIFIED_5QC_CLEAN_ACTIVE,Pass: Active completion run meeting all 5 QC physical screening gates
GC-31,SA-0550_T,2025-08-24 06:00,Baker Hughes (Centrilift),538 Series (Centrilift Centurion),P23,P23,111,6000.0,251.8,251.8,1060.0,3136.0,2076.0,328.0,158.0,50.0,0.8333,76.0,Upper Burgan (UB),199739.0,1.1388,0.4579,40.85,58.83,1.1119,1.0421,175.0,1478.0,-1.0,-0.07,1479.0,1418.4,1418.4,-60.6,-4.1,4.1,UNDER_PREDICTION,True,True,True,True,True,True,True,True,1. QUALIFIED_5QC_CLEAN_ACTIVE,Pass: Active completion run meeting all 5 QC physical screening gates
GC-31,SA-0550_T,2025-11-24 08:30,Baker Hughes (Centrilift),538 Series (Centrilift Centurion),P23,P23,111,6000.0,343.9,343.9,1135.0,3226.0,2091.0,389.0,151.0,50.0,0.8333,96.2,Upper Burgan (UB),199739.0,1.1388,0.4789,39.33,56.64,1.1177,1.0237,189.5,1680.0,508.0,43.34,1172.0,1641.1,1641.1,469.1,40.03,40.03,OVER_PREDICTION,True,True,True,True,True,True,True,True,1. QUALIFIED_5QC_CLEAN_ACTIVE,Pass: Active completion run meeting all 5 QC physical screening gates
GC-31,SA-0550_T,2026-05-01 10:00,Baker Hughes (Centrilift),538 Series (Centrilift Centurion),P23,P23,111,6000.0,502.0,502.0,1055.0,3185.0,2130.0,352.0,165.0,50.0,0.8333,93.0,Upper Burgan (UB),199739.0,1.1388,0.4756,40.35,58.11,1.1115,1.0264,174.0,1553.5,149.5,10.65,1404.0,1513.5,1513.5,109.5,7.8,7.8,OVER_PREDICTION,True,True,True,True,True,True,True,True,1. QUALIFIED_5QC_CLEAN_ACTIVE,Pass: Active completion run meeting all 5 QC physical screening gates
GC-31,SA-0556H_T,2021-03-20 08:15,REDA (Schlumberger),400 Series (REDA D),D1150N,D1150N,194,5075.0,640.3,640.3,638.0,,,152.0,122.0,52.0,0.8667,67.0,Lower Burgan (LB),213445.0,1.1483,0.4485,,,1.0815,1.0403,97.7,,,,694.0,,,,,,,False,False,False,True,True,False,True,False,7. FAILED_MISSING_TELEMETRY,"Failed Gate 1: Missing Telemetry (PIP=638.0, PDP=nan)"
GC-31,SA-0556H_T,2021-09-06 08:00,REDA (Schlumberger),400 Series (REDA D),D1150N,D1150N,194,5075.0,810.2,810.2,939.0,2545.0,1606.0,198.0,122.0,52.0,0.8667,60.0,Lower Burgan (LB),213445.0,1.1483,0.4412,18.76,24.97,1.1027,1.0531,152.1,1313.1,725.1,123.32,588.0,1246.9,1246.9,658.9,112.06,112.06,OVER_PREDICTION,True,True,True,True,True,True,True,True,1. QUALIFIED_5QC_CLEAN_ACTIVE,Pass: Active completion run meeting all 5 QC physical screening gates
GC-31,SA-0556H_T,2021-12-23 13:30,REDA (Schlumberger),400 Series (REDA D),D1150N,D1150N,194,5075.0,918.5,918.5,1209.0,,,172.0,115.0,54.0,0.9,59.0,Lower Burgan (LB),213445.0,1.1483,0.4401,,,1.1236,1.0625,203.9,,,,517.0,,,,,,,False,False,False,True,True,False,True,False,7. FAILED_MISSING_TELEMETRY,"Failed Gate 1: Missing Telemetry (PIP=1209.0, PDP=nan)"
GC-31,SA-0556H_T,2022-04-03 07:15,REDA (Schlumberger),400 Series (REDA D),D1150N,D1150N,194,5075.0,1019.2,1019.2,1522.0,2163.7,641.7,152.0,94.0,54.0,0.9,22.3,Lower Burgan (LB),213445.0,1.1483,0.4019,8.23,10.16,1.1496,1.1207,267.0,1620.0,1412.0,678.85,208.0,1445.6,1445.6,1237.6,595.0,595.0,OVER_PREDICTION,True,True,True,True,True,True,True,True,1. QUALIFIED_5QC_CLEAN_ACTIVE,Pass: Active completion run meeting all 5 QC physical screening gates
GC-31,SA-0556H_T,2022-07-23 07:30,REDA (Schlumberger),400 Series (REDA D),D1150N,D1150N,194,5075.0,1130.2,1130.2,944.0,2726.7,1782.7,248.0,134.0,52.0,0.8667,70.1,Lower Burgan (LB),213445.0,1.1483,0.4517,20.34,27.08,1.1031,1.0449,153.0,1265.1,276.1,27.92,989.0,1210.8,1210.8,221.8,22.43,22.43,OVER_PREDICTION,True,True,True,True,True,True,True,True,1. QUALIFIED_5QC_CLEAN_ACTIVE,Pass: Active completion run meeting all 5 QC physical screening gates
GC-31,SA-0556H_T,2022-09-13 10:00,REDA (Schlumberger),400 Series (REDA D),D1150N,D1150N,194,5075.0,1182.3,1182.3,,,,208.0,134.0,50.0,0.8333,72.3,Lower Burgan (LB),213445.0,1.1483,0.454,,,1.1477,1.0554,262.5,,,,661.0,,,,,,,False,False,False,True,True,False,True,False,7. FAILED_MISSING_TELEMETRY,"Failed Gate 1: Missing Telemetry (PIP=nan, PDP=nan)"
GC-31,SA-0556H_T,2023-01-18 08:15,REDA (Schlumberger),400 Series (REDA D),D1150N,D1150N,194,5075.0,1309.3,1309.3,1028.0,2667.7,1639.7,227.0,125.0,52.0,0.8667,70.7,Lower Burgan (LB),213445.0,1.1483,0.4523,18.69,24.88,1.1094,1.0462,168.9,1315.0,728.0,124.02,587.0,1256.9,1256.9,669.9,114.12,114.12,OVER_PREDICTION,True,True,True,True,True,True,True,True,1. QUALIFIED_5QC_CLEAN_ACTIVE,Pass: Active completion run meeting all 5 QC physical screening gates
GC-31,SA-0556H_T,2023-04-27 09:45,REDA (Schlumberger),400 Series (REDA D),D1150N,D1150N,194,5075.0,1408.3,1408.3,1135.0,2484.7,1349.7,196.0,114.0,52.0,0.8667,68.9,Lower Burgan (LB),213445.0,1.1483,0.4505,15.44,20.55,1.1177,1.0504,189.5,1402.4,994.4,243.73,408.0,1335.1,1335.1,927.1,227.23,227.23,OVER_PREDICTION,True,True,True,True,True,True,True,True,1. QUALIFIED_5QC_CLEAN_ACTIVE,Pass: Active completion run meeting all 5 QC physical screening gates
GC-31,SA-0556H_T,2023-07-24 08:15,REDA (Schlumberger),400 Series (REDA D),D1150N,D1150N,194,5075.0,1496.3,1496.3,1074.0,2144.7,1070.7,199.0,105.0,52.0,0.8667,36.8,Lower Burgan (LB),213445.0,1.1483,0.417,13.24,17.63,1.113,1.0788,177.7,1455.0,1069.0,276.94,386.0,1348.8,1348.8,962.8,249.43,249.43,OVER_PREDICTION,True,True,True,True,True,True,True,True,1. QUALIFIED_5QC_CLEAN_ACTIVE,Pass: Active completion run meeting all 5 QC physical screening gates
GC-31,SA-0556H_T,2023-11-02 06:30,REDA (Schlumberger),400 Series (REDA D),D1150N,D1150N,194,5075.0,1597.2,1597.2,924.0,2625.7,1701.7,264.0,110.0,57.0,0.95,50.5,Lower Burgan (LB),213445.0,1.1483,0.4313,20.34,22.54,1.1016,1.0604,149.3,1495.0,714.0,91.42,781.0,1409.8,1409.8,628.8,80.51,80.51,OVER_PREDICTION,True,True,True,True,True,True,True,True,1. QUALIFIED_5QC_CLEAN_ACTIVE,Pass: Active completion run meeting all 5 QC physical screening gates
GC-31,SA-0556H_T,2024-03-10 09:30,REDA (Schlumberger),400 Series (REDA D),D1150N,D1150N,194,5075.0,1726.3,1726.3,963.0,2619.0,1656.0,245.0,125.0,57.0,0.95,62.0,Lower Burgan (LB),213445.0,1.1483,0.4433,19.26,21.34,1.1045,1.0521,156.6,1520.8,1080.8,245.64,440.0,1445.5,1445.5,1005.5,228.52,228.52,OVER_PREDICTION,True,True,True,True,True,True,True,True,1. QUALIFIED_5QC_CLEAN_ACTIVE,Pass: Active completion run meeting all 5 QC physical screening gates
GC-31,SA-0556H_T,2024-06-13 13:00,REDA (Schlumberger),400 Series (REDA D),D1150N,D1150N,194,5075.0,1821.5,1821.5,1129.0,2415.0,1286.0,187.0,135.0,57.0,0.95,56.5,Lower Burgan (LB),213445.0,1.1483,0.4375,15.15,16.79,1.1172,1.0623,188.3,1610.7,1095.7,212.76,515.0,1516.2,1516.2,1001.2,194.41,194.41,OVER_PREDICTION,True,True,True,True,True,True,True,True,1. QUALIFIED_5QC_CLEAN_ACTIVE,Pass: Active completion run meeting all 5 QC physical screening gates
GC-31,SA-0556H_T,2024-11-18 09:00,REDA (Schlumberger),400 Series (REDA D),D1150N,D1150N,194,5075.0,1979.3,1979.3,1826.0,2466.0,640.0,223.1,101.7,57.0,0.95,63.2,Lower Burgan (LB),213445.0,1.1483,0.4445,7.42,8.22,1.1766,1.0776,330.8,1710.0,1341.4,363.92,368.6,1586.8,1586.8,1218.2,330.49,330.49,OVER_PREDICTION,True,True,True,True,True,True,True,True,1. QUALIFIED_5QC_CLEAN_ACTIVE,Pass: Active completion run meeting all 5 QC physical screening gates
GC-31,SA-0556H_T,2025-03-21 08:15,REDA (Schlumberger),400 Series (REDA D),D1150N,D1150N,194,5075.0,2102.3,2102.3,1343.0,2615.0,1272.0,308.0,138.0,60.0,1.0,77.7,Lower Burgan (LB),213445.0,1.1483,0.4596,14.27,14.27,1.1345,1.0455,230.6,1743.1,955.1,121.21,788.0,1667.2,1667.2,879.2,111.57,111.57,OVER_PREDICTION,True,True,True,True,True,True,True,True,1. QUALIFIED_5QC_CLEAN_ACTIVE,Pass: Active completion run meeting all 5 QC physical screening gates
GC-31,SA-0556H_T,2025-07-23 08:15,REDA (Schlumberger),400 Series (REDA D),D1150N,D1150N,194,5075.0,2226.3,2226.3,1274.0,2693.0,1419.0,284.0,129.0,60.0,1.0,66.7,Lower Burgan (LB),213445.0,1.1483,0.4482,16.32,16.32,1.1288,1.0562,216.8,1704.6,1040.6,156.72,664.0,1613.8,1613.8,949.8,143.04,143.04,OVER_PREDICTION,True,True,True,True,True,True,True,True,1. QUALIFIED_5QC_CLEAN_ACTIVE,Pass: Active completion run meeting all 5 QC physical screening gates
GC-31,SA-0556H_T,2025-10-13 12:45,REDA (Schlumberger),400 Series (REDA D),D1150N,D1150N,194,5075.0,2308.4,2308.4,1139.0,2589.0,1450.0,205.0,123.0,60.0,1.0,68.7,Lower Burgan (LB),213445.0,1.1483,0.4503,16.6,16.6,1.118,1.0507,190.3,1699.2,1168.2,220.0,531.0,1617.2,1617.2,1086.2,204.56,204.56,OVER_PREDICTION,True,True,True,True,True,True,True,True,1. QUALIFIED_5QC_CLEAN_ACTIVE,Pass: Active completion run meeting all 5 QC physical screening gates
GC-31,SA-0556H_T,2026-01-19 08:45,REDA (Schlumberger),400 Series (REDA D),D1150N,D1150N,194,5075.0,2406.3,2406.3,1298.0,2590.0,1292.0,242.0,127.0,60.0,1.0,73.6,Lower Burgan (LB),213445.0,1.1483,0.4554,14.63,14.63,1.1308,1.0492,221.6,1736.5,1118.5,180.99,618.0,1655.0,1655.0,1037.0,167.8,167.8,OVER_PREDICTION,True,True,True,True,True,True,True,True,1. QUALIFIED_5QC_CLEAN_ACTIVE,Pass: Active completion run meeting all 5 QC physical screening gates
GC-31,SA-0570_T,2021-03-19 21:15,Alkhorayef (ACC),538 Series (ACC WE),WE-1500,WE-1500,115,9980.0,2.8,2.8,,,,386.0,125.0,48.0,0.8,60.0,Lower Burgan (LB),213445.0,1.1483,0.4501,,,1.1477,1.0711,262.5,,,,1533.0,,,,,,,False,False,False,True,True,False,True,False,7. FAILED_MISSING_TELEMETRY,"Failed Gate 1: Missing Telemetry (PIP=nan, PDP=nan)"
GC-31,SA-0570_T,2021-04-13 08:00,Alkhorayef (ACC),538 Series (ACC WE),WE-1500,WE-1500,115,9980.0,27.3,27.3,820.0,,,411.0,127.0,48.0,0.8,4.0,Lower Burgan (LB),213445.0,1.1483,0.3834,,,1.0941,1.0911,130.1,,,,2611.0,,,,,,,False,False,False,True,True,False,True,False,7. FAILED_MISSING_TELEMETRY,"Failed Gate 1: Missing Telemetry (PIP=820.0, PDP=nan)"
GC-31,SA-0570_T,2021-05-11 08:30,Alkhorayef (ACC),538 Series (ACC WE),WE-1500,WE-1500,115,9980.0,55.3,55.3,827.0,,,255.0,137.8,48.0,0.8,9.3,Lower Burgan (LB),213445.0,1.1483,0.3897,,,1.0946,1.0876,131.4,,,,3054.2,,,,,,,False,False,False,True,True,False,True,False,7. FAILED_MISSING_TELEMETRY,"Failed Gate 1: Missing Telemetry (PIP=827.0, PDP=nan)"
GC-31,SA-0570_T,2021-09-14 09:30,Alkhorayef (ACC),538 Series (ACC WE),WE-1500,WE-1500,115,9980.0,181.3,181.3,,,,398.0,124.3,48.0,0.8,1.8,Lower Burgan (LB),213445.0,1.1483,0.3808,,,1.1477,1.1454,262.5,,,,1508.2,,,,,,,False,False,False,True,True,False,True,False,7. FAILED_MISSING_TELEMETRY,"Failed Gate 1: Missing Telemetry (PIP=nan, PDP=nan)"
GC-31,SA-0570_T,2021-12-14 08:30,Alkhorayef (ACC),538 Series (ACC WE),WE-1500,WE-1500,115,9980.0,272.3,272.3,,,,368.0,118.0,48.0,0.8,16.3,Lower Burgan (LB),213445.0,1.1483,0.3981,,,1.1477,1.1269,262.5,,,,1310.0,,,,,,,False,False,False,True,True,False,True,False,7. FAILED_MISSING_TELEMETRY,"Failed Gate 1: Missing Telemetry (PIP=nan, PDP=nan)"
GC-31,SA-0570_T,2022-05-27 08:30,Alkhorayef (ACC),538 Series (ACC WE),WE-1500,WE-1500,115,9980.0,436.3,436.3,992.0,1679.0,687.0,427.0,126.0,48.0,0.8,19.2,Lower Burgan (LB),213445.0,1.1483,0.4015,14.88,23.25,1.1067,1.0901,162.1,2216.0,1047.0,89.56,1169.0,2032.9,2032.9,863.9,73.9,73.9,OVER_PREDICTION,True,True,True,True,True,True,True,True,1. QUALIFIED_5QC_CLEAN_ACTIVE,Pass: Active completion run meeting all 5 QC physical screening gates
GC-31,SA-0570_T,2022-09-26 07:30,Alkhorayef (ACC),538 Series (ACC WE),WE-1500,WE-1500,115,9980.0,558.2,558.2,957.0,1756.0,799.0,473.0,120.0,48.0,0.8,6.2,Lower Burgan (LB),213445.0,1.1483,0.386,18.0,28.12,1.1041,1.0989,155.5,2216.0,1153.0,108.47,1063.0,2016.6,2016.6,953.6,89.71,89.71,OVER_PREDICTION,True,True,True,True,True,True,True,True,1. QUALIFIED_5QC_CLEAN_ACTIVE,Pass: Active completion run meeting all 5 QC physical screening gates
GC-31,SA-0570_T,2023-01-23 08:30,Alkhorayef (ACC),538 Series (ACC WE),WE-1500,WE-1500,115,9980.0,677.3,677.3,,,,519.0,122.0,48.0,0.8,5.2,Lower Burgan (LB),213445.0,1.1483,0.3848,,,1.1477,1.141,262.5,,,,1067.0,,,,,,,False,False,False,True,True,False,True,False,7. FAILED_MISSING_TELEMETRY,"Failed Gate 1: Missing Telemetry (PIP=nan, PDP=nan)"
GC-31,SA-0570_T,2023-05-11 13:15,Alkhorayef (ACC),538 Series (ACC WE),WE-1500,WE-1500,115,9980.0,785.5,785.5,1115.0,2081.0,966.0,570.0,117.0,48.0,0.8,10.0,Lower Burgan (LB),213445.0,1.1483,0.3906,21.51,33.61,1.1161,1.1065,185.6,2216.0,1001.0,82.39,1215.0,2002.7,2002.7,787.7,64.83,64.83,OVER_PREDICTION,True,True,True,True,True,True,True,True,1. QUALIFIED_5QC_CLEAN_ACTIVE,Pass: Active completion run meeting all 5 QC physical screening gates
GC-31,SA-0570_T,2023-08-30 09:00,Alkhorayef (ACC),538 Series (ACC WE),WE-1500,WE-1500,115,9980.0,896.3,896.3,1110.0,1772.0,662.0,371.0,133.0,49.0,0.8167,27.1,Lower Burgan (LB),213445.0,1.1483,0.4109,14.01,21.0,1.1158,1.0898,184.6,2262.3,822.3,57.1,1440.0,2075.9,2075.9,635.9,44.16,44.16,OVER_PREDICTION,True,True,True,True,True,True,True,True,1. QUALIFIED_5QC_CLEAN_ACTIVE,Pass: Active completion run meeting all 5 QC physical screening gates
GC-31,SA-0570_T,2024-01-18 09:00,Alkhorayef (ACC),538 Series (ACC WE),WE-1500,WE-1500,115,9980.0,1037.3,1037.3,997.0,1520.0,523.0,343.0,127.0,49.3,0.8217,13.0,Lower Burgan (LB),213445.0,1.1483,0.3941,11.54,17.09,1.1071,1.0958,163.0,2276.1,1159.1,103.77,1117.0,2077.2,2077.2,960.2,85.96,85.96,OVER_PREDICTION,True,True,True,True,True,True,True,True,1. QUALIFIED_5QC_CLEAN_ACTIVE,Pass: Active completion run meeting all 5 QC physical screening gates
GC-31,SA-0570_T,2024-06-08 08:45,Alkhorayef (ACC),538 Series (ACC WE),WE-1500,WE-1500,115,9980.0,1179.3,1179.3,931.0,1299.0,368.0,312.0,130.0,52.0,0.8667,20.7,Lower Burgan (LB),213445.0,1.1483,0.4033,7.93,10.56,1.1022,1.0851,150.6,2400.8,1186.8,97.76,1214.0,2212.4,2212.4,998.4,82.24,82.24,OVER_PREDICTION,True,True,True,True,True,True,True,True,1. QUALIFIED_5QC_CLEAN_ACTIVE,Pass: Active completion run meeting all 5 QC physical screening gates
GC-31,SA-0570_T,2024-12-16 08:15,Alkhorayef (ACC),538 Series (ACC WE),WE-1500,WE-1500,115,9980.0,1370.3,1370.3,884.0,1379.0,495.0,344.0,125.0,52.0,0.8667,27.2,Lower Burgan (LB),213445.0,1.1483,0.4111,10.47,13.94,1.0987,1.0773,141.9,2400.8,1266.8,111.71,1134.0,2228.5,2228.5,1094.5,96.52,96.52,OVER_PREDICTION,True,True,True,True,True,True,True,True,1. QUALIFIED_5QC_CLEAN_ACTIVE,Pass: Active completion run meeting all 5 QC physical screening gates
GC-31,SA-0570_T,2025-05-06 07:45,Alkhorayef (ACC),538 Series (ACC WE),WE-1500,WE-1500,115,9980.0,1511.3,1511.3,839.0,1390.0,551.0,348.0,124.0,52.0,0.8667,28.8,Lower Burgan (LB),213445.0,1.1483,0.413,11.6,15.44,1.0954,1.0737,133.6,2400.8,1334.8,125.22,1066.0,2236.0,2236.0,1170.0,109.76,109.76,OVER_PREDICTION,True,True,True,True,True,True,True,True,1. QUALIFIED_5QC_CLEAN_ACTIVE,Pass: Active completion run meeting all 5 QC physical screening gates
GC-31,SA-0570_T,2025-09-11 20:00,Alkhorayef (ACC),538 Series (ACC WE),WE-1500,WE-1500,115,9980.0,1639.8,1639.8,819.0,1229.0,410.0,306.0,129.0,52.0,0.8667,18.0,Lower Burgan (LB),213445.0,1.1483,0.4001,8.91,11.86,1.094,1.0807,129.9,2400.8,1366.8,132.19,1034.0,2221.5,2221.5,1187.5,114.85,114.85,OVER_PREDICTION,True,True,True,True,True,True,True,True,1. QUALIFIED_5QC_CLEAN_ACTIVE,Pass: Active completion run meeting all 5 QC physical screening gates
GC-31,SA-0570_T,2025-12-20 20:45,Alkhorayef (ACC),538 Series (ACC WE),WE-1500,WE-1500,115,9980.0,1739.8,1739.8,796.0,1352.0,556.0,295.0,129.0,52.0,0.8667,17.2,Lower Burgan (LB),213445.0,1.1483,0.3991,12.11,16.12,1.0924,1.0799,125.7,2400.8,1347.8,128.0,1053.0,2223.1,2223.1,1170.1,111.12,111.12,OVER_PREDICTION,True,True,True,True,True,True,True,True,1. QUALIFIED_5QC_CLEAN_ACTIVE,Pass: Active completion run meeting all 5 QC physical screening gates
GC-31,SA-0570_T,2026-05-04 08:00,Alkhorayef (ACC),538 Series (ACC WE),WE-1500,WE-1500,115,9980.0,1874.3,1874.3,817.0,1307.0,490.0,266.0,118.0,52.0,0.8667,14.7,Lower Burgan (LB),213445.0,1.1483,0.3962,10.76,14.32,1.0939,1.083,129.6,2400.8,1330.8,124.37,1070.0,2216.8,2216.8,1146.8,107.18,107.18,OVER_PREDICTION,True,True,True,True,True,True,True,True,1. QUALIFIED_5QC_CLEAN_ACTIVE,Pass: Active completion run meeting all 5 QC physical screening gates
GC-31,SA-0572_T,2021-05-04 05:00,Alkhorayef (ACC),538 Series (ACC WE),WE-1500c,WE-1500,137,6100.0,0.0,-629.7,1132.0,,,306.0,133.0,50.0,0.8333,56.1,Mauddud (MA),137779.0,1.0958,0.4327,,,1.1175,1.0628,188.9,,,,758.0,,,,,,,False,False,False,True,True,False,False,False,7. FAILED_MISSING_TELEMETRY,"Failed Gate 1: Missing Telemetry (PIP=1132.0, PDP=nan)"
GC-31,SA-0572_T,2021-10-26 08:15,Alkhorayef (ACC),538 Series (ACC WE),WE-1500c,WE-1500,137,6100.0,0.0,-454.6,1242.0,,,230.0,123.0,50.0,0.8333,53.1,Mauddud (MA),137779.0,1.0958,0.4298,,,1.1262,1.0698,210.4,,,,454.0,,,,,,,False,False,False,True,True,False,False,False,7. FAILED_MISSING_TELEMETRY,"Failed Gate 1: Missing Telemetry (PIP=1242.0, PDP=nan)"
GC-31,SA-0572_T,2022-05-04 08:15,Alkhorayef (ACC),538 Series (ACC WE),WE-1500c,WE-1500,137,6100.0,0.0,-264.6,957.0,2647.0,1690.0,147.0,137.0,50.0,0.8333,70.0,Mauddud (MA),137779.0,1.0958,0.4461,27.65,39.82,1.1041,1.0452,155.5,2075.4,767.4,58.67,1308.0,1985.6,1985.6,677.6,51.8,51.8,OVER_PREDICTION,True,True,True,True,True,True,False,False,2. QUALIFIED_5QC_HISTORICAL_RUN,Pass 5 QC Gates (Historical Completion Run: Days = -264.6)
GC-31,SA-0572_T,2022-08-16 07:30,Alkhorayef (ACC),538 Series (ACC WE),WE-1500c,WE-1500,137,6100.0,0.0,-160.6,823.0,2723.7,1900.7,193.0,140.0,50.0,0.8333,68.0,Mauddud (MA),137779.0,1.0958,0.4442,31.23,44.97,1.0943,1.0438,130.6,1869.0,443.0,31.07,1426.0,1790.6,1790.6,364.6,25.57,25.57,OVER_PREDICTION,True,True,True,True,True,True,False,False,2. QUALIFIED_5QC_HISTORICAL_RUN,Pass 5 QC Gates (Historical Completion Run: Days = -160.6)
GC-31,SA-0572_T,2023-02-10 08:30,Alkhorayef (ACC),538 Series (ACC WE),WE-1500c,WE-1500,137,6100.0,17.4,17.4,708.0,2542.0,1834.0,203.0,130.0,50.0,0.8333,33.0,Mauddud (MA),137779.0,1.0958,0.4105,32.62,46.98,1.0862,1.0644,110.0,1790.8,633.8,54.78,1157.0,1682.5,1682.5,525.5,45.42,45.42,OVER_PREDICTION,True,True,True,True,True,True,True,True,1. QUALIFIED_5QC_CLEAN_ACTIVE,Pass: Active completion run meeting all 5 QC physical screening gates
GC-31,SA-0572_T,2023-06-20 06:00,Alkhorayef (ACC),538 Series (ACC WE),WE-1500c,WE-1500,137,6100.0,147.3,147.3,704.0,2751.0,2047.0,181.0,140.0,26.0,0.4333,65.9,Mauddud (MA),137779.0,1.0958,0.4422,33.79,179.97,1.086,1.0425,109.3,0.0,-1065.0,-100.0,1065.0,0.0,0.0,-1065.0,-100.0,100.0,UNDER_PREDICTION,True,True,True,False,True,False,True,False,5. FAILED_UNDER_FREQUENCY,Failed Gate 4: Under-Frequency (f = 26.0 Hz < 40.0 Hz threshold)
GC-31,SA-0572_T,2023-11-10 13:15,Alkhorayef (ACC),538 Series (ACC WE),WE-1500c,WE-1500,137,6100.0,290.6,290.6,725.0,2783.0,2058.0,193.0,138.0,50.0,0.8333,70.5,Mauddud (MA),137779.0,1.0958,0.4466,33.64,48.45,1.0874,1.0399,113.0,1733.3,443.3,34.36,1290.0,1666.8,1666.8,376.8,29.21,29.21,OVER_PREDICTION,True,True,True,True,True,True,True,True,1. QUALIFIED_5QC_CLEAN_ACTIVE,Pass: Active completion run meeting all 5 QC physical screening gates
GC-31,SA-0572_T,2024-02-24 08:30,Alkhorayef (ACC),538 Series (ACC WE),WE-1500c,WE-1500,137,6100.0,396.4,396.4,893.0,2805.0,1912.0,221.0,148.0,50.0,0.8333,66.2,Mauddud (MA),137779.0,1.0958,0.4425,31.54,45.42,1.0994,1.0468,143.5,1851.5,408.5,28.31,1443.0,1768.7,1768.7,325.7,22.57,22.57,OVER_PREDICTION,True,True,True,True,True,True,True,True,1. QUALIFIED_5QC_CLEAN_ACTIVE,Pass: Active completion run meeting all 5 QC physical screening gates
GC-31,SA-0572_T,2024-06-11 08:45,Alkhorayef (ACC),538 Series (ACC WE),WE-1500c,WE-1500,137,6100.0,504.4,504.4,1042.0,2755.0,1713.0,222.0,160.0,50.0,0.8333,72.5,Mauddud (MA),137779.0,1.0958,0.4485,27.88,40.15,1.1105,1.0449,171.6,2061.3,352.3,20.61,1709.0,1972.7,1972.7,263.7,15.43,15.43,OVER_PREDICTION,True,True,True,True,True,True,True,True,1. QUALIFIED_5QC_CLEAN_ACTIVE,Pass: Active completion run meeting all 5 QC physical screening gates
GC-31,SA-0572_T,2024-10-01 08:15,Alkhorayef (ACC),538 Series (ACC WE),WE-1500c,WE-1500,137,6100.0,616.4,616.4,1160.0,2730.0,1570.0,198.0,151.0,50.0,0.8333,71.0,Mauddud (MA),137779.0,1.0958,0.4471,25.63,36.91,1.1197,1.0489,194.3,2216.0,536.7,31.96,1679.3,2112.7,2112.7,433.4,25.81,25.81,OVER_PREDICTION,True,True,True,True,True,True,True,True,1. QUALIFIED_5QC_CLEAN_ACTIVE,Pass: Active completion run meeting all 5 QC physical screening gates
GC-31,SA-0572_T,2025-02-15 09:00,Alkhorayef (ACC),538 Series (ACC WE),WE-1500c,WE-1500,137,6100.0,753.5,753.5,1204.0,2770.0,1566.0,255.0,150.0,50.0,0.8333,73.0,Mauddud (MA),137779.0,1.0958,0.449,25.46,36.67,1.1232,1.0479,203.0,2229.7,530.7,31.24,1699.0,2127.9,2127.9,428.9,25.24,25.24,OVER_PREDICTION,True,True,True,True,True,True,True,True,1. QUALIFIED_5QC_CLEAN_ACTIVE,Pass: Active completion run meeting all 5 QC physical screening gates
GC-31,SA-0572_T,2025-05-24 11:30,Alkhorayef (ACC),538 Series (ACC WE),WE-1500c,WE-1500,137,6100.0,851.6,851.6,1066.0,2688.0,1622.0,212.0,155.0,52.0,0.8667,71.0,Mauddud (MA),137779.0,1.0958,0.4471,26.48,35.25,1.1123,1.0468,176.2,2400.8,579.8,31.84,1821.0,2293.5,2293.5,472.5,25.95,25.95,OVER_PREDICTION,True,True,True,True,True,True,True,True,1. QUALIFIED_5QC_CLEAN_ACTIVE,Pass: Active completion run meeting all 5 QC physical screening gates
GC-31,SA-0572_T,2025-09-13 08:30,Alkhorayef (ACC),538 Series (ACC WE),WE-1500c,WE-1500,137,6100.0,963.4,963.4,872.0,2771.0,1899.0,207.0,152.0,52.0,0.8667,73.0,Mauddud (MA),137779.0,1.0958,0.449,30.87,41.1,1.0978,1.041,139.6,2102.8,462.8,28.22,1640.0,2020.0,2020.0,380.0,23.17,23.17,OVER_PREDICTION,True,True,True,True,True,True,True,True,1. QUALIFIED_5QC_CLEAN_ACTIVE,Pass: Active completion run meeting all 5 QC physical screening gates
GC-31,SA-0572_T,2025-12-20 18:30,Alkhorayef (ACC),538 Series (ACC WE),WE-1500c,WE-1500,137,6100.0,1061.9,1061.9,993.0,2738.0,1745.0,209.0,128.0,52.0,0.8667,69.1,Mauddud (MA),137779.0,1.0958,0.4452,28.61,38.09,1.1068,1.0468,162.2,2240.7,502.7,28.92,1738.0,2140.5,2140.5,402.5,23.16,23.16,OVER_PREDICTION,True,True,True,True,True,True,True,True,1. QUALIFIED_5QC_CLEAN_ACTIVE,Pass: Active completion run meeting all 5 QC physical screening gates
GC-31,SA-0572_T,2026-04-09 08:30,Alkhorayef (ACC),538 Series (ACC WE),WE-1500c,WE-1500,137,6100.0,1171.4,1171.4,904.0,2608.0,1704.0,169.0,153.0,52.0,0.8667,55.8,Mauddud (MA),137779.0,1.0958,0.4324,28.76,38.29,1.1002,1.0554,145.6,2230.5,684.5,44.28,1546.0,2113.4,2113.4,567.4,36.7,36.7,OVER_PREDICTION,True,True,True,True,True,True,True,True,1. QUALIFIED_5QC_CLEAN_ACTIVE,Pass: Active completion run meeting all 5 QC physical screening gates
GC-31,SA-0572_T,2026-07-29 10:30,Alkhorayef (ACC),538 Series (ACC WE),WE-1500c,WE-1500,137,6100.0,1282.5,1282.5,656.0,2710.0,2054.0,176.0,147.0,52.0,0.8667,56.0,Mauddud (MA),137779.0,1.0958,0.4326,34.66,46.14,1.0827,1.0476,100.8,1896.8,549.8,40.82,1347.0,1810.6,1810.6,463.6,34.42,34.42,OVER_PREDICTION,True,True,True,True,True,True,True,True,1. QUALIFIED_5QC_CLEAN_ACTIVE,Pass: Active completion run meeting all 5 QC physical screening gates
GC-31,SA-0579H_T,2021-02-19 08:15,Alkhorayef (ACC),538 Series (ACC WE),WE-1500,WE-1500,137,6450.0,0.0,-1710.3,1315.0,,,207.0,132.0,50.0,0.8333,72.0,Upper Burgan (UB),199739.0,1.1388,0.4615,,,1.1322,1.0514,225.0,,,,643.0,,,,,,,False,False,False,True,True,False,False,False,7. FAILED_MISSING_TELEMETRY,"Failed Gate 1: Missing Telemetry (PIP=1315.0, PDP=nan)"
GC-31,SA-0579H_T,2021-06-12 07:30,Alkhorayef (ACC),538 Series (ACC WE),WE-1500,WE-1500,137,6450.0,0.0,-1597.3,1353.0,,,217.0,134.0,53.0,0.8833,79.4,Upper Burgan (UB),199739.0,1.1388,0.47,,,1.1353,1.0438,232.6,,,,727.0,,,,,,,False,False,False,True,True,False,False,False,7. FAILED_MISSING_TELEMETRY,"Failed Gate 1: Missing Telemetry (PIP=1353.0, PDP=nan)"
GC-31,SA-0579H_T,2021-10-27 08:30,Alkhorayef (ACC),538 Series (ACC WE),WE-1500,WE-1500,137,6450.0,0.0,-1460.3,1447.0,,,218.3,135.5,53.0,0.8833,60.6,Upper Burgan (UB),199739.0,1.1388,0.4483,,,1.1432,1.0685,251.6,,,,727.5,,,,,,,False,False,False,True,True,False,False,False,7. FAILED_MISSING_TELEMETRY,"Failed Gate 1: Missing Telemetry (PIP=1447.0, PDP=nan)"
GC-31,SA-0579H_T,2022-04-21 06:45,Alkhorayef (ACC),538 Series (ACC WE),WE-1500,WE-1500,137,6450.0,0.0,-1284.4,1282.0,3300.7,2018.7,196.0,146.0,50.0,0.8333,87.0,Upper Burgan (UB),199739.0,1.1388,0.4787,30.78,44.33,1.1295,1.0342,218.4,1893.9,495.9,35.47,1398.0,1831.2,1831.2,433.2,30.99,30.99,OVER_PREDICTION,True,True,True,True,True,True,False,False,2. QUALIFIED_5QC_HISTORICAL_RUN,Pass 5 QC Gates (Historical Completion Run: Days = -1284.4)
GC-31,SA-0579H_T,2022-07-23 08:00,Alkhorayef (ACC),538 Series (ACC WE),WE-1500,WE-1500,137,6450.0,0.0,-1191.3,1230.0,3222.7,1992.7,236.2,139.5,50.0,0.8333,80.3,Upper Burgan (UB),199739.0,1.1388,0.471,30.88,44.47,1.1253,1.0407,208.1,1888.4,502.2,36.23,1386.2,1814.5,1814.5,428.3,30.9,30.9,OVER_PREDICTION,True,True,True,True,True,True,False,False,2. QUALIFIED_5QC_HISTORICAL_RUN,Pass 5 QC Gates (Historical Completion Run: Days = -1191.3)
GC-31,SA-0579H_T,2022-11-02 08:15,Alkhorayef (ACC),538 Series (ACC WE),WE-1500,WE-1500,137,6450.0,0.0,-1089.3,1214.0,3270.0,2056.0,289.0,155.0,50.0,0.8333,75.8,Upper Burgan (UB),199739.0,1.1388,0.4658,32.22,46.4,1.124,1.0452,204.9,1813.6,339.6,23.04,1474.0,1735.2,1735.2,261.2,17.72,17.72,OVER_PREDICTION,True,True,True,True,True,True,False,False,2. QUALIFIED_5QC_HISTORICAL_RUN,Pass 5 QC Gates (Historical Completion Run: Days = -1089.3)
GC-31,SA-0579H_T,2023-02-05 08:15,Alkhorayef (ACC),538 Series (ACC WE),WE-1500,WE-1500,137,6450.0,0.0,-994.3,1139.0,3301.7,2162.7,285.0,151.0,50.0,0.8333,80.5,Upper Burgan (UB),199739.0,1.1388,0.4712,33.5,48.24,1.118,1.0391,190.3,1741.6,332.6,23.61,1409.0,1676.0,1676.0,267.0,18.95,18.95,OVER_PREDICTION,True,True,True,True,True,True,False,False,2. QUALIFIED_5QC_HISTORICAL_RUN,Pass 5 QC Gates (Historical Completion Run: Days = -994.3)
GC-31,SA-0579H_T,2023-02-24 09:00,Alkhorayef (ACC),538 Series (ACC WE),WE-1500,WE-1500,137,6450.0,0.0,-975.3,1038.0,3315.7,2277.7,289.0,149.0,52.0,0.8667,84.3,Upper Burgan (UB),199739.0,1.1388,0.4756,34.96,46.54,1.1102,1.0342,170.8,1880.7,397.7,26.82,1483.0,1818.6,1818.6,335.6,22.63,22.63,OVER_PREDICTION,True,True,True,True,True,True,False,False,2. QUALIFIED_5QC_HISTORICAL_RUN,Pass 5 QC Gates (Historical Completion Run: Days = -975.3)
GC-31,SA-0579H_T,2023-08-31 20:00,Alkhorayef (ACC),538 Series (ACC WE),WE-1500,WE-1500,137,6450.0,0.0,-786.8,732.0,3220.0,2488.0,217.0,136.0,49.0,0.8167,90.0,Upper Burgan (UB),199739.0,1.1388,0.4822,37.66,56.46,1.0879,1.0268,114.2,1358.6,173.6,14.65,1185.0,1323.2,1323.2,138.2,11.66,11.66,OVER_PREDICTION,True,True,True,True,True,True,False,False,2. QUALIFIED_5QC_HISTORICAL_RUN,Pass 5 QC Gates (Historical Completion Run: Days = -786.8)
GC-31,SA-0579H_T,2023-09-19 08:15,Alkhorayef (ACC),538 Series (ACC WE),WE-1500,WE-1500,137,6450.0,0.0,-768.3,775.0,3224.0,2449.0,217.0,126.0,49.0,0.8167,71.0,Upper Burgan (UB),199739.0,1.1388,0.4603,38.83,58.22,1.0909,1.0406,121.9,1272.0,86.0,7.25,1186.0,1222.4,1222.4,36.4,3.07,3.07,OVER_PREDICTION,True,True,True,True,True,True,False,False,2. QUALIFIED_5QC_HISTORICAL_RUN,Pass 5 QC Gates (Historical Completion Run: Days = -768.3)
GC-31,SA-0579H_T,2024-01-14 08:30,Alkhorayef (ACC),538 Series (ACC WE),WE-1500,WE-1500,137,6450.0,0.0,-651.3,,,,309.0,134.0,49.0,0.8167,67.1,Upper Burgan (UB),199739.0,1.1388,0.4558,,,1.1477,1.062,262.5,,,,866.0,,,,,,,False,False,False,True,True,False,False,False,7. FAILED_MISSING_TELEMETRY,"Failed Gate 1: Missing Telemetry (PIP=nan, PDP=nan)"
GC-31,SA-0579H_T,2024-05-03 09:30,Alkhorayef (ACC),538 Series (ACC WE),WE-1500,WE-1500,137,6450.0,0.0,-541.2,813.0,3247.0,2434.0,249.0,138.0,49.0,0.8167,74.9,Upper Burgan (UB),199739.0,1.1388,0.4648,38.22,57.3,1.0936,1.0385,128.8,1317.8,414.8,45.94,903.0,1269.0,1269.0,366.0,40.53,40.53,OVER_PREDICTION,True,True,True,True,True,True,False,False,2. QUALIFIED_5QC_HISTORICAL_RUN,Pass 5 QC Gates (Historical Completion Run: Days = -541.2)
GC-31,SA-0579H_T,2024-09-30 08:00,Alkhorayef (ACC),538 Series (ACC WE),WE-1500,WE-1500,137,6450.0,0.0,-391.3,806.0,3238.0,2432.0,241.0,145.0,49.0,0.8167,88.9,Upper Burgan (UB),199739.0,1.1388,0.4809,36.91,55.34,1.0931,1.0281,127.6,1411.0,526.0,59.44,885.0,1372.4,1372.4,487.4,55.07,55.07,OVER_PREDICTION,True,True,True,True,True,True,False,False,2. QUALIFIED_5QC_HISTORICAL_RUN,Pass 5 QC Gates (Historical Completion Run: Days = -391.3)
GC-31,SA-0579H_T,2025-02-10 12:15,Alkhorayef (ACC),538 Series (ACC WE),WE-1500,WE-1500,137,6450.0,0.0,-258.1,816.0,3278.0,2462.0,228.0,136.0,49.0,0.8167,90.8,Upper Burgan (UB),199739.0,1.1388,0.4831,37.2,55.77,1.0938,1.0268,129.4,1391.1,478.1,52.37,913.0,1354.8,1354.8,441.8,48.39,48.39,OVER_PREDICTION,True,True,True,True,True,True,False,False,2. QUALIFIED_5QC_HISTORICAL_RUN,Pass 5 QC Gates (Historical Completion Run: Days = -258.1)
GC-31,SA-0579H_T,2025-05-25 09:15,Alkhorayef (ACC),538 Series (ACC WE),WE-1500,WE-1500,137,6450.0,0.0,-154.3,1042.0,3372.0,2330.0,200.0,140.0,49.0,0.8167,91.0,Upper Burgan (UB),199739.0,1.1388,0.4833,35.19,52.76,1.1105,1.0281,171.6,1524.6,623.6,69.21,901.0,1482.9,1482.9,581.9,64.58,64.58,OVER_PREDICTION,True,True,True,True,True,True,False,False,2. QUALIFIED_5QC_HISTORICAL_RUN,Pass 5 QC Gates (Historical Completion Run: Days = -154.3)
GC-31,SA-0579H_T,2025-11-17 19:30,Alkhorayef (ACC),538 Series (ACC WE),WE-1500,WE-1500,137,6450.0,22.2,22.2,705.0,3308.0,2603.0,222.0,141.0,51.0,0.85,96.1,Upper Burgan (UB),199739.0,1.1388,0.4892,38.84,53.76,1.086,1.0226,109.4,1542.1,392.1,34.1,1150.0,1508.1,1508.1,358.1,31.14,31.14,OVER_PREDICTION,True,True,True,True,True,True,True,True,1. QUALIFIED_5QC_CLEAN_ACTIVE,Pass: Active completion run meeting all 5 QC physical screening gates
GC-31,SA-0579H_T,2026-04-09 09:15,Alkhorayef (ACC),538 Series (ACC WE),WE-1500,WE-1500,137,6450.0,164.7,164.7,759.0,3375.0,2616.0,395.0,140.0,51.0,0.85,84.1,Upper Burgan (UB),199739.0,1.1388,0.4754,40.17,55.6,1.0898,1.0311,119.1,1455.9,482.9,49.63,973.0,1412.0,1412.0,439.0,45.12,45.12,OVER_PREDICTION,True,True,True,True,True,True,True,True,1. QUALIFIED_5QC_CLEAN_ACTIVE,Pass: Active completion run meeting all 5 QC physical screening gates
GC-31,SA-0580H_T,2021-04-14 08:00,Halliburton / Summit ESP,400 Series (Summit SF),SF1750,SF1750,375,7500.0,0.0,-208.5,,,,176.0,125.0,50.0,0.8333,21.4,Mauddud (MA),137779.0,1.0958,0.4009,,,1.1477,1.1204,262.5,,,,1146.0,,,,,,,False,False,False,True,True,False,False,False,7. FAILED_MISSING_TELEMETRY,"Failed Gate 1: Missing Telemetry (PIP=nan, PDP=nan)"
GC-31,SA-0580H_T,2021-11-21 08:45,Halliburton / Summit ESP,400 Series (Summit SF),SF1750,SF1750,375,7500.0,12.5,12.5,,,,134.0,146.0,50.0,0.8333,39.6,Mauddud (MA),137779.0,1.0958,0.4199,,,1.1477,1.0971,262.5,,,,1783.0,,,,,,,False,False,False,True,True,False,True,False,7. FAILED_MISSING_TELEMETRY,"Failed Gate 1: Missing Telemetry (PIP=nan, PDP=nan)"
GC-31,SA-0580H_T,2022-03-09 19:15,Halliburton / Summit ESP,400 Series (Summit SF),SF1750,SF1750,375,7500.0,121.0,121.0,892.0,,,184.0,125.0,50.0,0.8333,20.4,Mauddud (MA),137779.0,1.0958,0.3999,,,1.0993,1.0831,143.3,,,,1374.0,,,,,,,False,False,False,True,True,False,True,False,7. FAILED_MISSING_TELEMETRY,"Failed Gate 1: Missing Telemetry (PIP=892.0, PDP=nan)"
GC-31,SA-0580H_T,2022-06-10 08:00,Halliburton / Summit ESP,400 Series (Summit SF),SF1750,SF1750,375,7500.0,213.5,213.5,782.0,2929.0,2147.0,184.0,135.0,50.0,0.8333,20.0,Mauddud (MA),137779.0,1.0958,0.3995,14.33,20.64,1.0914,1.0771,123.2,1411.4,246.4,21.15,1165.0,1310.4,1310.4,145.4,12.48,12.48,OVER_PREDICTION,True,True,True,True,True,True,True,True,1. QUALIFIED_5QC_CLEAN_ACTIVE,Pass: Active completion run meeting all 5 QC physical screening gates
GC-31,SA-0580H_T,2022-10-14 08:00,Halliburton / Summit ESP,400 Series (Summit SF),SF1750,SF1750,375,7500.0,339.5,339.5,726.0,2898.0,2172.0,199.9,129.2,50.0,0.8333,16.3,Mauddud (MA),137779.0,1.0958,0.3956,14.64,21.08,1.0875,1.0765,113.2,1364.5,254.0,22.87,1110.5,1267.6,1267.6,157.1,14.15,14.15,OVER_PREDICTION,True,True,True,True,True,True,True,True,1. QUALIFIED_5QC_CLEAN_ACTIVE,Pass: Active completion run meeting all 5 QC physical screening gates
GC-31,SA-0580H_T,2023-02-12 08:15,Halliburton / Summit ESP,400 Series (Summit SF),SF1750,SF1750,375,7500.0,460.5,460.5,647.0,2849.0,2202.0,137.0,128.0,50.0,0.8333,18.6,Mauddud (MA),137779.0,1.0958,0.398,14.75,21.24,1.0821,1.0706,99.3,1347.6,326.6,31.99,1021.0,1258.8,1258.8,237.8,23.29,23.29,OVER_PREDICTION,True,True,True,True,True,True,True,True,1. QUALIFIED_5QC_CLEAN_ACTIVE,Pass: Active completion run meeting all 5 QC physical screening gates
GC-31,SA-0580H_T,2023-06-16 08:00,Halliburton / Summit ESP,400 Series (Summit SF),SF1750,SF1750,375,7500.0,584.5,584.5,615.0,,,151.0,132.0,50.0,0.8333,20.5,Mauddud (MA),137779.0,1.0958,0.4,,,1.08,1.0677,93.7,,,,1119.0,,,,,,,False,False,False,True,True,False,True,False,7. FAILED_MISSING_TELEMETRY,"Failed Gate 1: Missing Telemetry (PIP=615.0, PDP=nan)"
GC-31,SA-0580H_T,2023-11-30 07:15,Halliburton / Summit ESP,400 Series (Summit SF),SF1750,SF1750,375,7500.0,751.5,751.5,644.0,2946.0,2302.0,203.0,116.0,50.0,0.8333,15.3,Mauddud (MA),137779.0,1.0958,0.3946,15.56,22.41,1.0819,1.0724,98.7,1204.1,159.1,15.22,1045.0,1122.8,1122.8,77.8,7.44,7.44,OVER_PREDICTION,True,True,True,True,True,True,True,True,1. QUALIFIED_5QC_CLEAN_ACTIVE,Pass: Active completion run meeting all 5 QC physical screening gates
GC-31,SA-0580H_T,2024-03-30 07:00,Halliburton / Summit ESP,400 Series (Summit SF),SF1750,SF1750,375,7500.0,872.5,872.5,663.0,2939.0,2276.0,214.0,120.0,50.0,0.8333,15.4,Mauddud (MA),137779.0,1.0958,0.3947,15.38,22.15,1.0832,1.0735,102.1,1238.0,278.0,28.96,960.0,1153.3,1153.3,193.3,20.14,20.14,OVER_PREDICTION,True,True,True,True,True,True,True,True,1. QUALIFIED_5QC_CLEAN_ACTIVE,Pass: Active completion run meeting all 5 QC physical screening gates
GC-31,SA-0580H_T,2024-08-10 07:45,Halliburton / Summit ESP,400 Series (Summit SF),SF1750,SF1750,375,7500.0,1005.5,1005.5,583.0,2878.0,2295.0,166.0,117.0,50.0,0.8333,18.5,Mauddud (MA),137779.0,1.0958,0.3979,15.38,22.15,1.0779,1.0672,88.2,1238.0,270.0,27.89,968.0,1160.1,1160.1,192.1,19.85,19.85,OVER_PREDICTION,True,True,True,True,True,True,True,True,1. QUALIFIED_5QC_CLEAN_ACTIVE,Pass: Active completion run meeting all 5 QC physical screening gates
GC-31,SA-0580H_T,2025-01-15 08:15,Halliburton / Summit ESP,400 Series (Summit SF),SF1750,SF1750,375,7500.0,1163.5,1163.5,578.0,2993.0,2415.0,223.0,118.0,50.0,0.8333,9.0,Mauddud (MA),137779.0,1.0958,0.388,16.6,23.91,1.0775,1.0724,87.4,983.3,188.3,23.69,795.0,916.9,916.9,121.9,15.33,15.33,OVER_PREDICTION,True,True,True,True,True,True,True,True,1. QUALIFIED_5QC_CLEAN_ACTIVE,Pass: Active completion run meeting all 5 QC physical screening gates
GC-31,SA-0580H_T,2025-08-26 07:15,Halliburton / Summit ESP,400 Series (Summit SF),SF1750,SF1750,375,7500.0,1386.5,1386.5,652.0,2989.0,2337.0,223.0,125.0,50.0,0.8333,24.7,Mauddud (MA),137779.0,1.0958,0.4044,15.41,22.19,1.0824,1.067,100.1,1233.3,592.5,92.46,640.8,1155.8,1155.8,515.0,80.37,80.37,OVER_PREDICTION,True,True,True,True,True,True,True,True,1. QUALIFIED_5QC_CLEAN_ACTIVE,Pass: Active completion run meeting all 5 QC physical screening gates
GC-31,SA-0580H_T,2025-12-30 08:30,Halliburton / Summit ESP,400 Series (Summit SF),SF1750,SF1750,375,7500.0,1512.5,1512.5,590.0,2871.0,2281.0,169.0,132.0,50.0,0.8333,26.1,Mauddud (MA),137779.0,1.0958,0.4058,14.99,21.59,1.0783,1.0631,89.4,1307.1,536.1,69.53,771.0,1229.5,1229.5,458.5,59.47,59.47,OVER_PREDICTION,True,True,True,True,True,True,True,True,1. QUALIFIED_5QC_CLEAN_ACTIVE,Pass: Active completion run meeting all 5 QC physical screening gates
GC-31,SA-0580H_T,2026-05-07 08:15,Halliburton / Summit ESP,400 Series (Summit SF),SF1750,SF1750,375,7500.0,1640.5,1640.5,592.0,2913.0,2321.0,176.0,125.0,50.0,0.8333,18.7,Mauddud (MA),137779.0,1.0958,0.3981,15.55,22.39,1.0785,1.0675,89.8,1206.9,543.9,82.04,663.0,1130.6,1130.6,467.6,70.53,70.53,OVER_PREDICTION,True,True,True,True,True,True,True,True,1. QUALIFIED_5QC_CLEAN_ACTIVE,Pass: Active completion run meeting all 5 QC physical screening gates
GC-31,SA-0583H_T,2021-01-10 08:20,Baker Hughes (Centrilift),538 Series (Centrilift Centurion),P31,P31,106,6700.0,0.0,-328.8,2357.0,,,610.3,137.5,56.0,0.9333,10.9,Mauddud (MA),137779.0,1.0958,0.39,,,1.1848,1.1668,350.0,,,,1418.8,,,,,,,False,False,False,True,True,False,False,False,7. FAILED_MISSING_TELEMETRY,"Failed Gate 1: Missing Telemetry (PIP=2357.0, PDP=nan)"
GC-31,SA-0583H_T,2021-01-31 08:15,Baker Hughes (Centrilift),538 Series (Centrilift Centurion),P31,P31,106,6700.0,0.0,-307.8,1667.0,,,615.0,137.0,56.0,0.9333,7.0,Mauddud (MA),137779.0,1.0958,0.3859,,,1.1622,1.1523,297.1,,,,2764.0,,,,,,,False,False,False,True,True,False,False,False,7. FAILED_MISSING_TELEMETRY,"Failed Gate 1: Missing Telemetry (PIP=1667.0, PDP=nan)"
GC-31,SA-0583H_T,2021-04-29 06:00,Baker Hughes (Centrilift),538 Series (Centrilift Centurion),P31,P31,106,6700.0,0.0,-219.9,1820.0,,,534.0,134.0,56.0,0.9333,8.6,Mauddud (MA),137779.0,1.0958,0.3876,,,1.176,1.1626,329.5,,,,1320.0,,,,,,,False,False,False,True,True,False,False,False,7. FAILED_MISSING_TELEMETRY,"Failed Gate 1: Missing Telemetry (PIP=1820.0, PDP=nan)"
GC-31,SA-0583H_T,2021-12-28 16:00,Baker Hughes (Centrilift),538 Series (Centrilift Centurion),P31,P31,106,6700.0,23.6,23.6,1924.0,,,210.0,127.0,52.0,0.8667,12.1,Mauddud (MA),137779.0,1.0958,0.3913,,,1.1848,1.1649,350.0,,,,2299.0,,,,,,,False,False,False,True,True,False,True,False,7. FAILED_MISSING_TELEMETRY,"Failed Gate 1: Missing Telemetry (PIP=1924.0, PDP=nan)"
GC-31,SA-0583H_T,2022-01-27 16:00,Baker Hughes (Centrilift),538 Series (Centrilift Centurion),P31,P31,106,6700.0,53.6,53.6,1761.0,,,169.0,122.0,50.0,0.8333,10.3,Mauddud (MA),137779.0,1.0958,0.3894,,,1.1706,1.1551,316.9,,,,526.0,,,,,,,False,False,False,True,True,False,True,False,7. FAILED_MISSING_TELEMETRY,"Failed Gate 1: Missing Telemetry (PIP=1761.0, PDP=nan)"
GC-31,SA-0583H_T,2022-02-23 19:15,Baker Hughes (Centrilift),538 Series (Centrilift Centurion),P31,P31,106,6700.0,80.7,80.7,,,,235.0,141.0,50.0,0.8333,11.1,Mauddud (MA),137779.0,1.0958,0.3902,,,1.1477,1.1335,262.5,,,,3047.0,,,,,,,False,False,False,True,True,False,True,False,7. FAILED_MISSING_TELEMETRY,"Failed Gate 1: Missing Telemetry (PIP=nan, PDP=nan)"
GC-31,SA-0583H_T,2022-05-31 08:45,Baker Hughes (Centrilift),538 Series (Centrilift Centurion),P31,P31,106,6700.0,177.3,177.3,2121.0,,,526.0,139.0,48.0,0.8,10.8,Mauddud (MA),137779.0,1.0958,0.3899,,,1.1848,1.167,350.0,,,,2228.0,,,,,,,False,False,False,True,True,False,True,False,7. FAILED_MISSING_TELEMETRY,"Failed Gate 1: Missing Telemetry (PIP=2121.0, PDP=nan)"
GC-31,SA-0583H_T,2022-10-03 13:00,Baker Hughes (Centrilift),538 Series (Centrilift Centurion),P31,P31,106,6700.0,302.4,302.4,1445.0,2824.0,1379.0,614.0,143.0,50.0,0.8333,11.0,Mauddud (MA),137779.0,1.0958,0.3901,33.35,48.03,1.143,1.1295,251.2,2822.6,351.6,14.23,2471.0,2499.0,2499.0,28.0,1.13,1.13,OVER_PREDICTION,True,True,True,True,True,True,True,True,1. QUALIFIED_5QC_CLEAN_ACTIVE,Pass: Active completion run meeting all 5 QC physical screening gates
GC-31,SA-0583H_T,2023-02-20 14:30,Baker Hughes (Centrilift),538 Series (Centrilift Centurion),P31,P31,106,6700.0,442.5,442.5,1373.0,171.0,-1202.0,281.0,149.0,60.0,1.0,13.4,Mauddud (MA),137779.0,1.0958,0.3926,,,1.137,1.1213,236.6,,,,3276.0,,,,,,,True,False,False,True,True,False,True,False,3. FAILED_ZERO_NEGATIVE_LIFT,"Failed Gate 2: Negative/Zero Lift (PDP=171.0 <= PIP=1373.0, dP=-1202.0 psi)"
GC-31,SA-0583H_T,2023-05-28 11:30,Baker Hughes (Centrilift),538 Series (Centrilift Centurion),P31,P31,106,6700.0,539.4,539.4,1084.0,2824.0,1740.0,480.2,143.7,53.0,0.8833,8.4,Mauddud (MA),137779.0,1.0958,0.3874,42.37,54.31,1.1137,1.1059,179.6,2632.4,300.2,12.87,2332.2,2380.4,2380.4,48.2,2.07,2.07,OVER_PREDICTION,True,True,True,True,True,True,True,True,1. QUALIFIED_5QC_CLEAN_ACTIVE,Pass: Active completion run meeting all 5 QC physical screening gates
GC-31,SA-0583H_T,2023-08-26 08:00,Baker Hughes (Centrilift),538 Series (Centrilift Centurion),P31,P31,106,6700.0,629.2,629.2,1182.0,2564.0,1382.0,404.0,162.0,53.0,0.8833,18.6,Mauddud (MA),137779.0,1.0958,0.398,32.76,41.99,1.1214,1.1026,198.6,3255.4,661.4,25.5,2594.0,2952.6,2952.6,358.6,13.82,13.82,OVER_PREDICTION,True,True,True,True,True,True,True,True,1. QUALIFIED_5QC_CLEAN_ACTIVE,Pass: Active completion run meeting all 5 QC physical screening gates
GC-31,SA-0583H_T,2023-12-16 08:30,Baker Hughes (Centrilift),538 Series (Centrilift Centurion),P31,P31,106,6700.0,741.2,741.2,1431.0,2791.0,1360.0,491.0,149.0,53.0,0.8833,26.0,Mauddud (MA),137779.0,1.0958,0.4057,31.62,40.53,1.1418,1.1101,248.4,3312.4,533.4,19.19,2779.0,2983.7,2983.7,204.7,7.37,7.37,OVER_PREDICTION,True,True,True,True,True,True,True,True,1. QUALIFIED_5QC_CLEAN_ACTIVE,Pass: Active completion run meeting all 5 QC physical screening gates
GC-31,SA-0583H_T,2024-03-20 08:15,Baker Hughes (Centrilift),538 Series (Centrilift Centurion),P31,P31,106,6700.0,836.2,836.2,1505.0,2847.0,1342.0,500.0,151.0,53.0,0.8833,25.6,Mauddud (MA),137779.0,1.0958,0.4053,31.23,40.03,1.1481,1.1153,263.5,3331.2,625.2,23.1,2706.0,2986.8,2986.8,280.8,10.38,10.38,OVER_PREDICTION,True,True,True,True,True,True,True,True,1. QUALIFIED_5QC_CLEAN_ACTIVE,Pass: Active completion run meeting all 5 QC physical screening gates
GC-31,SA-0583H_T,2024-07-20 08:30,Baker Hughes (Centrilift),538 Series (Centrilift Centurion),P31,P31,106,6700.0,958.2,958.2,1398.0,2794.0,1396.0,439.0,152.0,50.0,0.8333,33.2,Mauddud (MA),137779.0,1.0958,0.4132,31.87,45.9,1.139,1.0995,241.7,2916.1,225.1,8.36,2691.0,2652.1,2652.1,-38.9,-1.45,1.45,UNDER_PREDICTION,True,True,True,True,True,True,True,True,1. QUALIFIED_5QC_CLEAN_ACTIVE,Pass: Active completion run meeting all 5 QC physical screening gates
GC-31,SA-0583H_T,2024-11-14 08:00,Baker Hughes (Centrilift),538 Series (Centrilift Centurion),P31,P31,106,6700.0,1075.2,1075.2,941.0,2747.0,1806.0,311.0,146.0,50.0,0.8333,32.0,Mauddud (MA),137779.0,1.0958,0.412,41.35,59.55,1.1029,1.0764,152.5,2022.6,56.6,2.88,1966.0,1879.1,1879.1,-86.9,-4.42,4.42,UNDER_PREDICTION,True,True,True,True,True,True,True,True,1. QUALIFIED_5QC_CLEAN_ACTIVE,Pass: Active completion run meeting all 5 QC physical screening gates
GC-31,SA-0583H_T,2025-02-01 08:00,Baker Hughes (Centrilift),538 Series (Centrilift Centurion),P31,P31,106,6700.0,1154.2,1154.2,989.0,2862.0,1873.0,298.0,145.0,50.0,0.8333,40.1,Mauddud (MA),137779.0,1.0958,0.4204,42.03,60.53,1.1065,1.0718,161.5,1882.9,-155.1,-7.61,2038.0,1756.8,1756.8,-281.2,-13.8,13.8,UNDER_PREDICTION,True,True,True,True,True,True,True,True,1. QUALIFIED_5QC_CLEAN_ACTIVE,Pass: Active completion run meeting all 5 QC physical screening gates
GC-31,SA-0583H_T,2025-08-21 18:30,Baker Hughes (Centrilift),538 Series (Centrilift Centurion),P31,P31,106,6700.0,1355.7,1355.7,1200.0,2897.0,1697.0,312.0,150.0,49.0,0.8167,41.0,Mauddud (MA),137779.0,1.0958,0.4214,37.99,56.96,1.1229,1.0807,202.2,2241.7,-93.3,-4.0,2335.0,2074.3,2074.3,-260.7,-11.16,11.16,UNDER_PREDICTION,True,True,True,True,True,True,True,True,1. QUALIFIED_5QC_CLEAN_ACTIVE,Pass: Active completion run meeting all 5 QC physical screening gates
GC-31,SA-0583H_T,2025-12-06 09:00,Baker Hughes (Centrilift),538 Series (Centrilift Centurion),P31,P31,106,6700.0,1462.3,1462.3,1054.0,2858.0,1804.0,258.0,150.0,49.5,0.825,46.8,Mauddud (MA),137779.0,1.0958,0.4274,39.82,58.51,1.1114,1.0686,173.9,2121.3,56.3,2.73,2065.0,1985.0,1985.0,-80.0,-3.87,3.87,UNDER_PREDICTION,True,True,True,True,True,True,True,True,1. QUALIFIED_5QC_CLEAN_ACTIVE,Pass: Active completion run meeting all 5 QC physical screening gates
GC-31,SA-0583H_T,2026-03-11 07:45,Baker Hughes (Centrilift),538 Series (Centrilift Centurion),P31,P31,106,6700.0,1557.2,1557.2,1009.0,2910.0,1901.0,256.0,145.0,48.0,0.8,48.7,Mauddud (MA),137779.0,1.0958,0.4294,41.76,65.25,1.108,1.0651,165.3,0.0,-1701.0,-100.0,1701.0,0.0,0.0,-1701.0,-100.0,100.0,UNDER_PREDICTION,True,True,True,True,True,True,True,True,1. QUALIFIED_5QC_CLEAN_ACTIVE,Pass: Active completion run meeting all 5 QC physical screening gates
GC-31,SA-0583H_T,2026-07-24 08:00,Baker Hughes (Centrilift),538 Series (Centrilift Centurion),P31,P31,106,6700.0,1692.2,1692.2,1169.0,3105.0,1936.0,273.0,153.0,48.0,0.8,70.5,Mauddud (MA),137779.0,1.0958,0.4521,40.4,63.12,1.1204,1.0496,196.1,0.0,-1453.0,-100.0,1453.0,0.0,0.0,-1453.0,-100.0,100.0,UNDER_PREDICTION,True,True,True,True,True,True,True,True,1. QUALIFIED_5QC_CLEAN_ACTIVE,Pass: Active completion run meeting all 5 QC physical screening gates
GC-31,SA-0584H_T,2021-02-18 08:15,Baker Hughes (Centrilift),538 Series (Centrilift Centurion),P23,P23,130,6254.0,783.3,783.3,1044.0,,,236.0,143.0,50.0,0.8333,35.3,Mauddud (MA),137779.0,1.0958,0.4154,,,1.1107,1.0787,171.9,,,,1978.0,,,,,,,False,False,False,True,True,False,True,False,7. FAILED_MISSING_TELEMETRY,"Failed Gate 1: Missing Telemetry (PIP=1044.0, PDP=nan)"
GC-31,SA-0584H_T,2021-06-07 08:45,Baker Hughes (Centrilift),538 Series (Centrilift Centurion),P23,P23,130,6254.0,892.4,892.4,1209.0,,,184.9,153.6,50.0,0.8333,36.7,Mauddud (MA),137779.0,1.0958,0.4169,,,1.1236,1.0856,203.9,,,,2460.1,,,,,,,False,False,False,True,True,False,True,False,7. FAILED_MISSING_TELEMETRY,"Failed Gate 1: Missing Telemetry (PIP=1209.0, PDP=nan)"
GC-31,SA-0584H_T,2021-09-08 09:30,Baker Hughes (Centrilift),538 Series (Centrilift Centurion),P23,P23,130,6254.0,985.4,985.4,1319.0,2347.0,1028.0,187.0,151.0,50.0,0.8333,38.7,Mauddud (MA),137779.0,1.0958,0.419,18.87,27.17,1.1325,1.089,225.8,4041.5,1718.5,73.98,2323.0,3711.3,3711.3,1388.3,59.76,59.76,OVER_PREDICTION,True,True,True,True,True,True,True,True,1. QUALIFIED_5QC_CLEAN_ACTIVE,Pass: Active completion run meeting all 5 QC physical screening gates
GC-31,SA-0584H_T,2021-12-26 08:30,Baker Hughes (Centrilift),538 Series (Centrilift Centurion),P23,P23,130,6254.0,1094.4,1094.4,,,,174.0,145.0,50.0,0.8333,41.9,Mauddud (MA),137779.0,1.0958,0.4223,,,1.1477,1.0942,262.5,,,,2345.0,,,,,,,False,False,False,True,True,False,True,False,7. FAILED_MISSING_TELEMETRY,"Failed Gate 1: Missing Telemetry (PIP=nan, PDP=nan)"
GC-31,SA-0584H_T,2022-04-04 06:30,Baker Hughes (Centrilift),538 Series (Centrilift Centurion),P23,P23,130,6254.0,1193.3,1193.3,,2381.0,,172.0,150.0,50.0,0.8333,41.2,Mauddud (MA),137779.0,1.0958,0.4216,,,1.1477,1.0951,262.5,,,,2335.0,,,,,,,False,False,False,True,True,False,True,False,7. FAILED_MISSING_TELEMETRY,"Failed Gate 1: Missing Telemetry (PIP=nan, PDP=2381.0)"
GC-31,SA-0584H_T,2022-06-30 07:00,Baker Hughes (Centrilift),538 Series (Centrilift Centurion),P23,P23,130,6254.0,1280.3,1280.3,1375.0,2580.0,1205.0,263.0,152.0,50.0,0.8333,48.0,Mauddud (MA),137779.0,1.0958,0.4287,21.62,31.14,1.1371,1.0809,237.0,4041.5,1864.5,85.65,2177.0,3739.0,3739.0,1562.0,71.75,71.75,OVER_PREDICTION,True,True,True,True,True,True,True,True,1. QUALIFIED_5QC_CLEAN_ACTIVE,Pass: Active completion run meeting all 5 QC physical screening gates
GC-31,SA-0584H_T,2022-10-03 08:15,Baker Hughes (Centrilift),538 Series (Centrilift Centurion),P23,P23,130,6254.0,1375.3,1375.3,1245.0,2372.0,1127.0,168.0,151.0,50.0,0.8333,45.5,Mauddud (MA),137779.0,1.0958,0.4261,20.35,29.31,1.1265,1.078,211.0,4041.5,1902.5,88.94,2139.0,3749.0,3749.0,1610.0,75.27,75.27,OVER_PREDICTION,True,True,True,True,True,True,True,True,1. QUALIFIED_5QC_CLEAN_ACTIVE,Pass: Active completion run meeting all 5 QC physical screening gates
GC-31,SA-0584H_T,2023-02-04 08:15,Baker Hughes (Centrilift),538 Series (Centrilift Centurion),P23,P23,130,6254.0,1499.3,1499.3,1348.0,2494.0,1146.0,207.0,160.0,52.0,0.8667,50.3,Mauddud (MA),137779.0,1.0958,0.4311,20.45,27.22,1.1349,1.0771,231.6,4203.5,1798.5,74.78,2405.0,3902.6,3902.6,1497.6,62.27,62.27,OVER_PREDICTION,True,True,True,True,True,True,True,True,1. QUALIFIED_5QC_CLEAN_ACTIVE,Pass: Active completion run meeting all 5 QC physical screening gates
GC-31,SA-0584H_T,2023-03-06 22:30,Baker Hughes (Centrilift),538 Series (Centrilift Centurion),P23,P23,130,6254.0,1529.9,1529.9,1239.0,2460.0,1221.0,202.0,153.0,58.0,0.9667,46.0,Mauddud (MA),137779.0,1.0958,0.4266,22.02,23.56,1.126,1.0772,209.9,4688.5,1475.5,45.92,3213.0,4352.4,4352.4,1139.4,35.46,35.46,OVER_PREDICTION,True,True,True,True,True,True,True,True,1. QUALIFIED_5QC_CLEAN_ACTIVE,Pass: Active completion run meeting all 5 QC physical screening gates
GC-31,SA-0584H_T,2023-06-19 05:30,Baker Hughes (Centrilift),538 Series (Centrilift Centurion),P23,P23,130,6254.0,1634.2,1634.2,1094.0,2457.0,1363.0,212.0,150.0,55.0,0.9167,52.1,Mauddud (MA),137779.0,1.0958,0.4329,24.22,28.82,1.1145,1.0653,181.5,4446.0,2148.0,93.47,2298.0,4173.6,4173.6,1875.6,81.62,81.62,OVER_PREDICTION,True,True,True,True,True,True,True,True,1. QUALIFIED_5QC_CLEAN_ACTIVE,Pass: Active completion run meeting all 5 QC physical screening gates
GC-31,SA-0584H_T,2023-10-31 08:45,Baker Hughes (Centrilift),538 Series (Centrilift Centurion),P23,P23,130,6254.0,1768.4,1768.4,690.0,2612.0,1922.0,188.0,153.0,55.0,0.9167,50.0,Mauddud (MA),137779.0,1.0958,0.4308,34.32,40.84,1.085,1.0525,106.8,2567.7,693.7,37.02,1874.0,2439.6,2439.6,565.6,30.18,30.18,OVER_PREDICTION,True,True,True,True,True,True,True,True,1. QUALIFIED_5QC_CLEAN_ACTIVE,Pass: Active completion run meeting all 5 QC physical screening gates
GC-31,SA-0584H_T,2024-01-30 09:15,Baker Hughes (Centrilift),538 Series (Centrilift Centurion),P23,P23,130,6254.0,1859.4,1859.4,775.0,2693.0,1918.0,226.0,154.0,55.0,0.9167,52.0,Mauddud (MA),137779.0,1.0958,0.4328,34.09,40.57,1.0909,1.054,121.9,2575.8,284.8,12.43,2291.0,2443.8,2443.8,152.8,6.67,6.67,OVER_PREDICTION,True,True,True,True,True,True,True,True,1. QUALIFIED_5QC_CLEAN_ACTIVE,Pass: Active completion run meeting all 5 QC physical screening gates
GC-31,SA-0584H_T,2024-05-20 10:30,Baker Hughes (Centrilift),538 Series (Centrilift Centurion),P23,P23,130,6254.0,1970.4,1970.4,1014.0,2632.0,1618.0,217.0,156.0,55.0,0.9167,53.4,Mauddud (MA),137779.0,1.0958,0.4343,28.66,34.11,1.1084,1.0612,166.2,4446.0,2176.0,95.86,2270.0,4189.7,4189.7,1919.7,84.57,84.57,OVER_PREDICTION,True,True,True,True,True,True,True,True,1. QUALIFIED_5QC_CLEAN_ACTIVE,Pass: Active completion run meeting all 5 QC physical screening gates
GC-31,SA-0584H_T,2024-10-03 09:45,Baker Hughes (Centrilift),538 Series (Centrilift Centurion),P23,P23,130,6254.0,2106.4,2106.4,1521.0,2694.0,1173.0,219.0,161.0,55.0,0.9167,54.7,Mauddud (MA),137779.0,1.0958,0.4357,20.71,24.64,1.1495,1.0787,266.8,4446.0,1607.3,56.62,2838.7,4121.8,4121.8,1283.1,45.2,45.2,OVER_PREDICTION,True,True,True,True,True,True,True,True,1. QUALIFIED_5QC_CLEAN_ACTIVE,Pass: Active completion run meeting all 5 QC physical screening gates
GC-31,SA-0584H_T,2025-01-27 17:30,Baker Hughes (Centrilift),538 Series (Centrilift Centurion),P23,P23,130,6254.0,2222.7,2222.7,1609.0,2765.0,1156.0,247.0,155.0,55.0,0.9167,66.0,Mauddud (MA),137779.0,1.0958,0.4474,19.87,23.65,1.1571,1.0666,285.0,4446.0,1643.0,58.62,2803.0,4168.3,4168.3,1365.3,48.71,48.71,OVER_PREDICTION,True,True,True,True,True,True,True,True,1. QUALIFIED_5QC_CLEAN_ACTIVE,Pass: Active completion run meeting all 5 QC physical screening gates
GC-31,SA-0584H_T,2025-07-07 07:45,Baker Hughes (Centrilift),538 Series (Centrilift Centurion),P23,P23,130,6254.0,2383.3,2383.3,1198.0,2810.0,1612.0,274.0,160.0,55.0,0.9167,62.6,Mauddud (MA),137779.0,1.0958,0.4439,27.93,33.24,1.1227,1.0584,201.8,4446.0,1972.0,79.71,2474.0,4200.6,4200.6,1726.6,69.79,69.79,OVER_PREDICTION,True,True,True,True,True,True,True,True,1. QUALIFIED_5QC_CLEAN_ACTIVE,Pass: Active completion run meeting all 5 QC physical screening gates
GC-31,SA-0584H_T,2025-09-28 18:15,Baker Hughes (Centrilift),538 Series (Centrilift Centurion),P23,P23,130,6254.0,2466.8,2466.8,1249.0,2810.0,1561.0,225.0,163.0,55.0,0.9167,67.1,Mauddud (MA),137779.0,1.0958,0.4486,26.77,31.86,1.1268,1.0551,211.8,4446.0,1823.0,69.5,2623.0,4213.7,4213.7,1590.7,60.64,60.64,OVER_PREDICTION,True,True,True,True,True,True,True,True,1. QUALIFIED_5QC_CLEAN_ACTIVE,Pass: Active completion run meeting all 5 QC physical screening gates
GC-31,SA-0584H_T,2026-01-25 07:15,Baker Hughes (Centrilift),538 Series (Centrilift Centurion),P23,P23,130,6254.0,2585.3,2585.3,1576.0,2970.0,1394.0,256.0,145.0,52.0,0.8667,73.1,Mauddud (MA),137779.0,1.0958,0.4548,23.58,31.39,1.1542,1.0561,278.1,4203.5,1952.5,86.74,2251.0,3980.2,3980.2,1729.2,76.82,76.82,OVER_PREDICTION,True,True,True,True,True,True,True,True,1. QUALIFIED_5QC_CLEAN_ACTIVE,Pass: Active completion run meeting all 5 QC physical screening gates
GC-31,SA-0587H_T,2021-04-08 10:15,Baker Hughes (Centrilift),538 Series (Centrilift Centurion),P31,P31,153,6350.0,0.0,-1464.9,794.0,,,206.6,168.4,55.0,0.9167,74.5,Mauddud (MA),137779.0,1.0958,0.4563,,,1.0922,1.0384,125.4,,,,4173.2,,,,,,,False,False,False,True,True,False,False,False,7. FAILED_MISSING_TELEMETRY,"Failed Gate 1: Missing Telemetry (PIP=794.0, PDP=nan)"
GC-31,SA-0587H_T,2021-09-05 08:15,Baker Hughes (Centrilift),538 Series (Centrilift Centurion),P31,P31,153,6350.0,0.0,-1315.0,607.0,2982.0,2375.0,193.0,162.0,55.0,0.9167,76.0,Mauddud (MA),137779.0,1.0958,0.4579,33.9,40.34,1.0794,1.0343,92.3,3445.1,230.1,7.16,3215.0,3331.0,3331.0,116.0,3.61,3.61,OVER_PREDICTION,True,True,True,True,True,True,False,False,2. QUALIFIED_5QC_HISTORICAL_RUN,Pass 5 QC Gates (Historical Completion Run: Days = -1315.0)
GC-31,SA-0587H_T,2022-01-23 08:45,Baker Hughes (Centrilift),538 Series (Centrilift Centurion),P31,P31,153,6350.0,0.0,-1175.0,1769.0,,,190.0,157.0,46.0,0.7667,89.9,Mauddud (MA),137779.0,1.0958,0.4723,,,1.1714,1.0353,318.6,,,,3052.0,,,,,,,False,False,False,True,True,False,False,False,7. FAILED_MISSING_TELEMETRY,"Failed Gate 1: Missing Telemetry (PIP=1769.0, PDP=nan)"
GC-31,SA-0587H_T,2022-05-31 09:00,Baker Hughes (Centrilift),538 Series (Centrilift Centurion),P31,P31,153,6350.0,0.0,-1047.0,1215.0,3068.0,1853.0,176.0,159.0,46.0,0.7667,82.1,Mauddud (MA),137779.0,1.0958,0.4642,26.09,44.38,1.1241,1.0386,205.1,2740.6,211.6,8.37,2529.0,2638.7,2638.7,109.7,4.34,4.34,OVER_PREDICTION,True,True,True,True,True,True,False,False,2. QUALIFIED_5QC_HISTORICAL_RUN,Pass 5 QC Gates (Historical Completion Run: Days = -1047.0)
GC-31,SA-0587H_T,2022-10-02 08:45,Baker Hughes (Centrilift),538 Series (Centrilift Centurion),P31,P31,153,6350.0,0.0,-923.0,1859.0,3157.0,1298.0,202.0,161.0,46.0,0.7667,92.0,Mauddud (MA),137779.0,1.0958,0.4745,17.88,30.42,1.1796,1.0328,337.8,3180.1,102.7,3.34,3077.4,3079.2,3079.2,1.8,0.06,0.06,OVER_PREDICTION,True,True,True,True,True,True,False,False,2. QUALIFIED_5QC_HISTORICAL_RUN,Pass 5 QC Gates (Historical Completion Run: Days = -923.0)
GC-31,SA-0587H_T,2023-01-24 09:00,Baker Hughes (Centrilift),538 Series (Centrilift Centurion),P31,P31,153,6350.0,0.0,-809.0,1317.0,3098.0,1781.0,199.0,160.0,46.0,0.7667,83.1,Mauddud (MA),137779.0,1.0958,0.4653,25.02,42.56,1.1323,1.039,225.4,2805.8,126.8,4.73,2679.0,2700.5,2700.5,21.5,0.8,0.8,OVER_PREDICTION,True,True,True,True,True,True,False,False,2. QUALIFIED_5QC_HISTORICAL_RUN,Pass 5 QC Gates (Historical Completion Run: Days = -809.0)
GC-31,SA-0587H_T,2023-05-16 07:30,Baker Hughes (Centrilift),538 Series (Centrilift Centurion),P31,P31,153,6350.0,0.0,-697.1,1157.0,3118.0,1961.0,211.0,156.0,48.0,0.8,82.2,Mauddud (MA),137779.0,1.0958,0.4643,27.6,43.12,1.1194,1.0377,193.8,2907.0,270.0,10.24,2637.0,2801.4,2801.4,164.4,6.23,6.23,OVER_PREDICTION,True,True,True,True,True,True,False,False,2. QUALIFIED_5QC_HISTORICAL_RUN,Pass 5 QC Gates (Historical Completion Run: Days = -697.1)
GC-31,SA-0587H_T,2023-09-22 07:00,Baker Hughes (Centrilift),538 Series (Centrilift Centurion),P31,P31,153,6350.0,0.0,-568.1,1044.0,3124.0,2080.0,200.0,155.0,48.0,0.8,86.8,Mauddud (MA),137779.0,1.0958,0.4691,28.98,45.28,1.1107,1.032,171.9,2824.4,133.4,4.96,2691.0,2736.9,2736.9,45.9,1.71,1.71,OVER_PREDICTION,True,True,True,True,True,True,False,False,2. QUALIFIED_5QC_HISTORICAL_RUN,Pass 5 QC Gates (Historical Completion Run: Days = -568.1)
GC-31,SA-0587H_T,2024-06-08 09:00,Baker Hughes (Centrilift),538 Series (Centrilift Centurion),P31,P31,153,6350.0,0.0,-308.0,2063.0,3225.0,1162.0,203.0,137.0,48.0,0.8,99.0,Mauddud (MA),137779.0,1.0958,0.4818,15.76,24.62,1.1848,1.0216,350.0,3482.5,2583.5,287.37,899.0,3408.7,3408.7,2509.7,279.17,279.17,OVER_PREDICTION,True,True,True,True,False,False,False,False,6. FAILED_EXCESSIVE_WATER_CUT,Failed Gate 5: Excessive Water Cut (WC = 99.0% > 98.0% threshold)
GC-31,SA-0587H_T,2024-07-20 07:45,Baker Hughes (Centrilift),538 Series (Centrilift Centurion),P31,P31,153,6350.0,0.0,-266.1,2150.0,3216.0,1066.0,190.0,139.0,54.0,0.9,94.3,Mauddud (MA),137779.0,1.0958,0.4769,14.61,18.04,1.1848,1.0294,350.0,4119.3,3504.3,569.8,615.0,4001.7,4001.7,3386.7,550.68,550.68,OVER_PREDICTION,True,True,True,True,True,True,False,False,2. QUALIFIED_5QC_HISTORICAL_RUN,Pass 5 QC Gates (Historical Completion Run: Days = -266.1)
GC-31,SA-0587H_T,2025-05-20 09:00,Baker Hughes (Centrilift),538 Series (Centrilift Centurion),P31,P31,153,6350.0,38.0,38.0,1759.0,3875.0,2116.0,315.0,165.0,48.0,0.8,96.0,Mauddud (MA),137779.0,1.0958,0.4787,28.89,45.14,1.1705,1.026,316.5,2830.0,-364.0,-11.4,3194.0,2758.2,2758.2,-435.8,-13.64,13.64,UNDER_PREDICTION,True,True,True,True,True,True,True,True,1. QUALIFIED_5QC_CLEAN_ACTIVE,Pass: Active completion run meeting all 5 QC physical screening gates
GC-31,SA-0587H_T,2025-06-22 00:45,Baker Hughes (Centrilift),538 Series (Centrilift Centurion),P31,P31,153,6350.0,70.7,70.7,2074.0,3225.0,1151.0,368.0,153.0,48.0,0.8,92.8,Mauddud (MA),137779.0,1.0958,0.4754,15.83,24.73,1.1848,1.0319,350.0,3479.4,546.4,18.63,2933.0,3371.9,3371.9,438.9,14.96,14.96,OVER_PREDICTION,True,True,True,True,True,True,True,True,1. QUALIFIED_5QC_CLEAN_ACTIVE,Pass: Active completion run meeting all 5 QC physical screening gates
GC-31,SA-0587H_T,2025-09-23 23:30,Baker Hughes (Centrilift),538 Series (Centrilift Centurion),P31,P31,153,6350.0,164.6,164.6,1620.0,3388.0,1768.0,365.0,164.0,48.0,0.8,92.2,Mauddud (MA),137779.0,1.0958,0.4747,24.34,38.03,1.1581,1.0308,287.3,3084.2,141.8,4.82,2942.4,2992.1,2992.1,49.7,1.69,1.69,OVER_PREDICTION,True,True,True,True,True,True,True,True,1. QUALIFIED_5QC_CLEAN_ACTIVE,Pass: Active completion run meeting all 5 QC physical screening gates
GC-31,SA-0587H_T,2026-01-24 08:30,Baker Hughes (Centrilift),538 Series (Centrilift Centurion),P31,P31,153,6350.0,287.0,287.0,1786.0,3398.0,1612.0,374.0,145.0,48.0,0.8,93.3,Mauddud (MA),137779.0,1.0958,0.4759,22.14,34.59,1.1729,1.0302,322.3,3193.5,-25.5,-0.79,3219.0,3099.7,3099.7,-119.3,-3.71,3.71,UNDER_PREDICTION,True,True,True,True,True,True,True,True,1. QUALIFIED_5QC_CLEAN_ACTIVE,Pass: Active completion run meeting all 5 QC physical screening gates
GC-31,SA-0587H_T,2026-04-27 08:30,Baker Hughes (Centrilift),538 Series (Centrilift Centurion),P31,P31,153,6350.0,380.0,380.0,1404.0,3337.0,1933.0,319.0,157.0,48.0,0.8,92.4,Mauddud (MA),137779.0,1.0958,0.475,26.6,41.56,1.1396,1.0291,242.9,2963.9,-117.1,-3.8,3081.0,2880.1,2880.1,-200.9,-6.52,6.52,UNDER_PREDICTION,True,True,True,True,True,True,True,True,1. QUALIFIED_5QC_CLEAN_ACTIVE,Pass: Active completion run meeting all 5 QC physical screening gates
GC-31,SA-0592HST1_T,2021-03-30 09:35,REDA (Schlumberger),538/540 Series (REDA S),S2000N,S2000N,137,5750.0,0.0,-1353.4,547.0,,,264.3,108.7,47.0,0.7833,19.1,Mauddud (MA),137779.0,1.0958,0.3986,,,1.0755,1.0649,82.1,,,,507.2,,,,,,,False,False,False,True,True,False,False,False,7. FAILED_MISSING_TELEMETRY,"Failed Gate 1: Missing Telemetry (PIP=547.0, PDP=nan)"
GC-31,SA-0592HST1_T,2021-09-25 08:20,REDA (Schlumberger),538/540 Series (REDA S),S2000N,S2000N,137,5750.0,0.0,-1174.4,540.0,2471.0,1931.0,252.0,117.4,47.0,0.7833,16.7,Mauddud (MA),137779.0,1.0958,0.3961,35.59,58.01,1.0751,1.0659,81.0,1385.2,830.8,149.86,554.4,1299.6,1299.6,745.2,134.42,134.42,OVER_PREDICTION,True,True,True,True,True,True,False,False,2. QUALIFIED_5QC_HISTORICAL_RUN,Pass 5 QC Gates (Historical Completion Run: Days = -1174.4)
GC-31,SA-0592HST1_T,2022-01-08 10:15,REDA (Schlumberger),538/540 Series (REDA S),S2000N,S2000N,137,5750.0,0.0,-1069.4,544.0,,,213.0,112.0,50.0,0.8333,26.0,Mauddud (MA),137779.0,1.0958,0.4057,,,1.0754,1.061,81.6,,,,528.0,,,,,,,False,False,False,True,True,False,False,False,7. FAILED_MISSING_TELEMETRY,"Failed Gate 1: Missing Telemetry (PIP=544.0, PDP=nan)"
GC-31,SA-0592HST1_T,2022-04-22 06:15,REDA (Schlumberger),538/540 Series (REDA S),S2000N,S2000N,137,5750.0,0.0,-965.5,587.0,,,209.0,117.0,47.0,0.7833,30.3,Mauddud (MA),137779.0,1.0958,0.4102,,,1.0781,1.0605,88.9,,,,545.0,,,,,,,False,False,False,True,True,False,False,False,7. FAILED_MISSING_TELEMETRY,"Failed Gate 1: Missing Telemetry (PIP=587.0, PDP=nan)"
GC-31,SA-0592HST1_T,2022-07-31 08:15,REDA (Schlumberger),538/540 Series (REDA S),S2000N,S2000N,137,5750.0,0.0,-865.4,615.0,,,192.0,118.0,47.0,0.7833,32.0,Mauddud (MA),137779.0,1.0958,0.412,,,1.08,1.0608,93.7,,,,586.0,,,,,,,False,False,False,True,True,False,False,False,7. FAILED_MISSING_TELEMETRY,"Failed Gate 1: Missing Telemetry (PIP=615.0, PDP=nan)"
GC-31,SA-0592HST1_T,2022-12-03 08:30,REDA (Schlumberger),538/540 Series (REDA S),S2000N,S2000N,137,5750.0,0.0,-740.4,629.0,2380.7,1751.7,212.0,103.0,47.0,0.7833,26.5,Mauddud (MA),137779.0,1.0958,0.4063,31.47,51.29,1.0809,1.0648,96.1,1693.7,1165.7,220.78,528.0,1590.7,1590.7,1062.7,201.27,201.27,OVER_PREDICTION,True,True,True,True,True,True,False,False,2. QUALIFIED_5QC_HISTORICAL_RUN,Pass 5 QC Gates (Historical Completion Run: Days = -740.4)
GC-31,SA-0592HST1_T,2023-03-13 07:30,REDA (Schlumberger),538/540 Series (REDA S),S2000N,S2000N,137,5750.0,0.0,-640.5,803.0,2457.0,1654.0,327.0,111.0,47.0,0.7833,31.9,Mauddud (MA),137779.0,1.0958,0.4119,29.31,47.77,1.0929,1.0696,127.0,1809.7,1029.7,132.01,780.0,1691.9,1691.9,911.9,116.91,116.91,OVER_PREDICTION,True,True,True,True,True,True,False,False,2. QUALIFIED_5QC_HISTORICAL_RUN,Pass 5 QC Gates (Historical Completion Run: Days = -640.5)
GC-31,SA-0592HST1_T,2023-07-22 07:30,REDA (Schlumberger),538/540 Series (REDA S),S2000N,S2000N,137,5750.0,0.0,-509.5,680.0,2350.0,1670.0,251.0,122.0,47.0,0.7833,50.5,Mauddud (MA),137779.0,1.0958,0.4313,28.26,46.06,1.0843,1.0518,105.0,1859.8,1092.8,142.48,767.0,1768.1,1768.1,1001.1,130.52,130.52,OVER_PREDICTION,True,True,True,True,True,True,False,False,2. QUALIFIED_5QC_HISTORICAL_RUN,Pass 5 QC Gates (Historical Completion Run: Days = -509.5)
GC-31,SA-0592HST1_T,2023-11-09 12:45,REDA (Schlumberger),538/540 Series (REDA S),S2000N,S2000N,137,5750.0,0.0,-399.3,,2505.0,,352.0,132.0,54.0,0.9,46.9,Mauddud (MA),137779.0,1.0958,0.4275,,,1.1477,1.0878,262.5,,,,882.0,,,,,,,False,False,False,True,True,False,False,False,7. FAILED_MISSING_TELEMETRY,"Failed Gate 1: Missing Telemetry (PIP=nan, PDP=2505.0)"
GC-31,SA-0592HST1_T,2024-03-16 08:30,REDA (Schlumberger),538/540 Series (REDA S),S2000N,S2000N,137,5750.0,0.0,-271.4,578.0,2573.0,1995.0,332.0,130.0,53.0,0.8833,40.6,Mauddud (MA),137779.0,1.0958,0.421,34.59,44.33,1.0775,1.0542,87.4,2150.2,1337.2,164.48,813.0,2039.7,2039.7,1226.7,150.89,150.89,OVER_PREDICTION,True,True,True,True,True,True,False,False,2. QUALIFIED_5QC_HISTORICAL_RUN,Pass 5 QC Gates (Historical Completion Run: Days = -271.4)
GC-31,SA-0592HST1_T,2024-08-09 07:30,REDA (Schlumberger),538/540 Series (REDA S),S2000N,S2000N,137,5750.0,0.0,-125.5,,,,325.0,137.0,52.0,0.8667,42.3,Mauddud (MA),137779.0,1.0958,0.4227,,,1.1477,1.0937,262.5,,,,872.0,,,,,,,False,False,False,True,True,False,False,False,7. FAILED_MISSING_TELEMETRY,"Failed Gate 1: Missing Telemetry (PIP=nan, PDP=nan)"
GC-31,SA-0592HST1_T,2025-01-05 08:30,REDA (Schlumberger),538/540 Series (REDA S),S2000N,S2000N,137,5750.0,23.6,23.6,,,,210.0,145.0,50.0,0.8333,46.2,Mauddud (MA),137779.0,1.0958,0.4268,,,1.1477,1.0887,262.5,,,,1080.4,,,,,,,False,False,False,True,True,False,True,False,7. FAILED_MISSING_TELEMETRY,"Failed Gate 1: Missing Telemetry (PIP=nan, PDP=nan)"
GC-31,SA-0592HST1_T,2025-04-15 08:15,REDA (Schlumberger),538/540 Series (REDA S),S2000N,S2000N,137,5750.0,123.6,123.6,0.0,,,266.0,120.0,53.0,0.8833,46.9,Mauddud (MA),137779.0,1.0958,0.4275,,,1.1477,1.0878,262.5,,,,476.0,,,,,,,False,False,False,True,True,False,True,False,7. FAILED_MISSING_TELEMETRY,"Failed Gate 1: Missing Telemetry (PIP=0.0, PDP=nan)"
GC-31,SA-0592HST1_T,2025-08-04 08:00,REDA (Schlumberger),538/540 Series (REDA S),S2000N,S2000N,137,5750.0,234.5,234.5,,,,175.0,130.0,50.0,0.8333,50.0,Mauddud (MA),137779.0,1.0958,0.4308,,,1.1477,1.0838,262.5,,,,476.0,,,,,,,False,False,False,True,True,False,True,False,7. FAILED_MISSING_TELEMETRY,"Failed Gate 1: Missing Telemetry (PIP=nan, PDP=nan)"
GC-31,SA-0592HST1_T,2025-10-21 18:15,REDA (Schlumberger),538/540 Series (REDA S),S2000N,S2000N,137,5750.0,313.0,313.0,,,,189.0,156.0,51.0,0.85,47.5,Mauddud (MA),137779.0,1.0958,0.4282,,,1.1477,1.087,262.5,,,,1134.0,,,,,,,False,False,False,True,True,False,True,False,7. FAILED_MISSING_TELEMETRY,"Failed Gate 1: Missing Telemetry (PIP=nan, PDP=nan)"
GC-31,SA-0592HST1_T,2026-03-11 21:45,REDA (Schlumberger),538/540 Series (REDA S),S2000N,S2000N,137,5750.0,454.1,454.1,0.0,0.0,0.0,211.0,133.0,51.0,0.85,46.9,Mauddud (MA),137779.0,1.0958,0.4275,,,1.1477,1.0878,262.5,,,,973.0,,,,,,,True,False,False,True,True,False,True,False,3. FAILED_ZERO_NEGATIVE_LIFT,"Failed Gate 2: Negative/Zero Lift (PDP=0.0 <= PIP=0.0, dP=0.0 psi)"
GC-31,SA-0592HST1_T,2026-06-08 09:00,REDA (Schlumberger),538/540 Series (REDA S),S2000N,S2000N,137,5750.0,542.6,542.6,0.0,0.0,0.0,150.0,144.0,49.0,0.8167,51.0,Mauddud (MA),137779.0,1.0958,0.4318,,,1.1477,1.0826,262.5,,,,1094.0,,,,,,,True,False,False,True,True,False,True,False,3. FAILED_ZERO_NEGATIVE_LIFT,"Failed Gate 2: Negative/Zero Lift (PDP=0.0 <= PIP=0.0, dP=0.0 psi)"
GC-31,SA-0593H_T,2021-01-17 08:45,Alkhorayef (ACC),538 Series (ACC WE),WE-2600c,WE-2600,88,5900.0,0.0,-432.5,2175.0,2494.0,319.0,228.0,147.0,46.0,0.7667,50.3,Mauddud (MA),137779.0,1.0958,0.4311,8.41,14.31,1.1848,1.1019,350.0,2795.0,1076.0,62.59,1719.0,2536.5,2536.5,817.5,47.56,47.56,OVER_PREDICTION,True,True,True,True,True,True,False,False,2. QUALIFIED_5QC_HISTORICAL_RUN,Pass 5 QC Gates (Historical Completion Run: Days = -432.5)
GC-31,SA-0593H_T,2021-06-07 06:45,Alkhorayef (ACC),538 Series (ACC WE),WE-2600c,WE-2600,88,5900.0,0.0,-291.6,1766.0,,,159.0,147.0,47.0,0.7833,45.8,Mauddud (MA),137779.0,1.0958,0.4264,,,1.1711,1.1019,318.0,,,,1842.0,,,,,,,False,False,False,True,True,False,False,False,7. FAILED_MISSING_TELEMETRY,"Failed Gate 1: Missing Telemetry (PIP=1766.0, PDP=nan)"
GC-31,SA-0593H_T,2021-11-02 08:15,Alkhorayef (ACC),538 Series (ACC WE),WE-2600c,WE-2600,88,5900.0,0.0,-143.6,,2602.0,,195.0,152.0,47.0,0.7833,60.4,Mauddud (MA),137779.0,1.0958,0.4416,,,1.1477,1.0706,262.5,,,,1654.0,,,,,,,False,False,False,True,True,False,False,False,7. FAILED_MISSING_TELEMETRY,"Failed Gate 1: Missing Telemetry (PIP=nan, PDP=2602.0)"
GC-31,SA-0593H_T,2022-04-17 05:15,Alkhorayef (ACC),538 Series (ACC WE),WE-2600c,WE-2600,88,5900.0,22.3,22.3,1680.0,2650.0,970.0,185.0,151.0,50.0,0.8333,88.3,Mauddud (MA),137779.0,1.0958,0.4707,23.42,33.73,1.1634,1.0368,299.9,2650.4,197.4,8.05,2453.0,2556.4,2556.4,103.4,4.22,4.22,OVER_PREDICTION,True,True,True,True,True,True,True,True,1. QUALIFIED_5QC_CLEAN_ACTIVE,Pass: Active completion run meeting all 5 QC physical screening gates
GC-31,SA-0593H_T,2022-05-13 08:45,Alkhorayef (ACC),538 Series (ACC WE),WE-2600c,WE-2600,88,5900.0,48.5,48.5,1630.0,2600.0,970.0,181.7,152.6,50.0,0.8333,82.5,Mauddud (MA),137779.0,1.0958,0.4646,23.72,34.16,1.159,1.0443,289.4,2638.9,200.4,8.22,2438.5,2526.9,2526.9,88.4,3.63,3.63,OVER_PREDICTION,True,True,True,True,True,True,True,True,1. QUALIFIED_5QC_CLEAN_ACTIVE,Pass: Active completion run meeting all 5 QC physical screening gates
GC-31,SA-0593H_T,2022-08-25 07:15,Alkhorayef (ACC),538 Series (ACC WE),WE-2600c,WE-2600,88,5900.0,152.4,152.4,1565.0,2598.0,1033.0,222.0,150.0,50.0,0.8333,75.9,Mauddud (MA),137779.0,1.0958,0.4578,25.64,36.92,1.1533,1.0521,275.9,2560.0,324.0,14.49,2236.0,2433.2,2433.2,197.2,8.82,8.82,OVER_PREDICTION,True,True,True,True,True,True,True,True,1. QUALIFIED_5QC_CLEAN_ACTIVE,Pass: Active completion run meeting all 5 QC physical screening gates
GC-31,SA-0593H_T,2022-12-22 09:00,Alkhorayef (ACC),538 Series (ACC WE),WE-2600c,WE-2600,88,5900.0,271.5,271.5,1587.0,2622.0,1035.0,222.0,148.0,50.0,0.8333,78.5,Mauddud (MA),137779.0,1.0958,0.4605,25.54,36.78,1.1552,1.0491,280.4,2564.2,325.2,14.52,2239.0,2444.3,2444.3,205.3,9.17,9.17,OVER_PREDICTION,True,True,True,True,True,True,True,True,1. QUALIFIED_5QC_CLEAN_ACTIVE,Pass: Active completion run meeting all 5 QC physical screening gates
GC-31,SA-0593H_T,2023-04-04 06:30,Alkhorayef (ACC),538 Series (ACC WE),WE-2600c,WE-2600,88,5900.0,374.4,374.4,1482.0,2653.0,1171.0,226.0,152.0,50.0,0.8333,72.6,Mauddud (MA),137779.0,1.0958,0.4543,29.29,42.18,1.1461,1.0546,258.8,2376.1,288.1,13.8,2088.0,2253.2,2253.2,165.2,7.91,7.91,OVER_PREDICTION,True,True,True,True,True,True,True,True,1. QUALIFIED_5QC_CLEAN_ACTIVE,Pass: Active completion run meeting all 5 QC physical screening gates
GC-31,SA-0593H_T,2023-07-29 07:45,Alkhorayef (ACC),538 Series (ACC WE),WE-2600c,WE-2600,88,5900.0,490.4,490.4,1504.0,2580.0,1076.0,207.0,151.0,50.0,0.8333,73.6,Mauddud (MA),137779.0,1.0958,0.4554,26.85,38.67,1.148,1.0538,263.3,2504.6,309.6,14.1,2195.0,2376.7,2376.7,181.7,8.28,8.28,OVER_PREDICTION,True,True,True,True,True,True,True,True,1. QUALIFIED_5QC_CLEAN_ACTIVE,Pass: Active completion run meeting all 5 QC physical screening gates
GC-31,SA-0593H_T,2023-09-30 09:30,Alkhorayef (ACC),538 Series (ACC WE),WE-2600c,WE-2600,88,5900.0,553.5,553.5,1452.0,2617.0,1165.0,204.0,159.0,54.0,0.9,74.2,Mauddud (MA),137779.0,1.0958,0.456,29.03,35.84,1.1436,1.0519,252.6,2799.3,333.3,13.52,2466.0,2661.2,2661.2,195.2,7.92,7.92,OVER_PREDICTION,True,True,True,True,True,True,True,True,1. QUALIFIED_5QC_CLEAN_ACTIVE,Pass: Active completion run meeting all 5 QC physical screening gates
GC-31,SA-0593H_T,2024-01-27 08:00,Alkhorayef (ACC),538 Series (ACC WE),WE-2600c,WE-2600,88,5900.0,672.4,672.4,1730.0,2695.0,965.0,228.0,162.0,54.0,0.9,81.4,Mauddud (MA),137779.0,1.0958,0.4635,23.66,29.21,1.1679,1.0475,310.4,2981.7,290.1,10.78,2691.6,2846.5,2846.5,154.9,5.75,5.75,OVER_PREDICTION,True,True,True,True,True,True,True,True,1. QUALIFIED_5QC_CLEAN_ACTIVE,Pass: Active completion run meeting all 5 QC physical screening gates
GC-31,SA-0593H_T,2024-06-28 12:50,Alkhorayef (ACC),538 Series (ACC WE),WE-2600c,WE-2600,88,5900.0,825.6,825.6,1879.0,3239.0,1360.0,668.0,154.0,55.0,0.9167,66.8,Mauddud (MA),137779.0,1.0958,0.4483,34.48,41.03,1.1814,1.0736,342.1,2663.4,166.4,6.66,2497.0,2480.8,2480.8,-16.2,-0.65,0.65,UNDER_PREDICTION,True,True,True,True,True,True,True,True,1. QUALIFIED_5QC_CLEAN_ACTIVE,Pass: Active completion run meeting all 5 QC physical screening gates
GC-31,SA-0593H_T,2024-12-10 09:00,Alkhorayef (ACC),538 Series (ACC WE),WE-2600c,WE-2600,88,5900.0,990.5,990.5,1738.0,2900.0,1162.0,401.0,152.0,55.0,0.9167,84.0,Mauddud (MA),137779.0,1.0958,0.4662,28.32,33.7,1.1686,1.0438,312.1,2916.5,403.5,16.06,2513.0,2794.2,2794.2,281.2,11.19,11.19,OVER_PREDICTION,True,True,True,True,True,True,True,True,1. QUALIFIED_5QC_CLEAN_ACTIVE,Pass: Active completion run meeting all 5 QC physical screening gates
GC-31,SA-0593H_T,2025-06-18 13:45,Alkhorayef (ACC),538 Series (ACC WE),WE-2600c,WE-2600,88,5900.0,1180.7,1180.7,1309.0,2793.0,1484.0,386.0,156.0,59.0,0.9833,72.0,Mauddud (MA),137779.0,1.0958,0.4537,37.17,38.44,1.1317,1.0513,223.8,2964.3,400.3,15.61,2564.0,2819.7,2819.7,255.7,9.97,9.97,OVER_PREDICTION,True,True,True,True,True,True,True,True,1. QUALIFIED_5QC_CLEAN_ACTIVE,Pass: Active completion run meeting all 5 QC physical screening gates
GC-31,SA-0593H_T,2025-09-27 11:00,Alkhorayef (ACC),538 Series (ACC WE),WE-2600c,WE-2600,88,5900.0,1281.6,1281.6,1203.0,2740.0,1537.0,331.0,150.0,60.0,1.0,62.9,Mauddud (MA),137779.0,1.0958,0.4442,39.32,39.32,1.1231,1.0582,202.8,2979.2,521.2,21.2,2458.0,2815.2,2815.2,357.2,14.53,14.53,OVER_PREDICTION,True,True,True,True,True,True,True,True,1. QUALIFIED_5QC_CLEAN_ACTIVE,Pass: Active completion run meeting all 5 QC physical screening gates
GC-31,SA-0593H_T,2025-11-30 06:30,Alkhorayef (ACC),538 Series (ACC WE),WE-2600c,WE-2600,88,5900.0,1345.4,1345.4,1247.0,2791.0,1544.0,371.0,155.0,61.0,1.0167,63.7,Mauddud (MA),137779.0,1.0958,0.445,39.42,38.14,1.1266,1.0587,211.4,3076.7,555.2,22.02,2521.5,2906.1,2906.1,384.6,15.25,15.25,OVER_PREDICTION,True,True,True,True,True,True,True,True,1. QUALIFIED_5QC_CLEAN_ACTIVE,Pass: Active completion run meeting all 5 QC physical screening gates
GC-31,SA-0593H_T,2026-06-07 07:15,Alkhorayef (ACC),538 Series (ACC WE),WE-2600c,WE-2600,88,5900.0,1534.4,1534.4,1697.0,2996.0,1299.0,351.0,147.0,61.0,1.0167,85.3,Mauddud (MA),137779.0,1.0958,0.4676,31.57,30.54,1.1649,1.0413,303.4,3330.8,597.8,21.87,2733.0,3198.7,3198.7,465.7,17.04,17.04,OVER_PREDICTION,True,True,True,True,True,True,True,True,1. QUALIFIED_5QC_CLEAN_ACTIVE,Pass: Active completion run meeting all 5 QC physical screening gates
GC-31,SA-0602H_T,2021-01-17 09:00,Baker Hughes (Centrilift),400 Series (Centrilift P/Flex),P6,P6,392,6870.0,0.0,-1614.9,1638.0,,,183.0,152.0,50.0,0.8333,91.0,Mauddud (MA),137779.0,1.0958,0.4735,,,1.1597,1.0326,291.1,,,,1776.0,,,,,,,False,False,False,True,True,False,False,False,7. FAILED_MISSING_TELEMETRY,"Failed Gate 1: Missing Telemetry (PIP=1638.0, PDP=nan)"
GC-31,SA-0602H_T,2021-09-16 09:45,Baker Hughes (Centrilift),400 Series (Centrilift P/Flex),P6,P6,392,6870.0,0.0,-1372.9,1128.0,2815.0,1687.0,163.0,151.0,55.0,0.9167,93.1,Mauddud (MA),137779.0,1.0958,0.4757,9.05,10.77,1.1172,1.0267,188.1,858.0,-444.0,-34.1,1302.0,835.7,835.7,-466.3,-35.81,35.81,UNDER_PREDICTION,True,True,True,True,True,True,False,False,2. QUALIFIED_5QC_HISTORICAL_RUN,Pass 5 QC Gates (Historical Completion Run: Days = -1372.9)
GC-31,SA-0602H_T,2021-10-27 08:30,Baker Hughes (Centrilift),400 Series (Centrilift P/Flex),P6,P6,392,6870.0,0.0,-1332.0,1071.0,,,204.0,147.0,55.0,0.9167,92.4,Mauddud (MA),137779.0,1.0958,0.475,,,1.1127,1.027,177.1,,,,1221.0,,,,,,,False,False,False,True,True,False,False,False,7. FAILED_MISSING_TELEMETRY,"Failed Gate 1: Missing Telemetry (PIP=1071.0, PDP=nan)"
GC-31,SA-0602H_T,2022-01-30 10:15,Baker Hughes (Centrilift),400 Series (Centrilift P/Flex),P6,P6,392,6870.0,0.0,-1236.9,1299.0,,,201.0,152.0,55.0,0.9167,94.3,Mauddud (MA),137779.0,1.0958,0.4769,,,1.1309,1.0263,221.8,,,,1476.0,,,,,,,False,False,False,True,True,False,False,False,7. FAILED_MISSING_TELEMETRY,"Failed Gate 1: Missing Telemetry (PIP=1299.0, PDP=nan)"
GC-31,SA-0602H_T,2022-04-22 04:15,Baker Hughes (Centrilift),400 Series (Centrilift P/Flex),P6,P6,392,6870.0,0.0,-1155.1,,2841.0,,190.0,152.0,55.0,0.9167,81.3,Mauddud (MA),137779.0,1.0958,0.4634,,,1.1477,1.0439,262.5,,,,1383.0,,,,,,,False,False,False,True,True,False,False,False,7. FAILED_MISSING_TELEMETRY,"Failed Gate 1: Missing Telemetry (PIP=nan, PDP=2841.0)"
GC-31,SA-0602H_T,2022-07-31 08:00,Baker Hughes (Centrilift),400 Series (Centrilift P/Flex),P6,P6,392,6870.0,0.0,-1055.0,2058.0,5712.0,3654.0,242.0,149.0,55.0,0.9167,98.1,Mauddud (MA),137779.0,1.0958,0.4809,19.38,23.06,1.1848,1.0231,350.0,691.3,-309.7,-30.94,1001.0,675.7,675.7,-325.3,-32.5,32.5,UNDER_PREDICTION,True,True,True,True,False,False,False,False,6. FAILED_EXCESSIVE_WATER_CUT,Failed Gate 5: Excessive Water Cut (WC = 98.1% > 98.0% threshold)
GC-31,SA-0602H_T,2025-08-02 08:15,Baker Hughes (Centrilift),400 Series (Centrilift P/Flex),P6,P6,392,6870.0,43.0,43.0,1172.0,3206.0,2034.0,233.0,142.0,50.0,0.8333,77.6,Mauddud (MA),137779.0,1.0958,0.4595,11.29,16.26,1.1206,1.0425,196.7,716.9,-121.1,-14.45,838.0,687.6,687.6,-150.4,-17.95,17.95,UNDER_PREDICTION,True,True,True,True,True,True,True,True,1. QUALIFIED_5QC_CLEAN_ACTIVE,Pass: Active completion run meeting all 5 QC physical screening gates
GC-31,SA-0602H_T,2025-10-16 18:30,Baker Hughes (Centrilift),400 Series (Centrilift P/Flex),P6,P6,392,6870.0,118.4,118.4,1270.0,3255.0,1985.0,235.0,136.0,48.0,0.8,82.4,Mauddud (MA),137779.0,1.0958,0.4645,10.9,17.03,1.1285,1.0391,216.0,679.3,-88.9,-11.57,768.2,653.7,653.7,-114.5,-14.9,14.9,UNDER_PREDICTION,True,True,True,True,True,True,True,True,1. QUALIFIED_5QC_CLEAN_ACTIVE,Pass: Active completion run meeting all 5 QC physical screening gates
GC-31,SA-0602H_T,2026-01-29 11:00,Baker Hughes (Centrilift),400 Series (Centrilift P/Flex),P6,P6,392,6870.0,223.1,223.1,1383.0,3333.0,1950.0,318.0,140.0,48.0,0.8,89.0,Mauddud (MA),137779.0,1.0958,0.4714,10.55,16.48,1.1378,1.033,238.6,685.7,-90.3,-11.64,776.0,663.8,663.8,-112.2,-14.46,14.46,UNDER_PREDICTION,True,True,True,True,True,True,True,True,1. QUALIFIED_5QC_CLEAN_ACTIVE,Pass: Active completion run meeting all 5 QC physical screening gates
GC-31,SA-0602H_T,2026-05-02 12:15,Baker Hughes (Centrilift),400 Series (Centrilift P/Flex),P6,P6,392,6870.0,316.2,316.2,1536.0,3332.0,1796.0,299.0,139.0,60.0,1.0,92.4,Mauddud (MA),137779.0,1.0958,0.475,9.65,9.65,1.1508,1.0299,269.9,950.8,121.8,14.69,829.0,923.2,923.2,94.2,11.36,11.36,OVER_PREDICTION,True,True,True,True,True,True,True,True,1. QUALIFIED_5QC_CLEAN_ACTIVE,Pass: Active completion run meeting all 5 QC physical screening gates
GC-31,SA-0620ST1_T,2024-03-21 19:00,Borets,538 Series (Borets WFT-538),B538-2600,B538-2600,134,6350.0,2.3,2.3,1413.0,2837.0,1424.0,520.0,124.0,50.0,0.8333,50.8,Mauddud (MA),137779.0,1.0958,0.4316,24.62,35.46,1.1403,1.0792,244.7,2633.6,652.6,32.94,1981.0,2440.3,2440.3,459.3,23.19,23.19,OVER_PREDICTION,True,True,True,True,True,True,True,True,1. QUALIFIED_5QC_CLEAN_ACTIVE,Pass: Active completion run meeting all 5 QC physical screening gates
GC-31,SA-0620ST1_T,2024-05-03 07:30,Borets,538 Series (Borets WFT-538),B538-2600,B538-2600,134,6350.0,44.9,44.9,981.0,2611.0,1630.0,365.0,142.0,50.0,0.8333,25.5,Mauddud (MA),137779.0,1.0958,0.4052,30.02,43.23,1.1059,1.084,160.0,2400.9,454.9,23.38,1946.0,2214.9,2214.9,268.9,13.82,13.82,OVER_PREDICTION,True,True,True,True,True,True,True,True,1. QUALIFIED_5QC_CLEAN_ACTIVE,Pass: Active completion run meeting all 5 QC physical screening gates
GC-31,SA-0620ST1_T,2024-11-18 07:15,Borets,538 Series (Borets WFT-538),B538-2600,B538-2600,134,6350.0,243.8,243.8,1155.0,3000.0,1845.0,400.0,151.0,50.0,0.8333,57.3,Mauddud (MA),137779.0,1.0958,0.4384,31.41,45.23,1.1193,1.0624,193.4,2328.1,437.1,23.11,1891.0,2191.4,2191.4,300.4,15.89,15.89,OVER_PREDICTION,True,True,True,True,True,True,True,True,1. QUALIFIED_5QC_CLEAN_ACTIVE,Pass: Active completion run meeting all 5 QC physical screening gates
GC-31,SA-0620ST1_T,2025-03-11 07:15,Borets,538 Series (Borets WFT-538),B538-2600,B538-2600,134,6350.0,356.8,356.8,1063.0,3007.0,1944.0,352.0,148.0,50.0,0.8333,66.0,Mauddud (MA),137779.0,1.0958,0.4474,32.42,46.69,1.1121,1.0513,175.6,2269.0,596.0,35.62,1673.0,2158.2,2158.2,485.2,29.0,29.0,OVER_PREDICTION,True,True,True,True,True,True,True,True,1. QUALIFIED_5QC_CLEAN_ACTIVE,Pass: Active completion run meeting all 5 QC physical screening gates
GC-31,SA-0620ST1_T,2025-07-22 08:30,Borets,538 Series (Borets WFT-538),B538-2600,B538-2600,134,6350.0,489.9,489.9,979.0,3072.0,2093.0,279.0,142.0,49.0,0.8167,75.7,Mauddud (MA),137779.0,1.0958,0.4575,34.14,51.18,1.1057,1.0408,159.6,1992.1,554.1,38.53,1438.0,1913.9,1913.9,475.9,33.09,33.09,OVER_PREDICTION,True,True,True,True,True,True,True,True,1. QUALIFIED_5QC_CLEAN_ACTIVE,Pass: Active completion run meeting all 5 QC physical screening gates
GC-31,SA-0620ST1_T,2025-10-17 07:30,Borets,538 Series (Borets WFT-538),B538-2600,B538-2600,134,6350.0,576.9,576.9,1170.0,3110.0,1940.0,311.0,149.0,48.0,0.8,72.6,Mauddud (MA),137779.0,1.0958,0.4543,31.87,49.8,1.1205,1.0475,196.3,2033.3,214.3,11.78,1819.0,1941.0,1941.0,122.0,6.71,6.71,OVER_PREDICTION,True,True,True,True,True,True,True,True,1. QUALIFIED_5QC_CLEAN_ACTIVE,Pass: Active completion run meeting all 5 QC physical screening gates
GC-31,SA-0620ST1_T,2026-01-08 18:00,Borets,538 Series (Borets WFT-538),B538-2600,B538-2600,134,6350.0,660.3,660.3,1426.0,3141.0,1715.0,372.0,144.0,48.0,0.8,75.4,Mauddud (MA),137779.0,1.0958,0.4572,27.99,43.73,1.1414,1.0499,247.3,2288.1,198.1,9.48,2090.0,2179.4,2179.4,89.4,4.28,4.28,OVER_PREDICTION,True,True,True,True,True,True,True,True,1. QUALIFIED_5QC_CLEAN_ACTIVE,Pass: Active completion run meeting all 5 QC physical screening gates
GC-31,SA-0620ST1_T,2026-04-09 08:00,Borets,538 Series (Borets WFT-538),B538-2600,B538-2600,134,6350.0,750.9,750.9,1477.0,3178.0,1701.0,370.0,155.0,48.0,0.8,78.0,Mauddud (MA),137779.0,1.0958,0.4599,27.6,43.12,1.1457,1.0477,257.8,2308.7,244.7,11.86,2064.0,2203.7,2203.7,139.7,6.77,6.77,OVER_PREDICTION,True,True,True,True,True,True,True,True,1. QUALIFIED_5QC_CLEAN_ACTIVE,Pass: Active completion run meeting all 5 QC physical screening gates
GC-31,SA-0620ST1_T,2026-07-29 15:30,Borets,538 Series (Borets WFT-538),B538-2600,B538-2600,134,6350.0,862.2,862.2,0.0,0.0,0.0,340.0,150.0,60.0,1.0,84.6,Mauddud (MA),137779.0,1.0958,0.4668,,,1.1477,1.0397,262.5,,,,2296.0,,,,,,,True,False,False,True,True,False,True,False,3. FAILED_ZERO_NEGATIVE_LIFT,"Failed Gate 2: Negative/Zero Lift (PDP=0.0 <= PIP=0.0, dP=0.0 psi)"
GC-31,SA-0625H_T,2021-04-15 09:45,Halliburton / Summit ESP,538 Series (Summit SJ),SJ8000,SJ8000,136,6750.0,0.0,-1512.1,2088.0,,,278.1,139.2,48.0,0.8,64.0,Mauddud (MA),137779.0,1.0958,0.4454,,,1.1848,1.0793,350.0,,,,1065.4,,,,,,,False,False,False,True,True,False,False,False,7. FAILED_MISSING_TELEMETRY,"Failed Gate 1: Missing Telemetry (PIP=2088.0, PDP=nan)"
GC-31,SA-0625H_T,2021-10-28 07:45,Halliburton / Summit ESP,538 Series (Summit SJ),SJ8000,SJ8000,136,6750.0,0.0,-1316.2,1923.0,,,356.0,126.0,47.0,0.7833,64.8,Mauddud (MA),137779.0,1.0958,0.4462,,,1.1848,1.078,350.0,,,,687.0,,,,,,,False,False,False,True,True,False,False,False,7. FAILED_MISSING_TELEMETRY,"Failed Gate 1: Missing Telemetry (PIP=1923.0, PDP=nan)"
GC-31,SA-0625H_T,2022-02-03 09:00,Halliburton / Summit ESP,538 Series (Summit SJ),SJ8000,SJ8000,136,6750.0,0.0,-1218.2,2307.0,,,341.0,106.0,50.0,0.8333,60.0,Mauddud (MA),137779.0,1.0958,0.4412,,,1.1848,1.0859,350.0,,,,364.0,,,,,,,False,False,False,True,True,False,False,False,7. FAILED_MISSING_TELEMETRY,"Failed Gate 1: Missing Telemetry (PIP=2307.0, PDP=nan)"
GC-31,SA-0625H_T,2022-07-30 07:00,Halliburton / Summit ESP,538 Series (Summit SJ),SJ8000,SJ8000,136,6750.0,0.0,-1041.2,1771.0,3254.7,1483.7,459.0,155.2,50.0,0.8333,64.7,Mauddud (MA),137779.0,1.0958,0.4461,24.46,35.23,1.1716,1.0735,319.1,9352.1,6797.0,266.02,2555.1,8711.8,8711.8,6156.7,240.96,240.96,OVER_PREDICTION,True,True,True,True,True,True,False,False,2. QUALIFIED_5QC_HISTORICAL_RUN,Pass 5 QC Gates (Historical Completion Run: Days = -1041.2)
GC-31,SA-0625H_T,2023-02-01 09:00,Halliburton / Summit ESP,538 Series (Summit SJ),SJ8000,SJ8000,136,6750.0,0.0,-855.2,1555.0,3280.7,1725.7,443.0,157.0,50.0,0.8333,78.8,Mauddud (MA),137779.0,1.0958,0.4608,27.54,39.66,1.1524,1.0481,273.8,8556.5,5847.5,215.85,2709.0,8164.0,8164.0,5455.0,201.37,201.37,OVER_PREDICTION,True,True,True,True,True,True,False,False,2. QUALIFIED_5QC_HISTORICAL_RUN,Pass 5 QC Gates (Historical Completion Run: Days = -855.2)
GC-31,SA-0625H_T,2023-06-15 06:00,Halliburton / Summit ESP,538 Series (Summit SJ),SJ8000,SJ8000,136,6750.0,0.0,-721.3,1470.0,3218.7,1748.7,364.0,148.0,50.0,0.8333,74.4,Mauddud (MA),137779.0,1.0958,0.4562,28.19,40.6,1.1451,1.052,256.3,8372.6,5096.6,155.57,3276.0,7958.5,7958.5,4682.5,142.93,142.93,OVER_PREDICTION,True,True,True,True,True,True,False,False,2. QUALIFIED_5QC_HISTORICAL_RUN,Pass 5 QC Gates (Historical Completion Run: Days = -721.3)
GC-31,SA-0625H_T,2023-11-09 07:15,Halliburton / Summit ESP,538 Series (Summit SJ),SJ8000,SJ8000,136,6750.0,0.0,-574.2,1689.0,3343.0,1654.0,463.0,155.0,50.0,0.8333,76.8,Mauddud (MA),137779.0,1.0958,0.4587,26.51,38.18,1.1642,1.0535,301.7,8834.9,6141.9,228.07,2693.0,8386.6,8386.6,5693.6,211.42,211.42,OVER_PREDICTION,True,True,True,True,True,True,False,False,2. QUALIFIED_5QC_HISTORICAL_RUN,Pass 5 QC Gates (Historical Completion Run: Days = -574.2)
GC-31,SA-0625H_T,2024-04-08 08:30,Halliburton / Summit ESP,538 Series (Summit SJ),SJ8000,SJ8000,136,6750.0,0.0,-423.2,1702.0,3250.0,1548.0,400.0,147.0,49.0,0.8167,86.7,Mauddud (MA),137779.0,1.0958,0.469,24.27,36.39,1.1654,1.0393,304.5,8971.8,6114.8,214.03,2857.0,8632.3,8632.3,5775.3,202.15,202.15,OVER_PREDICTION,True,True,True,True,True,True,False,False,2. QUALIFIED_5QC_HISTORICAL_RUN,Pass 5 QC Gates (Historical Completion Run: Days = -423.2)
GC-31,SA-0625H_T,2024-11-18 08:15,Halliburton / Summit ESP,538 Series (Summit SJ),SJ8000,SJ8000,136,6750.0,0.0,-199.2,1814.0,3363.0,1549.0,472.0,150.0,49.0,0.8167,82.2,Mauddud (MA),137779.0,1.0958,0.4643,24.53,36.78,1.1755,1.0477,328.2,8905.4,6772.4,317.51,2133.0,8500.2,8500.2,6367.2,298.51,298.51,OVER_PREDICTION,True,True,True,True,True,True,False,False,2. QUALIFIED_5QC_HISTORICAL_RUN,Pass 5 QC Gates (Historical Completion Run: Days = -199.2)
GC-31,SA-0625H_T,2025-08-09 07:45,Halliburton / Summit ESP,538 Series (Summit SJ),SJ8000,SJ8000,136,6750.0,64.8,64.8,1442.0,3367.0,1925.0,464.0,158.0,50.0,0.8333,84.7,Mauddud (MA),137779.0,1.0958,0.4669,30.31,43.65,1.1427,1.0388,250.6,7731.2,4942.2,177.2,2789.0,7442.6,7442.6,4653.6,166.86,166.86,OVER_PREDICTION,True,True,True,True,True,True,True,True,1. QUALIFIED_5QC_CLEAN_ACTIVE,Pass: Active completion run meeting all 5 QC physical screening gates
GC-31,SA-0625H_T,2025-11-08 08:30,Halliburton / Summit ESP,538 Series (Summit SJ),SJ8000,SJ8000,136,6750.0,155.8,155.8,1407.0,3401.0,1994.0,468.0,161.0,50.0,0.8333,88.3,Mauddud (MA),137779.0,1.0958,0.4707,31.15,44.86,1.1398,1.034,243.5,7458.0,4712.0,171.6,2746.0,7212.6,7212.6,4466.6,162.66,162.66,OVER_PREDICTION,True,True,True,True,True,True,True,True,1. QUALIFIED_5QC_CLEAN_ACTIVE,Pass: Active completion run meeting all 5 QC physical screening gates
GC-31,SA-0625H_T,2026-03-11 17:00,Halliburton / Summit ESP,538 Series (Summit SJ),SJ8000,SJ8000,136,6750.0,279.2,279.2,1389.0,0.0,-1389.0,498.0,161.0,50.0,0.8333,86.0,Mauddud (MA),137779.0,1.0958,0.4683,,,1.1383,1.0366,239.8,,,,2715.0,,,,,,,True,False,False,True,True,False,True,False,3. FAILED_ZERO_NEGATIVE_LIFT,"Failed Gate 2: Negative/Zero Lift (PDP=0.0 <= PIP=1389.0, dP=-1389.0 psi)"
GC-31,SA-0625H_T,2026-06-06 07:00,Halliburton / Summit ESP,538 Series (Summit SJ),SJ8000,SJ8000,136,6750.0,365.8,365.8,1521.0,0.0,-1521.0,395.0,159.0,50.0,0.8333,89.5,Mauddud (MA),137779.0,1.0958,0.4719,,,1.1495,1.0336,266.8,,,,2671.0,,,,,,,True,False,False,True,True,False,True,False,3. FAILED_ZERO_NEGATIVE_LIFT,"Failed Gate 2: Negative/Zero Lift (PDP=0.0 <= PIP=1521.0, dP=-1521.0 psi)"
GC-31,SA-0630ST3_T,2023-07-20 21:00,Borets,400 Series (Borets WFT-400),B400-1750,B400-1750,253,5700.0,2.2,2.2,1241.0,,,663.0,112.0,50.0,0.8333,16.0,Mauddud (MA),137779.0,1.0958,0.3953,,,1.1261,1.1092,210.3,,,,980.0,,,,,,,False,False,False,True,True,False,True,False,7. FAILED_MISSING_TELEMETRY,"Failed Gate 1: Missing Telemetry (PIP=1241.0, PDP=nan)"
GC-31,SA-0630ST3_T,2023-08-09 08:15,Borets,400 Series (Borets WFT-400),B400-1750,B400-1750,253,5700.0,21.6,21.6,672.0,2129.0,1457.0,265.0,113.0,50.0,0.8333,0.0,Mauddud (MA),137779.0,1.0958,0.3786,15.21,21.9,1.0838,1.0838,103.6,1569.7,-220.3,-12.31,1790.0,1448.3,1448.3,-341.7,-19.09,19.09,UNDER_PREDICTION,True,True,True,True,True,True,True,True,1. QUALIFIED_5QC_CLEAN_ACTIVE,Pass: Active completion run meeting all 5 QC physical screening gates
GC-31,SA-0630ST3_T,2023-12-15 08:15,Borets,400 Series (Borets WFT-400),B400-1750,B400-1750,253,5700.0,149.6,149.6,669.0,2147.0,1478.0,209.0,114.0,50.0,0.8333,0.0,Mauddud (MA),137779.0,1.0958,0.3786,15.43,22.22,1.0836,1.0836,103.1,1538.5,490.5,46.8,1048.0,1419.8,1419.8,371.8,35.48,35.48,OVER_PREDICTION,True,True,True,True,True,True,True,True,1. QUALIFIED_5QC_CLEAN_ACTIVE,Pass: Active completion run meeting all 5 QC physical screening gates
GC-31,SA-0630ST3_T,2024-04-08 08:45,Borets,400 Series (Borets WFT-400),B400-1750,B400-1750,253,5700.0,264.7,264.7,715.0,2133.0,1418.0,186.0,122.0,50.0,0.8333,12.3,Mauddud (MA),137779.0,1.0958,0.3915,14.32,20.62,1.0867,1.0785,111.2,1675.2,450.2,36.75,1225.0,1553.2,1553.2,328.2,26.79,26.79,OVER_PREDICTION,True,True,True,True,True,True,True,True,1. QUALIFIED_5QC_CLEAN_ACTIVE,Pass: Active completion run meeting all 5 QC physical screening gates
GC-31,SA-0630ST3_T,2024-09-13 08:15,Borets,400 Series (Borets WFT-400),B400-1750,B400-1750,253,5700.0,422.6,422.6,706.0,2289.0,1583.0,202.0,129.0,50.0,0.8333,18.8,Mauddud (MA),137779.0,1.0958,0.3982,15.71,22.62,1.0861,1.0737,109.6,1495.3,407.3,37.44,1088.0,1392.7,1392.7,304.7,28.01,28.01,OVER_PREDICTION,True,True,True,True,True,True,True,True,1. QUALIFIED_5QC_CLEAN_ACTIVE,Pass: Active completion run meeting all 5 QC physical screening gates
GC-31,SA-0630ST3_T,2025-02-23 19:30,Borets,400 Series (Borets WFT-400),B400-1750,B400-1750,253,5700.0,586.1,586.1,845.0,2289.0,1444.0,288.0,119.0,50.0,0.8333,29.3,Mauddud (MA),137779.0,1.0958,0.4092,13.95,20.09,1.0959,1.0736,134.7,1712.3,442.3,34.83,1270.0,1594.8,1594.8,324.8,25.57,25.57,OVER_PREDICTION,True,True,True,True,True,True,True,True,1. QUALIFIED_5QC_CLEAN_ACTIVE,Pass: Active completion run meeting all 5 QC physical screening gates
GC-31,SA-0630ST3_T,2025-08-24 01:30,Borets,400 Series (Borets WFT-400),B400-1750,B400-1750,253,5700.0,767.4,767.4,779.0,2452.0,1673.0,238.0,128.0,51.0,0.85,28.4,Mauddud (MA),137779.0,1.0958,0.4082,16.2,22.42,1.0912,1.071,122.7,1547.9,437.6,39.41,1110.3,1445.3,1445.3,335.0,30.17,30.17,OVER_PREDICTION,True,True,True,True,True,True,True,True,1. QUALIFIED_5QC_CLEAN_ACTIVE,Pass: Active completion run meeting all 5 QC physical screening gates
GC-31,SA-0630ST3_T,2025-12-06 22:30,Borets,400 Series (Borets WFT-400),B400-1750,B400-1750,253,5700.0,872.2,872.2,763.0,2373.0,1610.0,225.0,157.0,50.0,0.8333,0.0,Mauddud (MA),137779.0,1.0958,0.3786,16.81,24.21,1.0901,1.0901,119.8,1252.0,439.0,54.0,813.0,1148.6,1148.6,335.6,41.28,41.28,OVER_PREDICTION,True,True,True,True,True,True,True,True,1. QUALIFIED_5QC_CLEAN_ACTIVE,Pass: Active completion run meeting all 5 QC physical screening gates
GC-31,SA-0630ST3_T,2026-03-11 09:00,Borets,400 Series (Borets WFT-400),B400-1750,B400-1750,253,5700.0,966.7,966.7,908.0,2346.0,1438.0,307.0,131.0,50.0,0.8333,31.1,Mauddud (MA),137779.0,1.0958,0.4111,13.83,19.92,1.1005,1.0754,146.3,1723.7,1617.7,1526.13,106.0,1602.8,1602.8,1496.8,1412.08,1412.08,OVER_PREDICTION,True,True,True,True,True,True,True,True,1. QUALIFIED_5QC_CLEAN_ACTIVE,Pass: Active completion run meeting all 5 QC physical screening gates
GC-31,SA-0630ST3_T,2026-07-29 08:00,Borets,400 Series (Borets WFT-400),B400-1750,B400-1750,253,5700.0,1106.6,1106.6,698.0,2423.0,1725.0,217.0,131.0,50.0,0.8333,43.8,Mauddud (MA),137779.0,1.0958,0.4243,16.07,23.14,1.0856,1.0568,108.2,1431.9,612.9,74.84,819.0,1354.9,1354.9,535.9,65.43,65.43,OVER_PREDICTION,True,True,True,True,True,True,True,True,1. QUALIFIED_5QC_CLEAN_ACTIVE,Pass: Active completion run meeting all 5 QC physical screening gates
GC-31,SA-0644H_T,2021-05-23 11:00,Novomet,406 Series (Novomet High Efficiency),NHV1200,D1150N,196,6670.0,171.9,171.9,,,,233.0,109.0,50.0,0.8333,0.0,Mauddud (MA),137779.0,1.0958,0.3786,,,1.1477,1.1477,262.5,,,,910.0,,,,,,,False,False,False,True,True,False,True,False,7. FAILED_MISSING_TELEMETRY,"Failed Gate 1: Missing Telemetry (PIP=nan, PDP=nan)"
GC-31,SA-0644H_T,2021-10-27 08:30,Novomet,406 Series (Novomet High Efficiency),NHV1200,D1150N,196,6670.0,328.8,328.8,724.0,,,140.0,107.0,50.0,0.8333,1.6,Mauddud (MA),137779.0,1.0958,0.3803,,,1.0873,1.0863,112.8,,,,894.0,,,,,,,False,False,False,True,True,False,True,False,7. FAILED_MISSING_TELEMETRY,"Failed Gate 1: Missing Telemetry (PIP=724.0, PDP=nan)"
GC-31,SA-0644H_T,2022-02-04 08:15,Novomet,406 Series (Novomet High Efficiency),NHV1200,D1150N,196,6670.0,428.8,428.8,932.0,,,187.0,109.0,50.0,0.8333,6.1,Mauddud (MA),137779.0,1.0958,0.385,,,1.1022,1.0972,150.8,,,,1065.0,,,,,,,False,False,False,True,True,False,True,False,7. FAILED_MISSING_TELEMETRY,"Failed Gate 1: Missing Telemetry (PIP=932.0, PDP=nan)"
GC-31,SA-0644H_T,2022-06-01 07:30,Novomet,406 Series (Novomet High Efficiency),NHV1200,D1150N,196,6670.0,545.7,545.7,1002.0,2352.0,1350.0,178.0,116.0,50.0,0.8333,15.5,Mauddud (MA),137779.0,1.0958,0.3948,17.45,25.13,1.1075,1.0939,163.9,1259.1,158.1,14.36,1101.0,1151.0,1151.0,50.0,4.54,4.54,OVER_PREDICTION,True,True,True,True,True,True,True,True,1. QUALIFIED_5QC_CLEAN_ACTIVE,Pass: Active completion run meeting all 5 QC physical screening gates
GC-31,SA-0644H_T,2022-10-02 08:15,Novomet,406 Series (Novomet High Efficiency),NHV1200,D1150N,196,6670.0,668.8,668.8,1096.0,2427.0,1331.0,256.4,114.4,50.0,0.8333,19.8,Mauddud (MA),137779.0,1.0958,0.3993,17.01,24.5,1.1147,1.0959,181.9,1272.2,100.2,8.55,1172.0,1160.8,1160.8,-11.2,-0.96,0.96,UNDER_PREDICTION,True,True,True,True,True,True,True,True,1. QUALIFIED_5QC_CLEAN_ACTIVE,Pass: Active completion run meeting all 5 QC physical screening gates
GC-31,SA-0644H_T,2023-01-25 08:15,Novomet,406 Series (Novomet High Efficiency),NHV1200,D1150N,196,6670.0,783.8,783.8,1175.0,2518.0,1343.0,278.0,117.0,50.0,0.8333,20.3,Mauddud (MA),137779.0,1.0958,0.3998,17.14,24.68,1.1209,1.1004,197.3,1268.5,169.5,15.42,1099.0,1152.8,1152.8,53.8,4.9,4.9,OVER_PREDICTION,True,True,True,True,True,True,True,True,1. QUALIFIED_5QC_CLEAN_ACTIVE,Pass: Active completion run meeting all 5 QC physical screening gates
GC-31,SA-0644H_T,2023-05-28 08:30,Novomet,406 Series (Novomet High Efficiency),NHV1200,D1150N,196,6670.0,906.8,906.8,1150.0,2470.0,1320.0,271.0,117.0,50.0,0.8333,17.8,Mauddud (MA),137779.0,1.0958,0.3972,16.96,24.42,1.1189,1.1013,192.4,1273.9,139.9,12.34,1134.0,1156.7,1156.7,22.7,2.0,2.0,OVER_PREDICTION,True,True,True,True,True,True,True,True,1. QUALIFIED_5QC_CLEAN_ACTIVE,Pass: Active completion run meeting all 5 QC physical screening gates
GC-31,SA-0644H_T,2023-09-15 08:00,Novomet,406 Series (Novomet High Efficiency),NHV1200,D1150N,196,6670.0,1016.8,1016.8,922.0,2523.0,1601.0,239.0,118.0,50.0,0.8333,23.0,Mauddud (MA),137779.0,1.0958,0.4026,20.29,29.22,1.1015,1.0827,148.9,1165.1,78.1,7.18,1087.0,1076.1,1076.1,-10.9,-1.0,1.0,UNDER_PREDICTION,True,True,True,True,True,True,True,True,1. QUALIFIED_5QC_CLEAN_ACTIVE,Pass: Active completion run meeting all 5 QC physical screening gates
GC-31,SA-0644H_T,2023-12-16 08:45,Novomet,406 Series (Novomet High Efficiency),NHV1200,D1150N,196,6670.0,1108.8,1108.8,1024.0,2683.0,1659.0,240.0,118.0,52.0,0.8667,7.0,Mauddud (MA),137779.0,1.0958,0.3859,21.93,29.19,1.1091,1.1029,168.1,1212.6,128.6,11.86,1084.0,1099.5,1099.5,15.5,1.43,1.43,OVER_PREDICTION,True,True,True,True,True,True,True,True,1. QUALIFIED_5QC_CLEAN_ACTIVE,Pass: Active completion run meeting all 5 QC physical screening gates
GC-31,SA-0644H_T,2024-03-26 10:15,Novomet,406 Series (Novomet High Efficiency),NHV1200,D1150N,196,6670.0,1209.8,1209.8,1161.0,2639.0,1478.0,262.0,118.0,53.0,0.8833,37.4,Mauddud (MA),137779.0,1.0958,0.4176,18.06,23.15,1.1198,1.0824,194.5,1377.3,154.3,12.62,1223.0,1272.4,1272.4,49.4,4.04,4.04,OVER_PREDICTION,True,True,True,True,True,True,True,True,1. QUALIFIED_5QC_CLEAN_ACTIVE,Pass: Active completion run meeting all 5 QC physical screening gates
GC-31,SA-0644H_T,2024-09-08 08:00,Novomet,406 Series (Novomet High Efficiency),NHV1200,D1150N,196,6670.0,1375.8,1375.8,1110.0,2752.0,1642.0,263.0,133.0,52.0,0.8667,45.8,Mauddud (MA),137779.0,1.0958,0.4264,19.65,26.16,1.1158,1.0719,184.6,1286.6,248.6,23.95,1038.0,1200.3,1200.3,162.3,15.64,15.64,OVER_PREDICTION,True,True,True,True,True,True,True,True,1. QUALIFIED_5QC_CLEAN_ACTIVE,Pass: Active completion run meeting all 5 QC physical screening gates
GC-31,SA-0644H_T,2024-12-28 08:30,Novomet,406 Series (Novomet High Efficiency),NHV1200,D1150N,196,6670.0,1486.8,1486.8,1136.0,2953.0,1817.0,330.0,130.0,53.0,0.8833,48.2,Mauddud (MA),137779.0,1.0958,0.4289,21.62,27.71,1.1178,1.0707,189.7,1273.9,425.9,50.22,848.0,1189.8,1189.8,341.8,40.31,40.31,OVER_PREDICTION,True,True,True,True,True,True,True,True,1. QUALIFIED_5QC_CLEAN_ACTIVE,Pass: Active completion run meeting all 5 QC physical screening gates
GC-31,SA-0644H_T,2025-06-17 08:15,Novomet,406 Series (Novomet High Efficiency),NHV1200,D1150N,196,6670.0,1657.8,1657.8,,,,303.0,128.0,56.0,0.9333,67.5,Mauddud (MA),137779.0,1.0958,0.449,,,1.1477,1.0615,262.5,,,,895.0,,,,,,,False,False,False,True,True,False,True,False,7. FAILED_MISSING_TELEMETRY,"Failed Gate 1: Missing Telemetry (PIP=nan, PDP=nan)"
GC-31,SA-0644H_T,2025-09-26 21:15,Novomet,406 Series (Novomet High Efficiency),NHV1200,D1150N,196,6670.0,1759.3,1759.3,,,,251.0,120.0,49.0,0.8167,85.6,Mauddud (MA),137779.0,1.0958,0.4679,,,1.1477,1.0384,262.5,,,,768.0,,,,,,,False,False,False,True,True,False,True,False,7. FAILED_MISSING_TELEMETRY,"Failed Gate 1: Missing Telemetry (PIP=nan, PDP=nan)"
GC-31,SA-0644H_T,2026-01-04 20:00,Novomet,406 Series (Novomet High Efficiency),NHV1200,D1150N,196,6670.0,1859.2,1859.2,,,,262.0,128.0,54.0,0.9,61.7,Mauddud (MA),137779.0,1.0958,0.443,,,1.1477,1.0689,262.5,,,,917.0,,,,,,,False,False,False,True,True,False,True,False,7. FAILED_MISSING_TELEMETRY,"Failed Gate 1: Missing Telemetry (PIP=nan, PDP=nan)"
GC-31,SA-0644H_T,2026-04-26 09:45,Novomet,406 Series (Novomet High Efficiency),NHV1200,D1150N,196,6670.0,1970.8,1970.8,0.0,0.0,0.0,200.0,134.0,55.0,0.9167,62.8,Mauddud (MA),137779.0,1.0958,0.4441,,,1.1477,1.0675,262.5,,,,936.0,,,,,,,True,False,False,True,True,False,True,False,3. FAILED_ZERO_NEGATIVE_LIFT,"Failed Gate 2: Negative/Zero Lift (PDP=0.0 <= PIP=0.0, dP=0.0 psi)"
GC-31,SA-0683_T,2021-03-29 10:15,Halliburton / Summit ESP,400 Series (Summit SF),SF1750,SF1750,372,7050.0,0.0,-1857.3,1168.0,,,543.0,148.0,52.0,0.8667,57.7,Mauddud (MA),137779.0,1.0958,0.4388,,,1.1203,1.0624,195.9,,,,1493.0,,,,,,,False,False,False,True,True,False,False,False,7. FAILED_MISSING_TELEMETRY,"Failed Gate 1: Missing Telemetry (PIP=1168.0, PDP=nan)"
GC-31,SA-0683_T,2021-09-30 09:15,Halliburton / Summit ESP,400 Series (Summit SF),SF1750,SF1750,372,7050.0,0.0,-1672.4,943.0,3664.0,2721.0,589.0,153.0,53.0,0.8833,79.0,Mauddud (MA),137779.0,1.0958,0.461,15.87,20.34,1.103,1.0374,152.8,1527.1,216.1,16.48,1311.0,1472.0,1472.0,161.0,12.28,12.28,OVER_PREDICTION,True,True,True,True,True,True,False,False,2. QUALIFIED_5QC_HISTORICAL_RUN,Pass 5 QC Gates (Historical Completion Run: Days = -1672.4)
GC-31,SA-0683_T,2021-11-01 09:00,Halliburton / Summit ESP,400 Series (Summit SF),SF1750,SF1750,372,7050.0,0.0,-1640.4,958.0,3588.7,2630.7,536.2,150.1,52.0,0.8667,70.4,Mauddud (MA),137779.0,1.0958,0.452,15.64,20.82,1.1042,1.0449,155.6,1448.5,85.1,6.24,1363.4,1386.2,1386.2,22.8,1.67,1.67,OVER_PREDICTION,True,True,True,True,True,True,False,False,2. QUALIFIED_5QC_HISTORICAL_RUN,Pass 5 QC Gates (Historical Completion Run: Days = -1640.4)
GC-31,SA-0683_T,2022-03-04 09:30,Halliburton / Summit ESP,400 Series (Summit SF),SF1750,SF1750,372,7050.0,0.0,-1517.3,915.0,3574.7,2659.7,505.0,149.0,52.0,0.8667,67.7,Mauddud (MA),137779.0,1.0958,0.4492,15.92,21.19,1.101,1.0462,147.6,1407.3,107.3,8.25,1300.0,1345.2,1345.2,45.2,3.48,3.48,OVER_PREDICTION,True,True,True,True,True,True,False,False,2. QUALIFIED_5QC_HISTORICAL_RUN,Pass 5 QC Gates (Historical Completion Run: Days = -1517.3)
GC-31,SA-0683_T,2022-06-12 07:30,Halliburton / Summit ESP,400 Series (Summit SF),SF1750,SF1750,372,7050.0,0.0,-1417.4,868.0,3547.7,2679.7,537.0,147.0,52.0,0.8667,65.3,Mauddud (MA),137779.0,1.0958,0.4467,16.13,21.47,1.0975,1.0469,138.9,1374.3,196.3,16.66,1178.0,1312.7,1312.7,134.7,11.43,11.43,OVER_PREDICTION,True,True,True,True,True,True,False,False,2. QUALIFIED_5QC_HISTORICAL_RUN,Pass 5 QC Gates (Historical Completion Run: Days = -1417.4)
GC-31,SA-0683_T,2022-09-10 08:15,Halliburton / Summit ESP,400 Series (Summit SF),SF1750,SF1750,372,7050.0,0.0,-1327.4,855.0,3362.0,2507.0,415.0,147.0,52.0,0.8667,68.3,Mauddud (MA),137779.0,1.0958,0.4498,14.98,19.94,1.0966,1.0443,136.5,1537.9,459.9,42.66,1078.0,1472.7,1472.7,394.7,36.61,36.61,OVER_PREDICTION,True,True,True,True,True,True,False,False,2. QUALIFIED_5QC_HISTORICAL_RUN,Pass 5 QC Gates (Historical Completion Run: Days = -1327.4)
GC-31,SA-0683_T,2023-01-18 08:30,Halliburton / Summit ESP,400 Series (Summit SF),SF1750,SF1750,372,7050.0,0.0,-1197.4,1035.0,3666.7,2631.7,468.0,154.0,50.0,0.8333,92.3,Mauddud (MA),137779.0,1.0958,0.4748,14.9,21.46,1.11,1.0269,170.2,1322.6,-324.4,-19.7,1647.0,1287.9,1287.9,-359.1,-21.8,21.8,UNDER_PREDICTION,True,True,True,True,True,True,False,False,2. QUALIFIED_5QC_HISTORICAL_RUN,Pass 5 QC Gates (Historical Completion Run: Days = -1197.4)
GC-31,SA-0683_T,2023-10-04 08:15,Halliburton / Summit ESP,400 Series (Summit SF),SF1750,SF1750,372,7050.0,0.0,-938.4,1650.0,3687.0,2037.0,308.0,151.0,47.0,0.7833,100.0,Mauddud (MA),137779.0,1.0958,0.4829,11.34,18.48,1.1607,1.02,293.6,1503.9,61.9,4.29,1442.0,1474.4,1474.4,32.4,2.25,2.25,OVER_PREDICTION,True,True,True,True,False,False,False,False,6. FAILED_EXCESSIVE_WATER_CUT,Failed Gate 5: Excessive Water Cut (WC = 100.0% > 98.0% threshold)
GC-31,SA-0683_T,2023-12-24 09:00,Halliburton / Summit ESP,400 Series (Summit SF),SF1750,SF1750,372,7050.0,0.0,-857.4,1322.0,3620.0,2298.0,243.0,141.0,47.0,0.7833,100.0,Mauddud (MA),137779.0,1.0958,0.4829,12.79,20.85,1.1327,1.02,226.4,1306.2,3.2,0.25,1303.0,1280.6,1280.6,-22.4,-1.72,1.72,UNDER_PREDICTION,True,True,True,True,False,False,False,False,6. FAILED_EXCESSIVE_WATER_CUT,Failed Gate 5: Excessive Water Cut (WC = 100.0% > 98.0% threshold)
GC-31,SA-0683_T,2025-08-02 07:45,Halliburton / Summit ESP,400 Series (Summit SF),SF1750,SF1750,372,7050.0,0.0,-270.4,1510.0,2942.0,1432.0,232.0,138.0,50.0,0.8333,83.0,Mauddud (MA),137779.0,1.0958,0.4652,8.28,11.92,1.1485,1.0419,264.5,1883.3,366.3,24.15,1517.0,1807.6,1807.6,290.6,19.16,19.16,OVER_PREDICTION,True,True,True,True,True,True,False,False,2. QUALIFIED_5QC_HISTORICAL_RUN,Pass 5 QC Gates (Historical Completion Run: Days = -270.4)
GC-31,SA-0683_T,2025-11-05 20:15,Halliburton / Summit ESP,400 Series (Summit SF),SF1750,SF1750,372,7050.0,0.0,-174.9,1617.0,3303.0,1686.0,429.0,128.0,48.0,0.8,73.7,Mauddud (MA),137779.0,1.0958,0.4555,9.95,15.55,1.1578,1.0562,286.7,1715.2,442.2,34.74,1273.0,1623.9,1623.9,350.9,27.56,27.56,OVER_PREDICTION,True,True,True,True,True,True,False,False,2. QUALIFIED_5QC_HISTORICAL_RUN,Pass 5 QC Gates (Historical Completion Run: Days = -174.9)
GC-31,SA-0683_T,2026-05-02 00:30,Halliburton / Summit ESP,400 Series (Summit SF),SF1750,SF1750,372,7050.0,2.3,2.3,1614.0,2777.0,1163.0,71.0,128.0,50.0,0.8333,88.0,Mauddud (MA),137779.0,1.0958,0.4704,6.65,9.58,1.1576,1.0365,286.0,1883.3,5.3,0.28,1878.0,1817.0,1817.0,-61.0,-3.25,3.25,UNDER_PREDICTION,True,True,True,True,True,True,True,True,1. QUALIFIED_5QC_CLEAN_ACTIVE,Pass: Active completion run meeting all 5 QC physical screening gates
GC-31,SA-0683_T,2026-06-29 08:15,Halliburton / Summit ESP,400 Series (Summit SF),SF1750,SF1750,372,7050.0,60.6,60.6,1231.0,3207.0,1976.0,211.0,141.0,50.0,0.8333,80.0,Mauddud (MA),137779.0,1.0958,0.462,11.5,16.56,1.1253,1.0411,208.3,1729.1,221.1,14.66,1508.0,1660.9,1660.9,152.9,10.14,10.14,OVER_PREDICTION,True,True,True,True,True,True,True,True,1. QUALIFIED_5QC_CLEAN_ACTIVE,Pass: Active completion run meeting all 5 QC physical screening gates
GC-31,SA-0690ST1_T,2026-01-30 22:00,REDA (Schlumberger),538/540 Series (REDA S),S2000N,S2000N,104,5600.0,8.3,8.3,0.0,0.0,0.0,1163.0,105.0,50.0,0.8333,1.0,Lower Burgan (LB),213445.0,1.1483,0.3797,,,1.1477,1.1464,262.5,,,,1121.0,,,,,,,True,False,False,True,True,False,True,False,3. FAILED_ZERO_NEGATIVE_LIFT,"Failed Gate 2: Negative/Zero Lift (PDP=0.0 <= PIP=0.0, dP=0.0 psi)"
GC-31,SA-0690ST1_T,2026-02-14 17:45,REDA (Schlumberger),538/540 Series (REDA S),S2000N,S2000N,104,5600.0,23.1,23.1,2181.0,2720.0,539.0,475.0,130.0,44.0,0.7333,72.3,Lower Burgan (LB),213445.0,1.1483,0.454,11.42,21.24,1.1848,1.0657,350.0,2199.9,504.9,29.79,1695.0,2064.4,2064.4,369.4,21.79,21.79,OVER_PREDICTION,True,True,True,True,True,True,True,True,1. QUALIFIED_5QC_CLEAN_ACTIVE,Pass: Active completion run meeting all 5 QC physical screening gates
GC-31,SA-0690ST1_T,2026-06-07 10:15,REDA (Schlumberger),538/540 Series (REDA S),S2000N,S2000N,104,5600.0,135.8,135.8,2132.0,2747.0,615.0,363.0,130.0,44.0,0.7333,86.5,Lower Burgan (LB),213445.0,1.1483,0.4688,12.61,23.45,1.1848,1.0422,350.0,2176.0,654.0,42.97,1522.0,2087.8,2087.8,565.8,37.17,37.17,OVER_PREDICTION,True,True,True,True,True,True,True,True,1. QUALIFIED_5QC_CLEAN_ACTIVE,Pass: Active completion run meeting all 5 QC physical screening gates
GC-31,SA-0694_T,2021-01-15 17:45,REDA (Schlumberger),538/540 Series (REDA S),S4000N,S4000N,80,7800.0,0.0,-1798.1,,,,414.0,136.0,50.0,0.8333,76.0,Lower Burgan (LB),213445.0,1.1483,0.4579,,,1.1477,1.0506,262.5,,,,5150.0,,,,,,,False,False,False,True,True,False,False,False,7. FAILED_MISSING_TELEMETRY,"Failed Gate 1: Missing Telemetry (PIP=nan, PDP=nan)"
GC-31,SA-0694_T,2021-01-23 23:15,REDA (Schlumberger),538/540 Series (REDA S),S4000N,S4000N,80,7800.0,0.0,-1789.8,2977.0,,,113.0,126.0,50.0,0.8333,98.6,Lower Burgan (LB),213445.0,1.1483,0.4814,,,1.1848,1.0223,350.0,,,,4600.0,,,,,,,False,False,False,True,False,False,False,False,7. FAILED_MISSING_TELEMETRY,"Failed Gate 1: Missing Telemetry (PIP=2977.0, PDP=nan)"
GC-31,SA-0694_T,2021-02-11 08:45,REDA (Schlumberger),538/540 Series (REDA S),S4000N,S4000N,80,7800.0,0.0,-1771.4,2837.0,,,273.0,161.0,50.0,0.8333,86.0,Lower Burgan (LB),213445.0,1.1483,0.4683,,,1.1848,1.0431,350.0,,,,4810.0,,,,,,,False,False,False,True,True,False,False,False,7. FAILED_MISSING_TELEMETRY,"Failed Gate 1: Missing Telemetry (PIP=2837.0, PDP=nan)"
GC-31,SA-0694_T,2021-08-28 08:00,REDA (Schlumberger),538/540 Series (REDA S),S4000N,S4000N,80,7800.0,0.0,-1573.5,2928.0,3810.0,882.0,231.0,171.0,50.0,0.8333,92.2,Lower Burgan (LB),213445.0,1.1483,0.4747,23.22,33.44,1.1848,1.0329,350.0,4508.3,-50.7,-1.11,4559.0,4364.9,4364.9,-194.1,-4.26,4.26,UNDER_PREDICTION,True,True,True,True,True,True,False,False,2. QUALIFIED_5QC_HISTORICAL_RUN,Pass 5 QC Gates (Historical Completion Run: Days = -1573.5)
GC-31,SA-0694_T,2022-05-16 10:45,REDA (Schlumberger),538/540 Series (REDA S),S4000N,S4000N,80,7800.0,0.0,-1312.3,2946.0,4045.0,1099.0,264.0,164.0,50.0,0.8333,94.8,Lower Burgan (LB),213445.0,1.1483,0.4775,28.77,41.43,1.1848,1.0286,350.0,3921.5,-426.6,-9.81,4348.1,3812.6,3812.6,-535.5,-12.32,12.32,UNDER_PREDICTION,True,True,True,True,True,True,False,False,2. QUALIFIED_5QC_HISTORICAL_RUN,Pass 5 QC Gates (Historical Completion Run: Days = -1312.3)
GC-31,SA-0694_T,2022-09-04 07:45,REDA (Schlumberger),538/540 Series (REDA S),S4000N,S4000N,80,7800.0,0.0,-1201.5,2985.0,4059.0,1074.0,232.0,171.0,50.0,0.8333,93.9,Lower Burgan (LB),213445.0,1.1483,0.4765,28.17,40.57,1.1848,1.0301,350.0,3991.0,-526.0,-11.64,4517.0,3874.6,3874.6,-642.4,-14.22,14.22,UNDER_PREDICTION,True,True,True,True,True,True,False,False,2. QUALIFIED_5QC_HISTORICAL_RUN,Pass 5 QC Gates (Historical Completion Run: Days = -1201.5)
GC-31,SA-0694_T,2023-02-25 07:45,REDA (Schlumberger),538/540 Series (REDA S),S4000N,S4000N,80,7800.0,0.0,-1027.5,3115.0,185.0,-2930.0,390.0,158.0,60.0,1.0,92.3,Lower Burgan (LB),213445.0,1.1483,0.4748,,,1.1848,1.0327,350.0,,,,4374.0,,,,,,,True,False,False,True,True,False,False,False,3. FAILED_ZERO_NEGATIVE_LIFT,"Failed Gate 2: Negative/Zero Lift (PDP=185.0 <= PIP=3115.0, dP=-2930.0 psi)"
GC-31,SA-0694_T,2023-07-11 06:00,REDA (Schlumberger),538/540 Series (REDA S),S4000N,S4000N,80,7800.0,0.0,-891.5,3171.0,4308.0,1137.0,502.0,168.0,50.0,0.8333,90.8,Lower Burgan (LB),213445.0,1.1483,0.4733,30.03,43.25,1.1848,1.0352,350.0,3768.1,-613.9,-14.01,4382.0,3640.1,3640.1,-741.9,-16.93,16.93,UNDER_PREDICTION,True,True,True,True,True,True,False,False,2. QUALIFIED_5QC_HISTORICAL_RUN,Pass 5 QC Gates (Historical Completion Run: Days = -891.5)
GC-31,SA-0694_T,2023-10-26 12:00,REDA (Schlumberger),538/540 Series (REDA S),S4000N,S4000N,80,7800.0,0.0,-784.3,3125.0,184.0,-2941.0,478.0,168.0,60.0,1.0,92.3,Lower Burgan (LB),213445.0,1.1483,0.4748,,,1.1848,1.0327,350.0,,,,4697.0,,,,,,,True,False,False,True,True,False,False,False,3. FAILED_ZERO_NEGATIVE_LIFT,"Failed Gate 2: Negative/Zero Lift (PDP=184.0 <= PIP=3125.0, dP=-2941.0 psi)"
GC-31,SA-0694_T,2024-01-29 08:30,REDA (Schlumberger),538/540 Series (REDA S),S4000N,S4000N,80,7800.0,0.0,-689.4,3236.0,4324.0,1088.0,506.0,174.0,50.0,0.8333,91.7,Lower Burgan (LB),213445.0,1.1483,0.4742,28.68,41.3,1.1848,1.0337,350.0,3932.3,-463.7,-10.55,4396.0,3804.2,3804.2,-591.8,-13.46,13.46,UNDER_PREDICTION,True,True,True,True,True,True,False,False,2. QUALIFIED_5QC_HISTORICAL_RUN,Pass 5 QC Gates (Historical Completion Run: Days = -689.4)
GC-31,SA-0694_T,2024-05-20 08:30,REDA (Schlumberger),538/540 Series (REDA S),S4000N,S4000N,80,7800.0,0.0,-577.4,3238.0,4313.0,1075.0,493.0,182.0,50.0,0.8333,94.8,Lower Burgan (LB),213445.0,1.1483,0.4775,28.14,40.52,1.1848,1.0286,350.0,3995.0,-125.0,-3.03,4120.0,3884.0,3884.0,-236.0,-5.73,5.73,UNDER_PREDICTION,True,True,True,True,True,True,False,False,2. QUALIFIED_5QC_HISTORICAL_RUN,Pass 5 QC Gates (Historical Completion Run: Days = -577.4)
GC-31,SA-0694_T,2025-02-23 09:00,REDA (Schlumberger),538/540 Series (REDA S),S4000N,S4000N,80,7800.0,0.0,-298.4,3257.0,4341.0,1084.0,492.0,166.0,50.0,0.8333,94.2,Lower Burgan (LB),213445.0,1.1483,0.4768,28.42,40.93,1.1848,1.0296,350.0,3962.2,-421.8,-9.62,4384.0,3848.4,3848.4,-535.6,-12.22,12.22,UNDER_PREDICTION,True,True,True,True,True,True,False,False,2. QUALIFIED_5QC_HISTORICAL_RUN,Pass 5 QC Gates (Historical Completion Run: Days = -298.4)
GC-31,SA-0694_T,2025-05-24 07:45,REDA (Schlumberger),538/540 Series (REDA S),S4000N,S4000N,80,7800.0,0.0,-208.5,3266.0,4380.0,1114.0,547.0,170.0,50.0,0.8333,92.0,Lower Burgan (LB),213445.0,1.1483,0.4745,29.34,42.25,1.1848,1.0332,350.0,3853.2,-274.8,-6.66,4128.0,3729.4,3729.4,-398.6,-9.66,9.66,UNDER_PREDICTION,True,True,True,True,True,True,False,False,2. QUALIFIED_5QC_HISTORICAL_RUN,Pass 5 QC Gates (Historical Completion Run: Days = -208.5)
GC-31,SA-0694_T,2026-01-15 08:45,REDA (Schlumberger),538/540 Series (REDA S),S4000N,S4000N,80,7800.0,27.6,27.6,2761.0,4021.0,1260.0,402.0,158.0,45.0,0.75,94.3,Lower Burgan (LB),213445.0,1.1483,0.4769,33.02,58.7,1.1848,1.0294,350.0,1886.7,-1061.3,-36.0,2948.0,1832.8,1832.8,-1115.2,-37.83,37.83,UNDER_PREDICTION,True,True,True,True,True,True,True,True,1. QUALIFIED_5QC_CLEAN_ACTIVE,Pass: Active completion run meeting all 5 QC physical screening gates
GC-31,SA-0694_T,2026-04-09 08:45,REDA (Schlumberger),538/540 Series (REDA S),S4000N,S4000N,80,7800.0,111.6,111.6,2865.0,4006.0,1141.0,375.0,165.0,45.0,0.75,94.2,Lower Burgan (LB),213445.0,1.1483,0.4768,29.91,53.17,1.1848,1.0296,350.0,2498.7,-668.3,-21.1,3167.0,2427.0,2427.0,-740.0,-23.37,23.37,UNDER_PREDICTION,True,True,True,True,True,True,True,True,1. QUALIFIED_5QC_CLEAN_ACTIVE,Pass: Active completion run meeting all 5 QC physical screening gates
GC-31,SA-0741_T,2021-08-07 17:15,Halliburton / Summit ESP,400 Series (Summit SF),SF1750,SF1750,373,7630.0,0.0,-1494.9,,,,193.0,119.0,50.0,0.8333,90.0,Upper Burgan (UB),199739.0,1.1388,0.4725,,,1.1477,1.0328,262.5,,,,1251.0,,,,,,,False,False,False,True,True,False,False,False,7. FAILED_MISSING_TELEMETRY,"Failed Gate 1: Missing Telemetry (PIP=nan, PDP=nan)"
GC-31,SA-0741_T,2021-08-15 20:00,Halliburton / Summit ESP,400 Series (Summit SF),SF1750,SF1750,373,7630.0,0.0,-1486.8,,,,326.0,135.0,50.0,0.8333,96.0,Upper Burgan (UB),199739.0,1.1388,0.4787,,,1.1477,1.0251,262.5,,,,2638.5,,,,,,,False,False,False,True,True,False,False,False,7. FAILED_MISSING_TELEMETRY,"Failed Gate 1: Missing Telemetry (PIP=nan, PDP=nan)"
GC-31,SA-0741_T,2021-08-30 09:00,Halliburton / Summit ESP,400 Series (Summit SF),SF1750,SF1750,373,7630.0,0.0,-1472.2,2234.0,,,167.0,159.0,50.0,0.8333,96.4,Upper Burgan (UB),199739.0,1.1388,0.4791,,,1.1848,1.0259,350.0,,,,2397.0,,,,,,,False,False,False,True,True,False,False,False,7. FAILED_MISSING_TELEMETRY,"Failed Gate 1: Missing Telemetry (PIP=2234.0, PDP=nan)"
GC-31,SA-0741_T,2022-08-14 12:30,Halliburton / Summit ESP,400 Series (Summit SF),SF1750,SF1750,373,7630.0,0.0,-1123.1,1348.0,2887.7,1539.7,137.0,128.0,50.0,0.8333,35.7,Upper Burgan (UB),199739.0,1.1388,0.4159,9.93,14.3,1.1349,1.0939,231.6,1850.9,501.9,37.21,1349.0,1692.1,1692.1,343.1,25.43,25.43,OVER_PREDICTION,True,True,True,True,True,True,False,False,2. QUALIFIED_5QC_HISTORICAL_RUN,Pass 5 QC Gates (Historical Completion Run: Days = -1123.1)
GC-31,SA-0741_T,2022-09-13 08:15,Halliburton / Summit ESP,400 Series (Summit SF),SF1750,SF1750,373,7630.0,0.0,-1093.3,1260.0,3851.0,2591.0,168.0,133.0,55.0,0.9167,90.6,Upper Burgan (UB),199739.0,1.1388,0.4731,14.68,17.47,1.1277,1.0301,214.0,1838.7,546.7,42.31,1292.0,1784.9,1784.9,492.9,38.15,38.15,OVER_PREDICTION,True,True,True,True,True,True,False,False,2. QUALIFIED_5QC_HISTORICAL_RUN,Pass 5 QC Gates (Historical Completion Run: Days = -1093.3)
GC-31,SA-0741_T,2022-10-03 12:00,Halliburton / Summit ESP,400 Series (Summit SF),SF1750,SF1750,373,7630.0,0.0,-1073.1,1253.0,3407.0,2154.0,343.0,122.0,60.0,1.0,88.4,Upper Burgan (UB),199739.0,1.1388,0.4708,12.27,12.27,1.1271,1.0324,212.6,2260.0,432.0,23.63,1828.0,2189.0,2189.0,361.0,19.75,19.75,OVER_PREDICTION,True,True,True,True,True,True,False,False,2. QUALIFIED_5QC_HISTORICAL_RUN,Pass 5 QC Gates (Historical Completion Run: Days = -1073.1)
GC-31,SA-0741_T,2023-01-29 08:00,Halliburton / Summit ESP,400 Series (Summit SF),SF1750,SF1750,373,7630.0,0.0,-955.3,1175.0,3648.7,2473.7,275.0,121.0,57.0,0.95,70.1,Upper Burgan (UB),199739.0,1.1388,0.4517,14.68,16.27,1.1209,1.0502,197.3,1990.6,1197.6,151.02,793.0,1895.5,1895.5,1102.5,139.03,139.03,OVER_PREDICTION,True,True,True,True,True,True,False,False,2. QUALIFIED_5QC_HISTORICAL_RUN,Pass 5 QC Gates (Historical Completion Run: Days = -955.3)
GC-31,SA-0741_T,2023-05-08 08:30,Halliburton / Summit ESP,400 Series (Summit SF),SF1750,SF1750,373,7630.0,0.0,-856.3,1208.0,3507.7,2299.7,177.0,127.0,55.0,0.9167,73.7,Upper Burgan (UB),199739.0,1.1388,0.4555,13.54,16.11,1.1235,1.0472,203.7,1931.0,1087.0,128.79,844.0,1843.9,1843.9,999.9,118.47,118.47,OVER_PREDICTION,True,True,True,True,True,True,False,False,2. QUALIFIED_5QC_HISTORICAL_RUN,Pass 5 QC Gates (Historical Completion Run: Days = -856.3)
GC-31,SA-0741_T,2023-08-13 08:45,Halliburton / Summit ESP,400 Series (Summit SF),SF1750,SF1750,373,7630.0,0.0,-759.3,1107.0,3966.0,2859.0,119.0,142.0,58.0,0.9667,89.8,Upper Burgan (UB),199739.0,1.1388,0.4722,16.23,17.37,1.1155,1.0297,184.0,1946.8,1417.8,268.02,529.0,1890.6,1890.6,1361.6,257.39,257.39,OVER_PREDICTION,True,True,True,True,True,True,False,False,2. QUALIFIED_5QC_HISTORICAL_RUN,Pass 5 QC Gates (Historical Completion Run: Days = -759.3)
GC-31,SA-0741_T,2024-05-03 08:30,Halliburton / Summit ESP,400 Series (Summit SF),SF1750,SF1750,373,7630.0,0.0,-495.3,1274.0,3520.0,2246.0,260.0,134.0,50.0,0.8333,87.5,Upper Burgan (UB),199739.0,1.1388,0.4698,12.82,18.46,1.1288,1.0336,216.8,1601.5,117.5,7.92,1484.0,1549.4,1549.4,65.4,4.41,4.41,OVER_PREDICTION,True,True,True,True,True,True,False,False,2. QUALIFIED_5QC_HISTORICAL_RUN,Pass 5 QC Gates (Historical Completion Run: Days = -495.3)
GC-31,SA-0741_T,2024-07-18 11:00,Halliburton / Summit ESP,400 Series (Summit SF),SF1750,SF1750,373,7630.0,0.0,-419.2,1482.0,3830.0,2348.0,231.0,128.0,50.0,0.8333,88.4,Upper Burgan (UB),199739.0,1.1388,0.4708,13.37,19.25,1.1461,1.0346,258.8,1539.1,181.1,13.34,1358.0,1487.6,1487.6,129.6,9.54,9.54,OVER_PREDICTION,True,True,True,True,True,True,False,False,2. QUALIFIED_5QC_HISTORICAL_RUN,Pass 5 QC Gates (Historical Completion Run: Days = -419.2)
GC-31,SA-0741_T,2024-11-13 14:00,Halliburton / Summit ESP,400 Series (Summit SF),SF1750,SF1750,373,7630.0,0.0,-301.0,1125.0,3002.0,1877.0,254.0,138.0,50.0,0.8333,55.2,Upper Burgan (UB),199739.0,1.1388,0.4362,11.54,16.62,1.1169,1.0634,187.5,1725.5,564.5,48.62,1161.0,1622.6,1622.6,461.6,39.76,39.76,OVER_PREDICTION,True,True,True,True,True,True,False,False,2. QUALIFIED_5QC_HISTORICAL_RUN,Pass 5 QC Gates (Historical Completion Run: Days = -301.0)
GC-31,SA-0741_T,2025-02-23 18:15,Halliburton / Summit ESP,400 Series (Summit SF),SF1750,SF1750,373,7630.0,0.0,-198.9,1279.0,3259.0,1980.0,274.0,122.5,50.0,0.8333,52.3,Upper Burgan (UB),199739.0,1.1388,0.4332,12.25,17.64,1.1292,1.0721,217.8,1659.7,1021.2,159.94,638.5,1548.1,1548.1,909.6,142.46,142.46,OVER_PREDICTION,True,True,True,True,True,True,False,False,2. QUALIFIED_5QC_HISTORICAL_RUN,Pass 5 QC Gates (Historical Completion Run: Days = -198.9)
GC-31,SA-0741_T,2025-06-03 08:00,Halliburton / Summit ESP,400 Series (Summit SF),SF1750,SF1750,373,7630.0,0.0,-99.3,1190.0,3048.0,1858.0,271.0,128.0,54.0,0.9,47.6,Upper Burgan (UB),199739.0,1.1388,0.4283,11.63,14.36,1.1221,1.0735,200.2,1995.9,1258.9,170.81,737.0,1859.3,1859.3,1122.3,152.28,152.28,OVER_PREDICTION,True,True,True,True,True,True,False,False,2. QUALIFIED_5QC_HISTORICAL_RUN,Pass 5 QC Gates (Historical Completion Run: Days = -99.3)
GC-31,SA-0741_T,2025-09-24 18:30,Halliburton / Summit ESP,400 Series (Summit SF),SF1750,SF1750,373,7630.0,14.1,14.1,703.0,3384.0,2681.0,230.0,133.0,55.0,0.9167,63.1,Upper Burgan (UB),199739.0,1.1388,0.4444,16.17,19.24,1.0859,1.0443,109.1,1694.1,524.1,44.79,1170.0,1622.2,1622.2,452.2,38.65,38.65,OVER_PREDICTION,True,True,True,True,True,True,True,True,1. QUALIFIED_5QC_CLEAN_ACTIVE,Pass: Active completion run meeting all 5 QC physical screening gates
GC-31,SA-0741_T,2026-01-25 18:45,Halliburton / Summit ESP,400 Series (Summit SF),SF1750,SF1750,373,7630.0,137.2,137.2,742.0,3494.0,2752.0,257.0,137.0,55.0,0.9167,66.2,Upper Burgan (UB),199739.0,1.1388,0.4476,16.48,19.61,1.0886,1.0432,116.0,1659.2,667.2,67.26,992.0,1590.5,1590.5,598.5,60.33,60.33,OVER_PREDICTION,True,True,True,True,True,True,True,True,1. QUALIFIED_5QC_CLEAN_ACTIVE,Pass: Active completion run meeting all 5 QC physical screening gates
GC-31,SA-0741_T,2026-05-04 08:00,Halliburton / Summit ESP,400 Series (Summit SF),SF1750,SF1750,373,7630.0,235.7,235.7,713.0,3395.0,2682.0,218.0,135.0,55.0,0.9167,66.0,Upper Burgan (UB),199739.0,1.1388,0.4474,16.07,19.12,1.0866,1.0426,110.9,1705.1,706.1,70.68,999.0,1635.4,1635.4,636.4,63.7,63.7,OVER_PREDICTION,True,True,True,True,True,True,True,True,1. QUALIFIED_5QC_CLEAN_ACTIVE,Pass: Active completion run meeting all 5 QC physical screening gates
GC-31,SA-0745H_T,2021-04-10 08:15,Halliburton / Summit ESP,400 Series (Summit SF),SF900,SF900,369,7300.0,0.0,-1783.0,978.0,,,121.2,141.4,48.0,0.8,50.1,Upper Burgan (UB),199739.0,1.1388,0.4309,,,1.1057,1.0627,159.4,,,,1013.1,,,,,,,False,False,False,True,True,False,False,False,7. FAILED_MISSING_TELEMETRY,"Failed Gate 1: Missing Telemetry (PIP=978.0, PDP=nan)"
GC-31,SA-0745H_T,2021-10-20 08:00,Halliburton / Summit ESP,400 Series (Summit SF),SF900,SF900,369,7300.0,0.0,-1590.0,929.0,,,111.0,149.0,50.0,0.8333,56.0,Upper Burgan (UB),199739.0,1.1388,0.437,,,1.102,1.0561,150.2,,,,1054.0,,,,,,,False,False,False,True,True,False,False,False,7. FAILED_MISSING_TELEMETRY,"Failed Gate 1: Missing Telemetry (PIP=929.0, PDP=nan)"
GC-31,SA-0745H_T,2022-01-15 10:30,Halliburton / Summit ESP,400 Series (Summit SF),SF900,SF900,369,7300.0,0.0,-1502.9,1035.0,,,236.0,148.0,50.0,0.8333,67.0,Upper Burgan (UB),199739.0,1.1388,0.4485,,,1.11,1.0497,170.2,,,,1074.0,,,,,,,False,False,False,True,True,False,False,False,7. FAILED_MISSING_TELEMETRY,"Failed Gate 1: Missing Telemetry (PIP=1035.0, PDP=nan)"
GC-31,SA-0745H_T,2022-05-27 10:00,Halliburton / Summit ESP,400 Series (Summit SF),SF900,SF900,369,7300.0,0.0,-1371.0,1005.0,3322.0,2317.0,153.0,143.0,50.0,0.8333,81.0,Upper Burgan (UB),199739.0,1.1388,0.4631,13.56,19.53,1.1077,1.0367,164.5,1100.0,-28.0,-2.48,1128.0,1061.1,1061.1,-66.9,-5.93,5.93,UNDER_PREDICTION,True,True,True,True,True,True,False,False,2. QUALIFIED_5QC_HISTORICAL_RUN,Pass 5 QC Gates (Historical Completion Run: Days = -1371.0)
GC-31,SA-0745H_T,2022-10-13 08:15,Halliburton / Summit ESP,400 Series (Summit SF),SF900,SF900,369,7300.0,0.0,-1232.0,1135.0,3419.0,2284.0,194.0,158.0,50.0,0.8333,78.8,Upper Burgan (UB),199739.0,1.1388,0.4608,13.43,19.34,1.1177,1.0407,189.5,1100.0,-153.0,-12.21,1253.0,1057.0,1057.0,-196.0,-15.64,15.64,UNDER_PREDICTION,True,True,True,True,True,True,False,False,2. QUALIFIED_5QC_HISTORICAL_RUN,Pass 5 QC Gates (Historical Completion Run: Days = -1232.0)
GC-31,SA-0745H_T,2022-12-08 18:15,Halliburton / Summit ESP,400 Series (Summit SF),SF900,SF900,369,7300.0,0.0,-1175.6,1485.0,3280.0,1795.0,110.0,128.0,48.0,0.8,89.0,Upper Burgan (UB),199739.0,1.1388,0.4714,10.32,16.12,1.1464,1.0339,259.4,1056.0,320.0,43.48,736.0,1021.4,1021.4,285.4,38.78,38.78,OVER_PREDICTION,True,True,True,True,True,True,False,False,2. QUALIFIED_5QC_HISTORICAL_RUN,Pass 5 QC Gates (Historical Completion Run: Days = -1175.6)
GC-31,SA-0745H_T,2023-05-09 08:15,Halliburton / Summit ESP,400 Series (Summit SF),SF900,SF900,369,7300.0,0.0,-1024.0,1223.0,3436.0,2213.0,198.0,141.0,47.0,0.7833,79.2,Upper Burgan (UB),199739.0,1.1388,0.4612,13.0,21.19,1.1247,1.0418,206.7,1034.0,-135.0,-11.55,1169.0,992.5,992.5,-176.5,-15.1,15.1,UNDER_PREDICTION,True,True,True,True,True,True,False,False,2. QUALIFIED_5QC_HISTORICAL_RUN,Pass 5 QC Gates (Historical Completion Run: Days = -1024.0)
GC-31,SA-0745H_T,2023-08-30 10:30,Halliburton / Summit ESP,400 Series (Summit SF),SF900,SF900,369,7300.0,0.0,-910.9,1638.0,3342.0,1704.0,193.0,148.0,45.0,0.75,71.6,Upper Burgan (UB),199739.0,1.1388,0.4533,10.19,18.12,1.1597,1.0597,291.1,990.0,-67.0,-6.34,1057.0,934.3,934.3,-122.7,-11.61,11.61,UNDER_PREDICTION,True,True,True,True,True,True,False,False,2. QUALIFIED_5QC_HISTORICAL_RUN,Pass 5 QC Gates (Historical Completion Run: Days = -910.9)
GC-31,SA-0745H_T,2024-02-10 08:15,Halliburton / Summit ESP,400 Series (Summit SF),SF900,SF900,369,7300.0,0.0,-747.0,1857.0,3506.0,1649.0,286.0,154.0,45.0,0.75,79.0,Upper Burgan (UB),199739.0,1.1388,0.461,9.69,17.23,1.1794,1.0535,337.4,990.0,-148.0,-13.01,1138.0,939.7,939.7,-198.3,-17.43,17.43,UNDER_PREDICTION,True,True,True,True,True,True,False,False,2. QUALIFIED_5QC_HISTORICAL_RUN,Pass 5 QC Gates (Historical Completion Run: Days = -747.0)
GC-31,SA-0745H_T,2024-06-28 11:45,Halliburton / Summit ESP,400 Series (Summit SF),SF900,SF900,369,7300.0,0.0,-607.9,1575.0,3565.0,1990.0,241.0,148.0,45.0,0.75,93.0,Upper Burgan (UB),199739.0,1.1388,0.4756,11.34,20.16,1.1542,1.0294,277.9,990.0,-32.0,-3.13,1022.0,961.7,961.7,-60.3,-5.9,5.9,UNDER_PREDICTION,True,True,True,True,True,True,False,False,2. QUALIFIED_5QC_HISTORICAL_RUN,Pass 5 QC Gates (Historical Completion Run: Days = -607.9)
GC-31,SA-0745H_T,2025-06-29 09:45,Halliburton / Summit ESP,400 Series (Summit SF),SF900,SF900,369,7300.0,0.0,-242.0,836.0,3649.0,2813.0,264.0,148.0,50.0,0.8333,94.1,Upper Burgan (UB),199739.0,1.1388,0.4767,15.99,23.03,1.0952,1.0244,133.0,1100.0,374.0,51.52,726.0,1073.8,1073.8,347.8,47.91,47.91,OVER_PREDICTION,True,True,True,True,True,True,False,False,2. QUALIFIED_5QC_HISTORICAL_RUN,Pass 5 QC Gates (Historical Completion Run: Days = -242.0)
GC-31,SA-0745H_T,2026-03-13 07:30,Halliburton / Summit ESP,400 Series (Summit SF),SF900,SF900,369,7300.0,14.9,14.9,964.0,3681.0,2717.0,229.0,117.0,50.0,0.8333,90.2,Upper Burgan (UB),199739.0,1.1388,0.4727,15.58,22.44,1.1046,1.0283,156.8,1100.0,731.0,198.1,369.0,1069.7,1069.7,700.7,189.89,189.89,OVER_PREDICTION,True,True,True,True,True,True,True,True,1. QUALIFIED_5QC_CLEAN_ACTIVE,Pass: Active completion run meeting all 5 QC physical screening gates
GC-31,SA-0745H_T,2026-07-04 08:00,Halliburton / Summit ESP,400 Series (Summit SF),SF900,SF900,369,7300.0,128.0,128.0,1311.0,3557.0,2246.0,196.0,127.0,55.0,0.9167,85.4,Upper Burgan (UB),199739.0,1.1388,0.4677,13.02,15.49,1.1318,1.0363,224.2,1210.0,759.0,168.29,451.0,1167.6,1167.6,716.6,158.89,158.89,OVER_PREDICTION,True,True,True,True,True,True,True,True,1. QUALIFIED_5QC_CLEAN_ACTIVE,Pass: Active completion run meeting all 5 QC physical screening gates
GC-31,SA-0752H_T,2021-01-31 08:00,REDA (Schlumberger),538/540 Series (REDA S),S2000N,S2000N,142,6550.0,0.0,-1774.9,1441.0,,,249.0,139.0,50.0,0.8333,64.0,Mauddud (MA),137779.0,1.0958,0.4454,,,1.1427,1.0642,250.4,,,,1613.0,,,,,,,False,False,False,True,True,False,False,False,7. FAILED_MISSING_TELEMETRY,"Failed Gate 1: Missing Telemetry (PIP=1441.0, PDP=nan)"
GC-31,SA-0752H_T,2021-06-07 06:30,REDA (Schlumberger),538/540 Series (REDA S),S2000N,S2000N,142,6550.0,0.0,-1647.9,1403.0,,,187.0,142.0,50.0,0.8333,70.0,Mauddud (MA),137779.0,1.0958,0.4516,,,1.1395,1.0558,242.7,,,,1654.0,,,,,,,False,False,False,True,True,False,False,False,7. FAILED_MISSING_TELEMETRY,"Failed Gate 1: Missing Telemetry (PIP=1403.0, PDP=nan)"
GC-31,SA-0752H_T,2022-02-01 07:45,REDA (Schlumberger),538/540 Series (REDA S),S2000N,S2000N,142,6550.0,0.0,-1408.9,1240.0,,,194.0,143.0,50.0,0.8333,76.9,Mauddud (MA),137779.0,1.0958,0.4588,,,1.1261,1.0445,210.1,,,,2280.0,,,,,,,False,False,False,True,True,False,False,False,7. FAILED_MISSING_TELEMETRY,"Failed Gate 1: Missing Telemetry (PIP=1240.0, PDP=nan)"
GC-31,SA-0752H_T,2022-05-13 08:45,REDA (Schlumberger),538/540 Series (REDA S),S2000N,S2000N,142,6550.0,0.0,-1307.8,1202.0,3035.0,1833.0,179.0,147.0,50.0,0.8333,78.7,Mauddud (MA),137779.0,1.0958,0.4607,28.02,40.35,1.123,1.0419,202.6,2133.0,-171.0,-7.42,2304.0,2047.1,2047.1,-256.9,-11.15,11.15,UNDER_PREDICTION,True,True,True,True,True,True,False,False,2. QUALIFIED_5QC_HISTORICAL_RUN,Pass 5 QC Gates (Historical Completion Run: Days = -1307.8)
GC-31,SA-0752H_T,2022-08-30 08:00,REDA (Schlumberger),538/540 Series (REDA S),S2000N,S2000N,142,6550.0,0.0,-1198.9,1211.0,3062.0,1851.0,180.0,147.0,50.0,0.8333,82.7,Mauddud (MA),137779.0,1.0958,0.4648,28.04,40.38,1.1237,1.0379,204.3,2132.3,-194.7,-8.37,2327.0,2054.3,2054.3,-272.7,-11.72,11.72,UNDER_PREDICTION,True,True,True,True,True,True,False,False,2. QUALIFIED_5QC_HISTORICAL_RUN,Pass 5 QC Gates (Historical Completion Run: Days = -1198.9)
GC-31,SA-0752H_T,2023-05-18 08:30,REDA (Schlumberger),538/540 Series (REDA S),S2000N,S2000N,142,6550.0,0.0,-937.8,1383.0,3291.0,1908.0,296.0,147.0,50.0,0.8333,91.8,Mauddud (MA),137779.0,1.0958,0.4743,28.33,40.8,1.1378,1.0297,238.6,2121.9,-122.1,-5.44,2244.0,2060.8,2060.8,-183.2,-8.16,8.16,UNDER_PREDICTION,True,True,True,True,True,True,False,False,2. QUALIFIED_5QC_HISTORICAL_RUN,Pass 5 QC Gates (Historical Completion Run: Days = -937.8)
GC-31,SA-0752H_T,2023-10-20 09:30,REDA (Schlumberger),538/540 Series (REDA S),S2000N,S2000N,142,6550.0,0.0,-782.8,,3250.0,,267.0,150.0,50.0,0.8333,84.2,Mauddud (MA),137779.0,1.0958,0.4664,,,1.1477,1.0402,262.5,,,,1716.0,,,,,,,False,False,False,True,True,False,False,False,7. FAILED_MISSING_TELEMETRY,"Failed Gate 1: Missing Telemetry (PIP=nan, PDP=3250.0)"
GC-31,SA-0752H_T,2024-01-30 09:15,REDA (Schlumberger),538/540 Series (REDA S),S2000N,S2000N,142,6550.0,0.0,-680.8,1449.0,3316.0,1867.0,353.0,149.0,50.0,0.8333,87.7,Mauddud (MA),137779.0,1.0958,0.4701,27.97,40.28,1.1433,1.0352,252.0,2134.7,177.7,9.08,1957.0,2062.2,2062.2,105.2,5.38,5.38,OVER_PREDICTION,True,True,True,True,True,True,False,False,2. QUALIFIED_5QC_HISTORICAL_RUN,Pass 5 QC Gates (Historical Completion Run: Days = -680.8)
GC-31,SA-0752H_T,2024-06-27 08:30,REDA (Schlumberger),538/540 Series (REDA S),S2000N,S2000N,142,6550.0,0.0,-531.8,1482.0,3276.0,1794.0,311.0,154.0,50.0,0.8333,88.0,Mauddud (MA),137779.0,1.0958,0.4704,26.86,38.68,1.1461,1.0351,258.8,2173.2,67.2,3.19,2106.0,2099.4,2099.4,-6.6,-0.31,0.31,UNDER_PREDICTION,True,True,True,True,True,True,False,False,2. QUALIFIED_5QC_HISTORICAL_RUN,Pass 5 QC Gates (Historical Completion Run: Days = -531.8)
GC-31,SA-0752H_T,2025-08-21 16:30,REDA (Schlumberger),538/540 Series (REDA S),S2000N,S2000N,142,6550.0,0.0,-111.5,1257.0,3177.0,1920.0,256.0,153.0,50.0,0.8333,93.0,Mauddud (MA),137779.0,1.0958,0.4756,28.43,40.94,1.1274,1.0275,213.4,2118.3,245.3,13.1,1873.0,2061.6,2061.6,188.6,10.07,10.07,OVER_PREDICTION,True,True,True,True,True,True,False,False,2. QUALIFIED_5QC_HISTORICAL_RUN,Pass 5 QC Gates (Historical Completion Run: Days = -111.5)
GC-31,SA-0752H_T,2026-01-14 08:30,REDA (Schlumberger),538/540 Series (REDA S),S2000N,S2000N,142,6550.0,34.2,34.2,1698.0,2831.0,1133.0,246.0,140.0,45.0,0.75,64.5,Mauddud (MA),137779.0,1.0958,0.4459,17.89,31.8,1.165,1.0715,303.6,2088.9,152.9,7.9,1936.0,1949.6,1949.6,13.6,0.7,0.7,OVER_PREDICTION,True,True,True,True,True,True,True,True,1. QUALIFIED_5QC_CLEAN_ACTIVE,Pass: Active completion run meeting all 5 QC physical screening gates
GC-31,SA-0752H_T,2026-06-29 07:00,REDA (Schlumberger),538/540 Series (REDA S),S2000N,S2000N,142,6550.0,200.1,200.1,0.0,0.0,0.0,180.0,142.0,45.0,0.75,81.7,Mauddud (MA),137779.0,1.0958,0.4638,,,1.1477,1.0434,262.5,,,,1670.0,,,,,,,True,False,False,True,True,False,True,False,3. FAILED_ZERO_NEGATIVE_LIFT,"Failed Gate 2: Negative/Zero Lift (PDP=0.0 <= PIP=0.0, dP=0.0 psi)"
GC-31,SA-0758H_T,2021-03-13 08:15,Alkhorayef (ACC),538 Series (ACC WE),WE-1500c,WE-1500,104,5900.0,0.0,-123.2,,,,247.0,121.0,48.0,0.8,32.0,Mauddud (MA),137779.0,1.0958,0.4095,,,1.1477,1.1068,262.5,,,,720.0,,,,,,,False,False,False,True,True,False,False,False,7. FAILED_MISSING_TELEMETRY,"Failed Gate 1: Missing Telemetry (PIP=nan, PDP=nan)"
GC-31,SA-0758H_T,2021-07-29 06:30,Alkhorayef (ACC),538 Series (ACC WE),WE-1500c,WE-1500,104,5900.0,14.7,14.7,714.0,,,161.0,121.0,50.0,0.8333,36.0,Mauddud (MA),137779.0,1.0958,0.4133,,,1.0867,1.0627,111.0,,,,1139.0,,,,,,,False,False,False,True,True,False,True,False,7. FAILED_MISSING_TELEMETRY,"Failed Gate 1: Missing Telemetry (PIP=714.0, PDP=nan)"
GC-31,SA-0758H_T,2021-11-10 09:30,Alkhorayef (ACC),538 Series (ACC WE),WE-1500c,WE-1500,104,5900.0,118.8,118.8,772.0,,,245.0,118.0,50.0,0.8333,43.0,Mauddud (MA),137779.0,1.0958,0.4201,,,1.0907,1.0603,121.4,,,,933.0,,,,,,,False,False,False,True,True,False,True,False,7. FAILED_MISSING_TELEMETRY,"Failed Gate 1: Missing Telemetry (PIP=772.0, PDP=nan)"
GC-31,SA-0758H_T,2022-03-02 08:15,Alkhorayef (ACC),538 Series (ACC WE),WE-1500c,WE-1500,104,5900.0,230.8,230.8,935.0,,,313.0,129.0,49.0,0.8167,40.9,Mauddud (MA),137779.0,1.0958,0.4181,,,1.1025,1.0687,151.3,,,,1029.0,,,,,,,False,False,False,True,True,False,True,False,7. FAILED_MISSING_TELEMETRY,"Failed Gate 1: Missing Telemetry (PIP=935.0, PDP=nan)"
GC-31,SA-0758H_T,2022-06-24 08:00,Alkhorayef (ACC),538 Series (ACC WE),WE-1500c,WE-1500,104,5900.0,344.8,344.8,901.0,2453.0,1552.0,253.0,127.0,49.0,0.8167,50.0,Mauddud (MA),137779.0,1.0958,0.4268,34.96,52.41,1.0999,1.06,145.0,1539.3,339.3,28.27,1200.0,1452.2,1452.2,252.2,21.02,21.02,OVER_PREDICTION,True,True,True,True,True,True,True,True,1. QUALIFIED_5QC_CLEAN_ACTIVE,Pass: Active completion run meeting all 5 QC physical screening gates
GC-31,SA-0758H_T,2022-09-29 09:00,Alkhorayef (ACC),538 Series (ACC WE),WE-1500c,WE-1500,104,5900.0,441.8,441.8,950.0,2444.0,1494.0,334.0,128.0,49.0,0.8167,39.0,Mauddud (MA),137779.0,1.0958,0.4162,34.51,51.74,1.1036,1.071,154.1,1567.2,555.2,54.86,1012.0,1463.3,1463.3,451.3,44.59,44.59,OVER_PREDICTION,True,True,True,True,True,True,True,True,1. QUALIFIED_5QC_CLEAN_ACTIVE,Pass: Active completion run meeting all 5 QC physical screening gates
GC-31,SA-0758H_T,2023-01-25 08:30,Alkhorayef (ACC),538 Series (ACC WE),WE-1500c,WE-1500,104,5900.0,559.8,559.8,905.0,2454.0,1549.0,316.0,129.0,49.0,0.8167,40.4,Mauddud (MA),137779.0,1.0958,0.4176,35.67,53.48,1.1002,1.0678,145.7,1493.7,515.7,52.73,978.0,1398.8,1398.8,420.8,43.03,43.03,OVER_PREDICTION,True,True,True,True,True,True,True,True,1. QUALIFIED_5QC_CLEAN_ACTIVE,Pass: Active completion run meeting all 5 QC physical screening gates
GC-31,SA-0758H_T,2023-05-16 08:15,Alkhorayef (ACC),538 Series (ACC WE),WE-1500c,WE-1500,104,5900.0,670.8,670.8,854.0,2395.0,1541.0,271.0,132.0,49.0,0.8167,42.7,Mauddud (MA),137779.0,1.0958,0.4198,35.3,52.92,1.0965,1.0638,136.3,1517.8,377.8,33.14,1140.0,1426.7,1426.7,286.7,25.15,25.15,OVER_PREDICTION,True,True,True,True,True,True,True,True,1. QUALIFIED_5QC_CLEAN_ACTIVE,Pass: Active completion run meeting all 5 QC physical screening gates
GC-31,SA-0758H_T,2023-09-21 08:00,Alkhorayef (ACC),538 Series (ACC WE),WE-1500c,WE-1500,104,5900.0,798.8,798.8,908.0,2408.0,1500.0,232.0,148.0,49.0,0.8167,46.2,Mauddud (MA),137779.0,1.0958,0.4232,34.08,51.09,1.1005,1.0633,146.3,1593.8,545.8,52.08,1048.0,1498.9,1498.9,450.9,43.02,43.02,OVER_PREDICTION,True,True,True,True,True,True,True,True,1. QUALIFIED_5QC_CLEAN_ACTIVE,Pass: Active completion run meeting all 5 QC physical screening gates
GC-31,SA-0758H_T,2024-02-10 08:15,Alkhorayef (ACC),538 Series (ACC WE),WE-1500c,WE-1500,104,5900.0,940.8,940.8,1075.0,2419.0,1344.0,319.0,134.0,49.0,0.8167,51.2,Mauddud (MA),137779.0,1.0958,0.428,30.19,45.26,1.113,1.0654,177.9,1820.9,571.9,45.79,1249.0,1709.1,1709.1,460.1,36.84,36.84,OVER_PREDICTION,True,True,True,True,True,True,True,True,1. QUALIFIED_5QC_CLEAN_ACTIVE,Pass: Active completion run meeting all 5 QC physical screening gates
GC-31,SA-0758H_T,2024-06-30 08:15,Alkhorayef (ACC),538 Series (ACC WE),WE-1500c,WE-1500,104,5900.0,1081.8,1081.8,1163.0,2480.0,1317.0,353.0,139.0,49.0,0.8167,50.3,Mauddud (MA),137779.0,1.0958,0.4271,29.65,44.45,1.1199,1.0697,194.9,1851.6,554.6,42.76,1297.0,1731.0,1731.0,434.0,33.46,33.46,OVER_PREDICTION,True,True,True,True,True,True,True,True,1. QUALIFIED_5QC_CLEAN_ACTIVE,Pass: Active completion run meeting all 5 QC physical screening gates
GC-31,SA-0758H_T,2024-08-17 19:00,Alkhorayef (ACC),538 Series (ACC WE),WE-1500c,WE-1500,104,5900.0,1130.2,1130.2,1165.0,2458.0,1293.0,323.8,139.0,49.0,0.8167,51.1,Mauddud (MA),137779.0,1.0958,0.4279,29.06,43.57,1.1201,1.0689,195.3,1885.1,443.1,30.73,1442.0,1763.5,1763.5,321.5,22.3,22.3,OVER_PREDICTION,True,True,True,True,True,True,True,True,1. QUALIFIED_5QC_CLEAN_ACTIVE,Pass: Active completion run meeting all 5 QC physical screening gates
GC-31,SA-0758H_T,2024-12-16 08:00,Alkhorayef (ACC),538 Series (ACC WE),WE-1500c,WE-1500,104,5900.0,1250.8,1250.8,1011.0,2587.0,1576.0,317.2,138.0,49.0,0.8167,54.9,Mauddud (MA),137779.0,1.0958,0.4316,35.11,52.64,1.1081,1.0598,165.7,1529.7,257.6,20.25,1272.1,1443.4,1443.4,171.3,13.47,13.47,OVER_PREDICTION,True,True,True,True,True,True,True,True,1. QUALIFIED_5QC_CLEAN_ACTIVE,Pass: Active completion run meeting all 5 QC physical screening gates
GC-31,SA-0758H_T,2025-04-20 06:15,Alkhorayef (ACC),538 Series (ACC WE),WE-1500c,WE-1500,104,5900.0,1375.7,1375.7,1045.0,2641.0,1596.0,294.0,140.0,49.0,0.8167,56.9,Mauddud (MA),137779.0,1.0958,0.4335,35.4,53.07,1.1107,1.0591,172.1,1511.3,394.3,35.3,1117.0,1427.0,1427.0,310.0,27.75,27.75,OVER_PREDICTION,True,True,True,True,True,True,True,True,1. QUALIFIED_5QC_CLEAN_ACTIVE,Pass: Active completion run meeting all 5 QC physical screening gates
GC-31,SA-0758H_T,2025-09-04 08:30,Alkhorayef (ACC),538 Series (ACC WE),WE-1500c,WE-1500,104,5900.0,1512.8,1512.8,928.0,2700.0,1772.0,271.0,132.0,49.0,0.8167,57.6,Mauddud (MA),137779.0,1.0958,0.4342,39.24,58.83,1.1019,1.0547,150.0,1240.8,468.8,60.73,772.0,1176.4,1176.4,404.4,52.38,52.38,OVER_PREDICTION,True,True,True,True,True,True,True,True,1. QUALIFIED_5QC_CLEAN_ACTIVE,Pass: Active completion run meeting all 5 QC physical screening gates
GC-31,SA-0758H_T,2025-12-09 08:30,Alkhorayef (ACC),538 Series (ACC WE),WE-1500c,WE-1500,104,5900.0,1608.8,1608.8,970.0,2660.0,1690.0,257.0,132.0,49.0,0.8167,64.3,Mauddud (MA),137779.0,1.0958,0.4406,36.88,55.29,1.1051,1.0504,157.9,1413.3,508.3,56.17,905.0,1345.5,1345.5,440.5,48.67,48.67,OVER_PREDICTION,True,True,True,True,True,True,True,True,1. QUALIFIED_5QC_CLEAN_ACTIVE,Pass: Active completion run meeting all 5 QC physical screening gates
GC-31,SA-0758H_T,2026-03-09 08:00,Alkhorayef (ACC),538 Series (ACC WE),WE-1500c,WE-1500,104,5900.0,1698.8,1698.8,1285.0,2667.0,1382.0,310.0,114.0,49.0,0.8167,67.7,Mauddud (MA),137779.0,1.0958,0.4439,29.94,44.89,1.1297,1.0554,219.0,1834.9,496.9,37.14,1338.0,1738.5,1738.5,400.5,29.93,29.93,OVER_PREDICTION,True,True,True,True,True,True,True,True,1. QUALIFIED_5QC_CLEAN_ACTIVE,Pass: Active completion run meeting all 5 QC physical screening gates
GC-31,SA-0758H_T,2026-07-24 07:45,Alkhorayef (ACC),538 Series (ACC WE),WE-1500c,WE-1500,104,5900.0,1835.8,1835.8,802.0,2743.0,1941.0,218.0,132.0,49.0,0.8167,70.8,Mauddud (MA),137779.0,1.0958,0.4469,41.76,62.61,1.0928,1.0413,126.8,1030.2,383.2,59.23,647.0,989.4,989.4,342.4,52.92,52.92,OVER_PREDICTION,True,True,True,True,True,True,True,True,1. QUALIFIED_5QC_CLEAN_ACTIVE,Pass: Active completion run meeting all 5 QC physical screening gates
GC-31,SA-0764H_T,2021-02-25 08:30,Alkhorayef (ACC),538 Series (ACC WE),WE-1500c,WE-1500,130,6800.0,0.0,-1114.3,775.0,2702.0,1927.0,175.0,130.0,49.0,0.8167,50.2,Mauddud (MA),137779.0,1.0958,0.427,34.71,52.04,1.0909,1.0553,121.9,1554.7,265.9,20.63,1288.8,1473.2,1473.2,184.4,14.31,14.31,OVER_PREDICTION,True,True,True,True,True,True,False,False,2. QUALIFIED_5QC_HISTORICAL_RUN,Pass 5 QC Gates (Historical Completion Run: Days = -1114.3)
GC-31,SA-0764H_T,2021-07-23 06:30,Alkhorayef (ACC),538 Series (ACC WE),WE-1500c,WE-1500,130,6800.0,0.0,-966.4,698.0,,,160.0,136.0,50.0,0.8333,45.0,Mauddud (MA),137779.0,1.0958,0.422,,,1.0856,1.0561,108.2,,,,1163.0,,,,,,,False,False,False,True,True,False,False,False,7. FAILED_MISSING_TELEMETRY,"Failed Gate 1: Missing Telemetry (PIP=698.0, PDP=nan)"
GC-31,SA-0764H_T,2021-12-15 09:30,Alkhorayef (ACC),538 Series (ACC WE),WE-1500c,WE-1500,130,6800.0,0.0,-821.2,,2671.0,,176.0,134.0,49.0,0.8167,47.3,Mauddud (MA),137779.0,1.0958,0.4242,,,1.1477,1.0873,262.5,,,,1191.0,,,,,,,False,False,False,True,True,False,False,False,7. FAILED_MISSING_TELEMETRY,"Failed Gate 1: Missing Telemetry (PIP=nan, PDP=2671.0)"
GC-31,SA-0764H_T,2022-03-20 08:15,Alkhorayef (ACC),538 Series (ACC WE),WE-1500c,WE-1500,130,6800.0,0.0,-726.3,704.0,2690.0,1986.0,164.4,134.6,49.0,0.8167,55.1,Mauddud (MA),137779.0,1.0958,0.4318,35.38,53.04,1.086,1.0496,109.3,1512.6,229.9,17.92,1282.7,1441.1,1441.1,158.4,12.35,12.35,OVER_PREDICTION,True,True,True,True,True,True,False,False,2. QUALIFIED_5QC_HISTORICAL_RUN,Pass 5 QC Gates (Historical Completion Run: Days = -726.3)
GC-31,SA-0764H_T,2022-07-02 07:30,Alkhorayef (ACC),538 Series (ACC WE),WE-1500c,WE-1500,130,6800.0,0.0,-622.3,752.0,2727.0,1975.0,169.0,139.0,49.0,0.8167,58.5,Mauddud (MA),137779.0,1.0958,0.435,34.92,52.35,1.0893,1.0488,117.8,1541.8,318.8,26.07,1223.0,1470.1,1470.1,247.1,20.2,20.2,OVER_PREDICTION,True,True,True,True,True,True,False,False,2. QUALIFIED_5QC_HISTORICAL_RUN,Pass 5 QC Gates (Historical Completion Run: Days = -622.3)
GC-31,SA-0764H_T,2022-10-23 08:15,Alkhorayef (ACC),538 Series (ACC WE),WE-1500c,WE-1500,130,6800.0,0.0,-509.3,840.0,2701.0,1861.0,199.0,137.0,49.0,0.8167,53.5,Mauddud (MA),137779.0,1.0958,0.4302,33.28,49.9,1.0955,1.0551,133.8,1641.6,467.6,39.83,1174.0,1555.8,1555.8,381.8,32.52,32.52,OVER_PREDICTION,True,True,True,True,True,True,False,False,2. QUALIFIED_5QC_HISTORICAL_RUN,Pass 5 QC Gates (Historical Completion Run: Days = -509.3)
GC-31,SA-0764H_T,2023-02-10 08:30,Alkhorayef (ACC),538 Series (ACC WE),WE-1500c,WE-1500,130,6800.0,0.0,-399.3,969.0,3030.0,2061.0,326.0,136.0,49.0,0.8167,62.1,Mauddud (MA),137779.0,1.0958,0.4385,36.15,54.2,1.105,1.0522,157.7,1462.3,445.3,43.79,1017.0,1389.7,1389.7,372.7,36.65,36.65,OVER_PREDICTION,True,True,True,True,True,True,False,False,2. QUALIFIED_5QC_HISTORICAL_RUN,Pass 5 QC Gates (Historical Completion Run: Days = -399.3)
GC-31,SA-0764H_T,2023-06-04 08:00,Alkhorayef (ACC),538 Series (ACC WE),WE-1500c,WE-1500,130,6800.0,0.0,-285.3,958.0,2935.0,1977.0,284.0,139.0,49.0,0.8167,59.2,Mauddud (MA),137779.0,1.0958,0.4357,34.9,52.32,1.1042,1.0543,155.6,1543.1,493.1,46.96,1050.0,1463.6,1463.6,413.6,39.39,39.39,OVER_PREDICTION,True,True,True,True,True,True,False,False,2. QUALIFIED_5QC_HISTORICAL_RUN,Pass 5 QC Gates (Historical Completion Run: Days = -285.3)
GC-31,SA-0764H_T,2023-11-25 08:30,Alkhorayef (ACC),538 Series (ACC WE),WE-1500c,WE-1500,130,6800.0,0.0,-111.3,883.0,2986.0,2103.0,335.0,136.0,49.0,0.8167,48.0,Mauddud (MA),137779.0,1.0958,0.4249,38.07,57.08,1.0986,1.0609,141.7,1328.7,261.7,24.53,1067.0,1252.4,1252.4,185.4,17.38,17.38,OVER_PREDICTION,True,True,True,True,True,True,False,False,2. QUALIFIED_5QC_HISTORICAL_RUN,Pass 5 QC Gates (Historical Completion Run: Days = -111.3)
GC-31,SA-0764H_T,2024-04-09 07:00,Alkhorayef (ACC),538 Series (ACC WE),WE-1500c,WE-1500,130,6800.0,24.6,24.6,1030.0,2931.0,1901.0,277.0,133.0,50.0,0.8333,52.8,Mauddud (MA),137779.0,1.0958,0.4295,34.04,49.02,1.1096,1.0623,169.3,1710.6,717.6,72.27,993.0,1610.3,1610.3,617.3,62.17,62.17,OVER_PREDICTION,True,True,True,True,True,True,True,True,1. QUALIFIED_5QC_CLEAN_ACTIVE,Pass: Active completion run meeting all 5 QC physical screening gates
GC-31,SA-0764H_T,2024-08-20 07:30,Alkhorayef (ACC),538 Series (ACC WE),WE-1500c,WE-1500,130,6800.0,157.7,157.7,1015.0,2879.0,1864.0,253.0,139.0,50.0,0.8333,53.0,Mauddud (MA),137779.0,1.0958,0.4297,33.37,48.06,1.1085,1.0616,166.4,1748.7,707.7,67.98,1041.0,1647.3,1647.3,606.3,58.24,58.24,OVER_PREDICTION,True,True,True,True,True,True,True,True,1. QUALIFIED_5QC_CLEAN_ACTIVE,Pass: Active completion run meeting all 5 QC physical screening gates
GC-31,SA-0764H_T,2025-01-16 09:45,Alkhorayef (ACC),538 Series (ACC WE),WE-1500c,WE-1500,130,6800.0,306.8,306.8,1185.0,2979.0,1794.0,321.0,144.0,50.0,0.8333,54.2,Mauddud (MA),137779.0,1.0958,0.4309,32.03,46.13,1.1217,1.0666,199.2,1824.1,756.1,70.8,1068.0,1710.3,1710.3,642.3,60.14,60.14,OVER_PREDICTION,True,True,True,True,True,True,True,True,1. QUALIFIED_5QC_CLEAN_ACTIVE,Pass: Active completion run meeting all 5 QC physical screening gates
GC-31,SA-0764H_T,2025-06-13 12:15,Alkhorayef (ACC),538 Series (ACC WE),WE-1500c,WE-1500,130,6800.0,454.9,454.9,920.0,2830.0,1910.0,228.0,146.0,54.0,0.9,51.0,Mauddud (MA),137779.0,1.0958,0.4278,34.34,42.4,1.1013,1.0599,148.5,2127.0,711.0,50.21,1416.0,2006.9,2006.9,590.9,41.73,41.73,OVER_PREDICTION,True,True,True,True,True,True,True,True,1. QUALIFIED_5QC_CLEAN_ACTIVE,Pass: Active completion run meeting all 5 QC physical screening gates
GC-31,SA-0764H_T,2025-09-23 07:30,Alkhorayef (ACC),538 Series (ACC WE),WE-1500c,WE-1500,130,6800.0,556.7,556.7,816.0,2855.0,2039.0,226.0,146.0,54.0,0.9,42.6,Mauddud (MA),137779.0,1.0958,0.4197,37.37,46.14,1.0938,1.0624,129.4,1969.7,739.7,60.14,1230.0,1854.1,1854.1,624.1,50.74,50.74,OVER_PREDICTION,True,True,True,True,True,True,True,True,1. QUALIFIED_5QC_CLEAN_ACTIVE,Pass: Active completion run meeting all 5 QC physical screening gates
GC-31,SA-0764H_T,2026-01-24 07:30,Alkhorayef (ACC),538 Series (ACC WE),WE-1500c,WE-1500,130,6800.0,679.7,679.7,886.0,2302.0,1416.0,341.0,138.0,54.0,0.9,47.0,Mauddud (MA),137779.0,1.0958,0.4239,25.69,31.72,1.0988,1.0618,142.2,2493.0,1361.0,120.23,1132.0,2347.9,2347.9,1215.9,107.41,107.41,OVER_PREDICTION,True,True,True,True,True,True,True,True,1. QUALIFIED_5QC_CLEAN_ACTIVE,Pass: Active completion run meeting all 5 QC physical screening gates
GC-31,SA-0764H_T,2026-04-27 08:30,Alkhorayef (ACC),538 Series (ACC WE),WE-1500c,WE-1500,130,6800.0,772.7,772.7,818.0,2866.0,2048.0,237.0,150.0,54.0,0.9,46.7,Mauddud (MA),137779.0,1.0958,0.4237,37.19,45.91,1.0939,1.0594,129.7,1979.2,836.2,73.16,1143.0,1868.2,1868.2,725.2,63.45,63.45,OVER_PREDICTION,True,True,True,True,True,True,True,True,1. QUALIFIED_5QC_CLEAN_ACTIVE,Pass: Active completion run meeting all 5 QC physical screening gates
GC-31,SA-0764H_T,2026-07-29 12:45,Alkhorayef (ACC),538 Series (ACC WE),WE-1500c,WE-1500,130,6800.0,865.9,865.9,787.0,2817.0,2030.0,194.0,136.0,53.0,0.8833,44.9,Mauddud (MA),137779.0,1.0958,0.4219,37.01,47.44,1.0917,1.0595,124.1,1879.3,712.3,61.04,1167.0,1773.7,1773.7,606.7,51.99,51.99,OVER_PREDICTION,True,True,True,True,True,True,True,True,1. QUALIFIED_5QC_CLEAN_ACTIVE,Pass: Active completion run meeting all 5 QC physical screening gates
GC-31,SA-0794_T,2021-02-02 09:15,Alkhorayef (ACC),538 Series (ACC WE),WE-1500,WE-1500,192,7300.0,929.7,929.7,1447.0,,,303.0,155.0,50.0,0.8333,60.0,Mauddud (MA),137779.0,1.0958,0.4412,,,1.1432,1.0693,251.6,,,,1628.0,,,,,,,False,False,False,True,True,False,True,False,7. FAILED_MISSING_TELEMETRY,"Failed Gate 1: Missing Telemetry (PIP=1447.0, PDP=nan)"
GC-31,SA-0794_T,2021-06-12 08:30,Alkhorayef (ACC),538 Series (ACC WE),WE-1500,WE-1500,192,7300.0,1059.7,1059.7,1518.0,,,267.0,162.0,50.0,0.8333,72.0,Mauddud (MA),137779.0,1.0958,0.4537,,,1.1492,1.0562,266.2,,,,1721.0,,,,,,,False,False,False,True,True,False,True,False,7. FAILED_MISSING_TELEMETRY,"Failed Gate 1: Missing Telemetry (PIP=1518.0, PDP=nan)"
GC-31,SA-0794_T,2021-11-02 08:45,Alkhorayef (ACC),538 Series (ACC WE),WE-1500,WE-1500,192,7300.0,1202.7,1202.7,1701.0,,,460.0,157.0,50.0,0.8333,68.5,Mauddud (MA),137779.0,1.0958,0.45,,,1.1653,1.0658,304.3,,,,1892.0,,,,,,,False,False,False,True,True,False,True,False,7. FAILED_MISSING_TELEMETRY,"Failed Gate 1: Missing Telemetry (PIP=1701.0, PDP=nan)"
GC-31,SA-0794_T,2022-02-12 08:15,Alkhorayef (ACC),538 Series (ACC WE),WE-1500,WE-1500,192,7300.0,1304.7,1304.7,1634.0,,,483.0,142.0,50.0,0.8333,65.0,Mauddud (MA),137779.0,1.0958,0.4464,,,1.1593,1.0688,290.2,,,,1784.0,,,,,,,False,False,False,True,True,False,True,False,7. FAILED_MISSING_TELEMETRY,"Failed Gate 1: Missing Telemetry (PIP=1634.0, PDP=nan)"
GC-31,SA-0794_T,2022-05-17 08:15,Alkhorayef (ACC),538 Series (ACC WE),WE-1500,WE-1500,192,7300.0,1398.7,1398.7,1604.0,3774.7,2170.7,430.0,158.0,50.0,0.8333,92.1,Mauddud (MA),137779.0,1.0958,0.4746,23.82,34.3,1.1567,1.0308,284.0,2308.2,606.2,35.62,1702.0,2239.2,2239.2,537.2,31.56,31.56,OVER_PREDICTION,True,True,True,True,True,True,True,True,1. QUALIFIED_5QC_CLEAN_ACTIVE,Pass: Active completion run meeting all 5 QC physical screening gates
GC-31,SA-0794_T,2022-08-25 08:30,Alkhorayef (ACC),538 Series (ACC WE),WE-1500,WE-1500,192,7300.0,1498.7,1498.7,1874.0,3813.7,1939.7,456.0,158.0,50.0,0.8333,74.0,Mauddud (MA),137779.0,1.0958,0.4558,22.17,31.93,1.181,1.0618,341.1,2308.2,417.2,22.06,1891.0,2173.8,2173.8,282.8,14.96,14.96,OVER_PREDICTION,True,True,True,True,True,True,True,True,1. QUALIFIED_5QC_CLEAN_ACTIVE,Pass: Active completion run meeting all 5 QC physical screening gates
GC-31,SA-0794_T,2022-12-24 08:00,Alkhorayef (ACC),538 Series (ACC WE),WE-1500,WE-1500,192,7300.0,1619.6,1619.6,1822.0,3781.7,1959.7,387.0,149.0,50.0,0.8333,80.3,Mauddud (MA),137779.0,1.0958,0.4623,22.08,31.8,1.1762,1.0508,329.9,2308.2,349.2,17.83,1959.0,2196.7,2196.7,237.7,12.13,12.13,OVER_PREDICTION,True,True,True,True,True,True,True,True,1. QUALIFIED_5QC_CLEAN_ACTIVE,Pass: Active completion run meeting all 5 QC physical screening gates
GC-31,SA-0794_T,2023-05-10 07:45,Alkhorayef (ACC),538 Series (ACC WE),WE-1500,WE-1500,192,7300.0,1756.6,1756.6,1489.0,3780.7,2291.7,366.0,159.0,50.0,0.8333,92.8,Mauddud (MA),137779.0,1.0958,0.4754,25.11,36.16,1.1467,1.0291,260.2,2261.7,618.7,37.66,1643.0,2197.7,2197.7,554.7,33.76,33.76,OVER_PREDICTION,True,True,True,True,True,True,True,True,1. QUALIFIED_5QC_CLEAN_ACTIVE,Pass: Active completion run meeting all 5 QC physical screening gates
GC-31,SA-0794_T,2023-08-20 08:30,Alkhorayef (ACC),538 Series (ACC WE),WE-1500,WE-1500,192,7300.0,1858.7,1858.7,1319.0,3679.0,2360.0,322.0,159.0,50.0,0.8333,89.1,Mauddud (MA),137779.0,1.0958,0.4715,26.07,37.54,1.1325,1.0323,225.8,2181.8,458.8,26.63,1723.0,2113.6,2113.6,390.6,22.67,22.67,OVER_PREDICTION,True,True,True,True,True,True,True,True,1. QUALIFIED_5QC_CLEAN_ACTIVE,Pass: Active completion run meeting all 5 QC physical screening gates
GC-31,SA-0794_T,2024-01-06 08:15,Alkhorayef (ACC),538 Series (ACC WE),WE-1500,WE-1500,192,7300.0,1997.7,1997.7,1332.0,3742.0,2410.0,333.0,145.0,50.0,0.8333,92.6,Mauddud (MA),137779.0,1.0958,0.4752,26.42,38.05,1.1336,1.0284,228.4,2156.3,362.3,20.2,1794.0,2096.7,2096.7,302.7,16.87,16.87,OVER_PREDICTION,True,True,True,True,True,True,True,True,1. QUALIFIED_5QC_CLEAN_ACTIVE,Pass: Active completion run meeting all 5 QC physical screening gates
GC-31,SA-0794_T,2024-04-20 08:30,Alkhorayef (ACC),538 Series (ACC WE),WE-1500,WE-1500,192,7300.0,2102.7,2102.7,1498.0,3696.0,2198.0,303.0,145.0,50.0,0.8333,86.9,Mauddud (MA),137779.0,1.0958,0.4692,24.4,35.14,1.1475,1.0367,262.1,2308.2,637.2,38.13,1671.0,2226.5,2226.5,555.5,33.24,33.24,OVER_PREDICTION,True,True,True,True,True,True,True,True,1. QUALIFIED_5QC_CLEAN_ACTIVE,Pass: Active completion run meeting all 5 QC physical screening gates
GC-31,SA-0794_T,2024-09-06 07:30,Alkhorayef (ACC),538 Series (ACC WE),WE-1500,WE-1500,192,7300.0,2241.6,2241.6,1703.0,3680.0,1977.0,285.0,173.0,50.0,0.8333,91.1,Mauddud (MA),137779.0,1.0958,0.4736,21.74,31.31,1.1654,1.0329,304.7,2308.2,552.2,31.45,1756.0,2234.6,2234.6,478.6,27.26,27.26,OVER_PREDICTION,True,True,True,True,True,True,True,True,1. QUALIFIED_5QC_CLEAN_ACTIVE,Pass: Active completion run meeting all 5 QC physical screening gates
GC-31,SA-0794_T,2025-01-12 07:30,Alkhorayef (ACC),538 Series (ACC WE),WE-1500,WE-1500,192,7300.0,2369.6,2369.6,2432.0,3688.0,1256.0,344.0,152.0,50.0,0.8333,86.0,Mauddud (MA),137779.0,1.0958,0.4683,13.97,20.12,1.1848,1.0431,350.0,2308.2,455.2,24.57,1853.0,2212.9,2212.9,359.9,19.42,19.42,OVER_PREDICTION,True,True,True,True,True,True,True,True,1. QUALIFIED_5QC_CLEAN_ACTIVE,Pass: Active completion run meeting all 5 QC physical screening gates
GC-31,SA-0794_T,2025-10-04 08:15,Alkhorayef (ACC),538 Series (ACC WE),WE-1500,WE-1500,192,7300.0,2634.7,2634.7,1976.0,3696.0,1720.0,310.0,157.0,50.0,0.8333,88.3,Mauddud (MA),137779.0,1.0958,0.4707,19.03,27.41,1.1848,1.0393,350.0,2308.2,731.2,46.37,1577.0,2221.0,2221.0,644.0,40.84,40.84,OVER_PREDICTION,True,True,True,True,True,True,True,True,1. QUALIFIED_5QC_CLEAN_ACTIVE,Pass: Active completion run meeting all 5 QC physical screening gates
GC-31,SA-0794_T,2026-06-05 08:15,Alkhorayef (ACC),538 Series (ACC WE),WE-1500,WE-1500,192,7300.0,2878.7,2878.7,1936.0,3637.0,1701.0,160.0,152.0,50.0,0.8333,96.0,Mauddud (MA),137779.0,1.0958,0.4787,18.51,26.66,1.1848,1.0266,350.0,2308.2,790.2,52.06,1518.0,2248.4,2248.4,730.4,48.12,48.12,OVER_PREDICTION,True,True,True,True,True,True,True,True,1. QUALIFIED_5QC_CLEAN_ACTIVE,Pass: Active completion run meeting all 5 QC physical screening gates
GC-31,SA-0796H_T,2021-02-04 08:15,Baker Hughes (Centrilift),400 Series (Centrilift E),E1000,FLEX10,282,6800.0,0.0,-1856.3,,,,276.0,126.0,50.0,0.8333,28.1,Mauddud (MA),137779.0,1.0958,0.4079,,,1.1477,1.1118,262.5,,,,859.0,,,,,,,False,False,False,True,True,False,False,False,7. FAILED_MISSING_TELEMETRY,"Failed Gate 1: Missing Telemetry (PIP=nan, PDP=nan)"
GC-31,SA-0796H_T,2021-09-30 10:00,Baker Hughes (Centrilift),400 Series (Centrilift E),E1000,FLEX10,282,6800.0,0.0,-1618.2,1386.0,2660.0,1274.0,144.0,134.0,50.0,0.8333,34.9,Mauddud (MA),137779.0,1.0958,0.415,10.89,15.68,1.138,1.0968,239.2,1182.2,152.2,14.78,1030.0,1077.8,1077.8,47.8,4.64,4.64,OVER_PREDICTION,True,True,True,True,True,True,False,False,2. QUALIFIED_5QC_HISTORICAL_RUN,Pass 5 QC Gates (Historical Completion Run: Days = -1618.2)
GC-31,SA-0796H_T,2022-01-30 08:15,Baker Hughes (Centrilift),400 Series (Centrilift E),E1000,FLEX10,282,6800.0,0.0,-1496.3,1554.0,,,217.0,139.2,50.0,0.8333,42.7,Mauddud (MA),137779.0,1.0958,0.4232,,,1.1523,1.0958,273.6,,,,1834.8,,,,,,,False,False,False,True,True,False,False,False,7. FAILED_MISSING_TELEMETRY,"Failed Gate 1: Missing Telemetry (PIP=1554.0, PDP=nan)"
GC-31,SA-0796H_T,2022-04-21 09:15,Baker Hughes (Centrilift),400 Series (Centrilift E),E1000,FLEX10,282,6800.0,0.0,-1415.2,1637.0,,,168.0,141.0,52.0,0.8667,48.2,Mauddud (MA),137779.0,1.0958,0.4289,,,1.1596,1.0923,290.8,,,,1161.0,,,,,,,False,False,False,True,True,False,False,False,7. FAILED_MISSING_TELEMETRY,"Failed Gate 1: Missing Telemetry (PIP=1637.0, PDP=nan)"
GC-31,SA-0796H_T,2022-07-28 08:15,Baker Hughes (Centrilift),400 Series (Centrilift E),E1000,FLEX10,282,6800.0,0.0,-1317.3,1394.0,2967.0,1573.0,226.0,142.0,52.0,0.8667,57.5,Mauddud (MA),137779.0,1.0958,0.4386,12.72,16.93,1.1387,1.0705,240.9,1203.4,37.4,3.21,1166.0,1124.2,1124.2,-41.8,-3.58,3.58,UNDER_PREDICTION,True,True,True,True,True,True,False,False,2. QUALIFIED_5QC_HISTORICAL_RUN,Pass 5 QC Gates (Historical Completion Run: Days = -1317.3)
GC-31,SA-0796H_T,2022-11-15 08:30,Baker Hughes (Centrilift),400 Series (Centrilift E),E1000,FLEX10,282,6800.0,0.0,-1207.3,1145.0,3010.0,1865.0,193.0,141.0,52.0,0.8667,56.0,Mauddud (MA),137779.0,1.0958,0.437,15.13,20.14,1.1185,1.0633,191.4,1133.3,98.3,9.5,1035.0,1065.8,1065.8,30.8,2.98,2.98,OVER_PREDICTION,True,True,True,True,True,True,False,False,2. QUALIFIED_5QC_HISTORICAL_RUN,Pass 5 QC Gates (Historical Completion Run: Days = -1207.3)
GC-31,SA-0796H_T,2023-02-24 09:00,Baker Hughes (Centrilift),400 Series (Centrilift E),E1000,FLEX10,282,6800.0,0.0,-1106.2,1296.0,3035.0,1739.0,210.0,146.0,53.0,0.8833,52.0,Mauddud (MA),137779.0,1.0958,0.4328,14.25,18.26,1.1306,1.0731,221.2,1197.5,-0.5,-0.04,1198.0,1115.9,1115.9,-82.1,-6.85,6.85,UNDER_PREDICTION,True,True,True,True,True,True,False,False,2. QUALIFIED_5QC_HISTORICAL_RUN,Pass 5 QC Gates (Historical Completion Run: Days = -1106.2)
GC-31,SA-0796H_T,2023-06-04 07:45,Baker Hughes (Centrilift),400 Series (Centrilift E),E1000,FLEX10,282,6800.0,0.0,-1006.3,1164.0,3011.0,1847.0,175.0,145.0,53.0,0.8833,61.1,Mauddud (MA),137779.0,1.0958,0.4423,14.81,18.98,1.12,1.0589,195.1,1181.4,17.4,1.49,1164.0,1115.7,1115.7,-48.3,-4.15,4.15,UNDER_PREDICTION,True,True,True,True,True,True,False,False,2. QUALIFIED_5QC_HISTORICAL_RUN,Pass 5 QC Gates (Historical Completion Run: Days = -1006.3)
GC-31,SA-0796H_T,2023-09-29 08:15,Baker Hughes (Centrilift),400 Series (Centrilift E),E1000,FLEX10,282,6800.0,0.0,-889.3,894.0,3074.0,2180.0,223.0,140.0,53.0,0.8833,63.4,Mauddud (MA),137779.0,1.0958,0.4447,17.38,22.28,1.0994,1.0491,143.7,1103.9,-96.1,-8.01,1200.0,1052.3,1052.3,-147.7,-12.31,12.31,UNDER_PREDICTION,True,True,True,True,True,True,False,False,2. QUALIFIED_5QC_HISTORICAL_RUN,Pass 5 QC Gates (Historical Completion Run: Days = -889.3)
GC-31,SA-0796H_T,2023-12-19 08:30,Baker Hughes (Centrilift),400 Series (Centrilift E),E1000,FLEX10,282,6800.0,0.0,-808.3,819.0,3092.0,2273.0,212.0,134.0,53.0,0.8833,63.3,Mauddud (MA),137779.0,1.0958,0.4446,18.13,23.24,1.094,1.0472,129.9,1080.0,60.0,5.88,1020.0,1031.4,1031.4,11.4,1.12,1.12,OVER_PREDICTION,True,True,True,True,True,True,False,False,2. QUALIFIED_5QC_HISTORICAL_RUN,Pass 5 QC Gates (Historical Completion Run: Days = -808.3)
GC-31,SA-0796H_T,2024-03-22 08:00,Baker Hughes (Centrilift),400 Series (Centrilift E),E1000,FLEX10,282,6800.0,0.0,-714.3,931.0,3174.0,2243.0,236.0,137.0,53.0,0.8833,59.2,Mauddud (MA),137779.0,1.0958,0.4403,18.06,23.15,1.1022,1.0535,150.6,1082.3,34.3,3.27,1048.0,1027.3,1027.3,-20.7,-1.98,1.98,UNDER_PREDICTION,True,True,True,True,True,True,False,False,2. QUALIFIED_5QC_HISTORICAL_RUN,Pass 5 QC Gates (Historical Completion Run: Days = -714.3)
GC-31,SA-0796H_T,2024-07-20 06:30,Baker Hughes (Centrilift),400 Series (Centrilift E),E1000,FLEX10,282,6800.0,0.0,-594.4,1156.0,3187.0,2031.0,231.0,145.0,53.0,0.8833,65.3,Mauddud (MA),137779.0,1.0958,0.4467,16.12,20.66,1.1194,1.0545,193.6,1142.8,111.8,10.84,1031.0,1083.8,1083.8,52.8,5.12,5.12,OVER_PREDICTION,True,True,True,True,True,True,False,False,2. QUALIFIED_5QC_HISTORICAL_RUN,Pass 5 QC Gates (Historical Completion Run: Days = -594.4)
GC-31,SA-0796H_T,2025-04-08 08:45,Baker Hughes (Centrilift),400 Series (Centrilift E),E1000,FLEX10,282,6800.0,0.0,-332.3,1550.0,3252.0,1702.0,279.0,142.0,53.0,0.8833,73.3,Mauddud (MA),137779.0,1.0958,0.455,13.26,17.0,1.152,1.0552,272.8,1224.9,23.9,1.99,1201.0,1160.8,1160.8,-40.2,-3.35,3.35,UNDER_PREDICTION,True,True,True,True,True,True,False,False,2. QUALIFIED_5QC_HISTORICAL_RUN,Pass 5 QC Gates (Historical Completion Run: Days = -332.3)
GC-31,SA-0796H_T,2025-10-13 16:30,Baker Hughes (Centrilift),400 Series (Centrilift E),E1000,FLEX10,282,6800.0,0.0,-143.9,1688.0,3235.0,1547.0,177.0,137.0,53.0,0.8833,74.0,Mauddud (MA),137779.0,1.0958,0.4558,12.04,15.43,1.1641,1.0575,301.5,1258.5,496.5,65.16,762.0,1190.1,1190.1,428.1,56.18,56.18,OVER_PREDICTION,True,True,True,True,True,True,False,False,2. QUALIFIED_5QC_HISTORICAL_RUN,Pass 5 QC Gates (Historical Completion Run: Days = -143.9)
GC-31,SA-0796H_T,2026-05-02 08:00,Baker Hughes (Centrilift),400 Series (Centrilift E),E1000,FLEX10,282,6800.0,56.7,56.7,1930.0,3181.0,1251.0,188.0,135.0,50.0,0.8333,88.4,Mauddud (MA),137779.0,1.0958,0.4708,9.42,13.57,1.1848,1.0391,350.0,1223.7,155.7,14.58,1068.0,1177.6,1177.6,109.6,10.26,10.26,OVER_PREDICTION,True,True,True,True,True,True,True,True,1. QUALIFIED_5QC_CLEAN_ACTIVE,Pass: Active completion run meeting all 5 QC physical screening gates
GC-31,SA-0814HST1_T,2021-02-18 08:15,Alkhorayef (ACC),538 Series (ACC WE),WE-2600c,WE-2600,119,6700.0,0.0,-490.7,1546.0,,,410.0,140.0,50.0,0.8333,72.4,Mauddud (MA),137779.0,1.0958,0.4541,,,1.1516,1.0563,271.9,,,,1444.0,,,,,,,False,False,False,True,True,False,False,False,7. FAILED_MISSING_TELEMETRY,"Failed Gate 1: Missing Telemetry (PIP=1546.0, PDP=nan)"
GC-31,SA-0814HST1_T,2021-08-02 09:15,Alkhorayef (ACC),538 Series (ACC WE),WE-2600c,WE-2600,119,6700.0,0.0,-325.6,1362.0,3065.0,1703.0,287.0,143.0,50.0,0.8333,80.0,Mauddud (MA),137779.0,1.0958,0.462,30.97,44.6,1.136,1.0432,234.4,2268.9,694.9,44.15,1574.0,2174.9,2174.9,600.9,38.18,38.18,OVER_PREDICTION,True,True,True,True,True,True,False,False,2. QUALIFIED_5QC_HISTORICAL_RUN,Pass 5 QC Gates (Historical Completion Run: Days = -325.6)
GC-31,SA-0814HST1_T,2021-11-26 08:45,Alkhorayef (ACC),538 Series (ACC WE),WE-2600c,WE-2600,119,6700.0,0.0,-209.6,,,,299.0,157.0,50.0,0.8333,80.0,Mauddud (MA),137779.0,1.0958,0.462,,,1.1477,1.0455,262.5,,,,1630.0,,,,,,,False,False,False,True,True,False,False,False,7. FAILED_MISSING_TELEMETRY,"Failed Gate 1: Missing Telemetry (PIP=nan, PDP=nan)"
GC-31,SA-0814HST1_T,2022-07-21 07:00,Alkhorayef (ACC),538 Series (ACC WE),WE-2600c,WE-2600,119,6700.0,27.3,27.3,1441.0,2831.0,1390.0,177.0,147.0,50.0,0.8333,80.8,Mauddud (MA),137779.0,1.0958,0.4629,25.24,36.35,1.1427,1.0436,250.4,2577.0,542.0,26.63,2035.0,2469.5,2469.5,434.5,21.35,21.35,OVER_PREDICTION,True,True,True,True,True,True,True,True,1. QUALIFIED_5QC_CLEAN_ACTIVE,Pass: Active completion run meeting all 5 QC physical screening gates
GC-31,SA-0814HST1_T,2022-11-22 08:30,Alkhorayef (ACC),538 Series (ACC WE),WE-2600c,WE-2600,119,6700.0,151.4,151.4,1434.0,3072.0,1638.0,278.0,148.0,50.0,0.8333,84.3,Mauddud (MA),137779.0,1.0958,0.4665,29.51,42.5,1.1421,1.0392,249.0,2362.8,320.8,15.71,2042.0,2273.7,2273.7,231.7,11.35,11.35,OVER_PREDICTION,True,True,True,True,True,True,True,True,1. QUALIFIED_5QC_CLEAN_ACTIVE,Pass: Active completion run meeting all 5 QC physical screening gates
GC-31,SA-0814HST1_T,2023-03-08 16:00,Alkhorayef (ACC),538 Series (ACC WE),WE-2600c,WE-2600,119,6700.0,257.7,257.7,1243.0,3051.0,1808.0,253.0,156.0,54.0,0.9,77.0,Mauddud (MA),137779.0,1.0958,0.4589,33.11,40.88,1.1263,1.0445,210.6,2621.0,389.0,17.43,2232.0,2509.5,2509.5,277.5,12.43,12.43,OVER_PREDICTION,True,True,True,True,True,True,True,True,1. QUALIFIED_5QC_CLEAN_ACTIVE,Pass: Active completion run meeting all 5 QC physical screening gates
GC-31,SA-0814HST1_T,2023-07-15 08:00,Alkhorayef (ACC),538 Series (ACC WE),WE-2600c,WE-2600,119,6700.0,386.3,386.3,1133.0,3163.0,2030.0,228.0,157.0,54.0,0.9,80.5,Mauddud (MA),137779.0,1.0958,0.4626,36.88,45.53,1.1176,1.039,189.1,2399.6,674.6,39.11,1725.0,2309.5,2309.5,584.5,33.88,33.88,OVER_PREDICTION,True,True,True,True,True,True,True,True,1. QUALIFIED_5QC_CLEAN_ACTIVE,Pass: Active completion run meeting all 5 QC physical screening gates
GC-31,SA-0814HST1_T,2023-12-11 07:30,Alkhorayef (ACC),538 Series (ACC WE),WE-2600c,WE-2600,119,6700.0,535.3,535.3,1427.0,3348.0,1921.0,290.0,151.0,54.0,0.9,82.5,Mauddud (MA),137779.0,1.0958,0.4646,34.74,42.89,1.1415,1.0413,247.6,2534.2,968.2,61.83,1566.0,2433.8,2433.8,867.8,55.42,55.42,OVER_PREDICTION,True,True,True,True,True,True,True,True,1. QUALIFIED_5QC_CLEAN_ACTIVE,Pass: Active completion run meeting all 5 QC physical screening gates
GC-31,SA-0814HST1_T,2024-04-03 09:00,Alkhorayef (ACC),538 Series (ACC WE),WE-2600c,WE-2600,119,6700.0,649.4,649.4,1461.0,3208.0,1747.0,275.0,141.0,56.0,0.9333,76.5,Mauddud (MA),137779.0,1.0958,0.4584,32.03,36.77,1.1444,1.0492,254.5,2872.2,651.2,29.32,2221.0,2737.5,2737.5,516.5,23.26,23.26,OVER_PREDICTION,True,True,True,True,True,True,True,True,1. QUALIFIED_5QC_CLEAN_ACTIVE,Pass: Active completion run meeting all 5 QC physical screening gates
GC-31,SA-0814HST1_T,2024-11-25 07:30,Alkhorayef (ACC),538 Series (ACC WE),WE-2600c,WE-2600,119,6700.0,885.3,885.3,1778.0,3437.0,1659.0,346.0,144.0,56.0,0.9333,84.9,Mauddud (MA),137779.0,1.0958,0.4671,29.84,34.26,1.1722,1.043,320.6,2952.5,551.5,22.97,2401.0,2830.8,2830.8,429.8,17.9,17.9,OVER_PREDICTION,True,True,True,True,True,True,True,True,1. QUALIFIED_5QC_CLEAN_ACTIVE,Pass: Active completion run meeting all 5 QC physical screening gates
GC-31,SA-0814HST1_T,2025-04-19 10:00,Alkhorayef (ACC),538 Series (ACC WE),WE-2600c,WE-2600,119,6700.0,1030.4,1030.4,1425.0,3165.0,1740.0,300.0,151.0,55.0,0.9167,85.0,Mauddud (MA),137779.0,1.0958,0.4672,31.29,37.23,1.1413,1.0382,247.1,2805.8,242.8,9.47,2563.0,2702.6,2702.6,139.6,5.45,5.45,OVER_PREDICTION,True,True,True,True,True,True,True,True,1. QUALIFIED_5QC_CLEAN_ACTIVE,Pass: Active completion run meeting all 5 QC physical screening gates
GC-31,SA-0814HST1_T,2025-09-05 19:30,Alkhorayef (ACC),538 Series (ACC WE),WE-2600c,WE-2600,119,6700.0,1169.8,1169.8,1269.0,3150.0,1881.0,261.0,190.0,55.0,0.9167,82.4,Mauddud (MA),137779.0,1.0958,0.4645,34.03,40.5,1.1284,1.0391,215.8,2685.1,62.1,2.37,2623.0,2584.1,2584.1,-38.9,-1.48,1.48,UNDER_PREDICTION,True,True,True,True,True,True,True,True,1. QUALIFIED_5QC_CLEAN_ACTIVE,Pass: Active completion run meeting all 5 QC physical screening gates
GC-31,SA-0814HST1_T,2025-12-17 08:15,Alkhorayef (ACC),538 Series (ACC WE),WE-2600c,WE-2600,119,6700.0,1272.3,1272.3,1455.0,3208.0,1753.0,278.0,157.0,55.0,0.9167,81.0,Mauddud (MA),137779.0,1.0958,0.4631,31.81,37.85,1.1439,1.0435,253.3,2784.3,312.3,12.63,2472.0,2668.2,2668.2,196.2,7.94,7.94,OVER_PREDICTION,True,True,True,True,True,True,True,True,1. QUALIFIED_5QC_CLEAN_ACTIVE,Pass: Active completion run meeting all 5 QC physical screening gates
GC-31,SA-0814HST1_T,2026-05-03 09:00,Alkhorayef (ACC),538 Series (ACC WE),WE-2600c,WE-2600,119,6700.0,1409.4,1409.4,1012.0,3148.0,2136.0,194.0,155.0,55.0,0.9167,83.7,Mauddud (MA),137779.0,1.0958,0.4659,38.53,45.85,1.1082,1.0344,165.8,2425.6,311.6,14.74,2114.0,2345.0,2345.0,231.0,10.93,10.93,OVER_PREDICTION,True,True,True,True,True,True,True,True,1. QUALIFIED_5QC_CLEAN_ACTIVE,Pass: Active completion run meeting all 5 QC physical screening gates
GC-31,SA-0814HST1_T,2026-07-29 08:15,Alkhorayef (ACC),538 Series (ACC WE),WE-2600c,WE-2600,119,6700.0,1496.3,1496.3,961.0,3256.0,2295.0,255.0,154.0,55.0,0.9167,81.7,Mauddud (MA),137779.0,1.0958,0.4638,41.58,49.48,1.1044,1.0354,156.2,2164.2,222.2,11.44,1942.0,2090.1,2090.1,148.1,7.63,7.63,OVER_PREDICTION,True,True,True,True,True,True,True,True,1. QUALIFIED_5QC_CLEAN_ACTIVE,Pass: Active completion run meeting all 5 QC physical screening gates
GC-31,SA-0819ST2_T,2022-03-13 08:30,Alkhorayef (ACC),538 Series (ACC WE),WE-2600c,WE-2600,176,7800.0,0.0,-635.6,1493.0,,,141.0,135.0,48.0,0.8,83.6,Upper Burgan (UB),199739.0,1.1388,0.4658,,,1.1471,1.0408,261.0,,,,988.0,,,,,,,False,False,False,True,True,False,False,False,7. FAILED_MISSING_TELEMETRY,"Failed Gate 1: Missing Telemetry (PIP=1493.0, PDP=nan)"
GC-31,SA-0819ST2_T,2022-06-18 09:00,Alkhorayef (ACC),538 Series (ACC WE),WE-2600c,WE-2600,176,7800.0,0.0,-538.6,1399.0,3660.0,2261.0,158.0,134.0,48.0,0.8,80.8,Upper Burgan (UB),199739.0,1.1388,0.4629,27.75,43.36,1.1391,1.0429,241.9,2233.3,1276.3,133.36,957.0,2141.5,2141.5,1184.5,123.77,123.77,OVER_PREDICTION,True,True,True,True,True,True,False,False,2. QUALIFIED_5QC_HISTORICAL_RUN,Pass 5 QC Gates (Historical Completion Run: Days = -538.6)
GC-31,SA-0819ST2_T,2022-09-02 07:45,Alkhorayef (ACC),538 Series (ACC WE),WE-2600c,WE-2600,176,7800.0,0.0,-462.6,1543.0,3610.0,2067.0,197.0,142.0,48.0,0.8,74.4,Upper Burgan (UB),199739.0,1.1388,0.4562,25.74,40.22,1.1514,1.0536,271.3,2353.0,1469.0,166.18,884.0,2233.2,2233.2,1349.2,152.62,152.62,OVER_PREDICTION,True,True,True,True,True,True,False,False,2. QUALIFIED_5QC_HISTORICAL_RUN,Pass 5 QC Gates (Historical Completion Run: Days = -462.6)
GC-31,SA-0819ST2_T,2023-02-20 08:30,Alkhorayef (ACC),538 Series (ACC WE),WE-2600c,WE-2600,176,7800.0,0.0,-291.6,1587.0,3789.0,2202.0,280.0,139.0,48.0,0.8,75.0,Upper Burgan (UB),199739.0,1.1388,0.4568,27.39,42.8,1.1552,1.0538,280.4,2256.4,1316.4,140.04,940.0,2141.2,2141.2,1201.2,127.79,127.79,OVER_PREDICTION,True,True,True,True,True,True,False,False,2. QUALIFIED_5QC_HISTORICAL_RUN,Pass 5 QC Gates (Historical Completion Run: Days = -291.6)
GC-31,SA-0819ST2_T,2023-02-25 07:30,Alkhorayef (ACC),538 Series (ACC WE),WE-2600c,WE-2600,176,7800.0,0.0,-286.6,1582.0,3725.0,2143.0,229.0,138.0,48.0,0.8,80.3,Upper Burgan (UB),199739.0,1.1388,0.4623,26.34,41.16,1.1548,1.0465,279.4,2319.6,1402.6,152.96,917.0,2216.4,2216.4,1299.4,141.7,141.7,OVER_PREDICTION,True,True,True,True,True,True,False,False,2. QUALIFIED_5QC_HISTORICAL_RUN,Pass 5 QC Gates (Historical Completion Run: Days = -286.6)
GC-31,SA-0819ST2_T,2023-12-28 08:15,Alkhorayef (ACC),538 Series (ACC WE),WE-2600c,WE-2600,176,7800.0,19.4,19.4,798.0,2832.0,2034.0,256.0,130.0,50.0,0.8333,10.2,Upper Burgan (UB),199739.0,1.1388,0.3893,29.69,42.76,1.0925,1.0851,126.1,2352.0,-450.0,-16.06,2802.0,2167.5,2167.5,-634.5,-22.64,22.64,UNDER_PREDICTION,True,True,True,True,True,True,True,True,1. QUALIFIED_5QC_CLEAN_ACTIVE,Pass: Active completion run meeting all 5 QC physical screening gates
GC-31,SA-0819ST2_T,2024-01-16 09:00,Alkhorayef (ACC),538 Series (ACC WE),WE-2600c,WE-2600,176,7800.0,38.4,38.4,1418.0,2548.0,1130.0,564.0,126.0,52.0,0.8667,5.2,Upper Burgan (UB),199739.0,1.1388,0.3841,16.72,22.26,1.1407,1.1344,245.7,3019.0,1101.0,57.4,1918.0,2661.2,2661.2,743.2,38.75,38.75,OVER_PREDICTION,True,True,True,True,True,True,True,True,1. QUALIFIED_5QC_CLEAN_ACTIVE,Pass: Active completion run meeting all 5 QC physical screening gates
GC-31,SA-0819ST2_T,2024-05-04 08:30,Alkhorayef (ACC),538 Series (ACC WE),WE-2600c,WE-2600,176,7800.0,147.4,147.4,1415.0,2476.0,1061.0,542.0,128.0,52.0,0.8667,12.7,Upper Burgan (UB),199739.0,1.1388,0.3919,15.38,20.47,1.1405,1.1252,245.1,3053.0,1225.0,67.01,1828.0,2713.4,2713.4,885.4,48.44,48.44,OVER_PREDICTION,True,True,True,True,True,True,True,True,1. QUALIFIED_5QC_CLEAN_ACTIVE,Pass: Active completion run meeting all 5 QC physical screening gates
GC-31,SA-0819ST2_T,2024-07-24 08:00,Alkhorayef (ACC),538 Series (ACC WE),WE-2600c,WE-2600,176,7800.0,228.4,228.4,1355.0,2403.0,1048.0,526.0,134.0,52.0,0.8667,14.5,Upper Burgan (UB),199739.0,1.1388,0.3938,15.12,20.13,1.1355,1.1187,233.0,3059.3,1315.3,75.42,1744.0,2734.6,2734.6,990.6,56.8,56.8,OVER_PREDICTION,True,True,True,True,True,True,True,True,1. QUALIFIED_5QC_CLEAN_ACTIVE,Pass: Active completion run meeting all 5 QC physical screening gates
GC-31,SA-0819ST2_T,2024-08-27 11:45,Alkhorayef (ACC),538 Series (ACC WE),WE-2600c,WE-2600,176,7800.0,262.5,262.5,1333.0,2653.0,1320.0,636.0,134.0,52.0,0.8667,10.4,Upper Burgan (UB),199739.0,1.1388,0.3895,19.26,25.64,1.1336,1.1218,228.6,2950.8,1266.8,75.23,1684.0,2630.3,2630.3,946.3,56.19,56.19,OVER_PREDICTION,True,True,True,True,True,True,True,True,1. QUALIFIED_5QC_CLEAN_ACTIVE,Pass: Active completion run meeting all 5 QC physical screening gates
GC-31,SA-0819ST2_T,2025-01-06 09:00,Alkhorayef (ACC),538 Series (ACC WE),WE-2600c,WE-2600,176,7800.0,394.4,394.4,1297.0,2555.0,1258.0,645.0,132.0,52.0,0.8667,12.2,Upper Burgan (UB),199739.0,1.1388,0.3914,18.26,24.31,1.1307,1.1172,221.4,2978.4,1359.4,83.97,1619.0,2666.0,2666.0,1047.0,64.67,64.67,OVER_PREDICTION,True,True,True,True,True,True,True,True,1. QUALIFIED_5QC_CLEAN_ACTIVE,Pass: Active completion run meeting all 5 QC physical screening gates
GC-31,SA-0819ST2_T,2025-04-29 08:30,Alkhorayef (ACC),538 Series (ACC WE),WE-2600c,WE-2600,176,7800.0,507.4,507.4,1227.0,2376.0,1149.0,614.0,134.0,52.0,0.8667,15.9,Upper Burgan (UB),199739.0,1.1388,0.3952,16.52,21.99,1.125,1.1083,207.5,3024.2,1552.2,105.45,1472.0,2728.6,2728.6,1256.6,85.37,85.37,OVER_PREDICTION,True,True,True,True,True,True,True,True,1. QUALIFIED_5QC_CLEAN_ACTIVE,Pass: Active completion run meeting all 5 QC physical screening gates
GC-31,SA-0819ST2_T,2025-09-14 20:30,Alkhorayef (ACC),538 Series (ACC WE),WE-2600c,WE-2600,176,7800.0,645.9,645.9,1241.0,2770.0,1529.0,616.0,134.0,52.0,0.8667,0.0,Upper Burgan (UB),199739.0,1.1388,0.3786,22.94,30.54,1.1261,1.1261,210.3,2839.4,1423.4,100.52,1416.0,2521.3,2521.3,1105.3,78.06,78.06,OVER_PREDICTION,True,True,True,True,True,True,True,True,1. QUALIFIED_5QC_CLEAN_ACTIVE,Pass: Active completion run meeting all 5 QC physical screening gates
GC-31,SA-0819ST2_T,2025-12-21 18:00,Alkhorayef (ACC),538 Series (ACC WE),WE-2600c,WE-2600,176,7800.0,743.8,743.8,1289.0,2897.0,1608.0,611.0,127.0,52.0,0.8667,11.8,Upper Burgan (UB),199739.0,1.1388,0.3909,23.37,31.11,1.13,1.1171,219.8,2825.4,941.8,50.0,1883.6,2529.3,2529.3,645.7,34.28,34.28,OVER_PREDICTION,True,True,True,True,True,True,True,True,1. QUALIFIED_5QC_CLEAN_ACTIVE,Pass: Active completion run meeting all 5 QC physical screening gates
GC-31,SA-0819ST2_T,2026-02-14 17:00,Alkhorayef (ACC),538 Series (ACC WE),WE-2600c,WE-2600,176,7800.0,798.8,798.8,1191.0,3590.0,2399.0,481.0,154.0,52.0,0.8667,71.0,Upper Burgan (UB),199739.0,1.1388,0.4526,30.11,40.08,1.1221,1.0496,200.4,2554.5,571.5,28.82,1983.0,2433.7,2433.7,450.7,22.73,22.73,OVER_PREDICTION,True,True,True,True,True,True,True,True,1. QUALIFIED_5QC_CLEAN_ACTIVE,Pass: Active completion run meeting all 5 QC physical screening gates
GC-31,SA-0819ST2_T,2026-04-14 10:15,Alkhorayef (ACC),538 Series (ACC WE),WE-2600c,WE-2600,176,7800.0,857.5,857.5,960.0,3494.0,2534.0,426.0,155.0,52.0,0.8667,73.8,Upper Burgan (UB),199739.0,1.1388,0.4556,31.6,42.07,1.1043,1.0421,156.0,2475.9,654.9,35.96,1821.0,2375.9,2375.9,554.9,30.47,30.47,OVER_PREDICTION,True,True,True,True,True,True,True,True,1. QUALIFIED_5QC_CLEAN_ACTIVE,Pass: Active completion run meeting all 5 QC physical screening gates
GC-31,SA-0864ST1_T,2022-04-28 12:00,Halliburton / Summit ESP,400 Series (Summit SF),SF1750,SF1750,374,5850.0,0.0,-657.0,,2588.0,,125.0,132.0,50.0,0.8333,87.5,Mauddud (MA),137779.0,1.0958,0.4698,,,1.1477,1.036,262.5,,,,1861.0,,,,,,,False,False,False,True,True,False,False,False,7. FAILED_MISSING_TELEMETRY,"Failed Gate 1: Missing Telemetry (PIP=nan, PDP=2588.0)"
GC-31,SA-0864ST1_T,2022-06-16 07:45,Halliburton / Summit ESP,400 Series (Summit SF),SF1750,SF1750,374,5850.0,0.0,-608.2,924.0,1870.0,946.0,170.0,132.0,50.0,0.8333,34.2,Mauddud (MA),137779.0,1.0958,0.4143,6.11,8.8,1.1016,1.0737,149.3,1883.3,241.3,14.7,1642.0,1754.0,1754.0,112.0,6.82,6.82,OVER_PREDICTION,True,True,True,True,True,True,False,False,2. QUALIFIED_5QC_HISTORICAL_RUN,Pass 5 QC Gates (Historical Completion Run: Days = -608.2)
GC-31,SA-0864ST1_T,2022-10-13 08:30,Halliburton / Summit ESP,400 Series (Summit SF),SF1750,SF1750,374,5850.0,0.0,-489.1,837.0,,,157.0,142.0,50.0,0.8333,52.3,Mauddud (MA),137779.0,1.0958,0.4332,,,1.0953,1.0559,133.2,,,,1548.0,,,,,,,False,False,False,True,True,False,False,False,7. FAILED_MISSING_TELEMETRY,"Failed Gate 1: Missing Telemetry (PIP=837.0, PDP=nan)"
GC-31,SA-0864ST1_T,2023-04-19 06:30,Halliburton / Summit ESP,400 Series (Summit SF),SF1750,SF1750,374,5850.0,0.0,-301.2,961.0,2478.0,1517.0,233.0,137.0,50.0,0.8333,74.0,Mauddud (MA),137779.0,1.0958,0.4558,8.9,12.82,1.1044,1.0419,156.2,1883.3,391.3,26.23,1492.0,1807.5,1807.5,315.5,21.15,21.15,OVER_PREDICTION,True,True,True,True,True,True,False,False,2. QUALIFIED_5QC_HISTORICAL_RUN,Pass 5 QC Gates (Historical Completion Run: Days = -301.2)
GC-31,SA-0864ST1_T,2024-03-16 07:00,Halliburton / Summit ESP,400 Series (Summit SF),SF1750,SF1750,374,5850.0,30.8,30.8,1184.0,2741.0,1557.0,259.0,142.0,50.0,0.8333,72.5,Mauddud (MA),137779.0,1.0958,0.4542,9.17,13.21,1.1216,1.0479,199.0,1883.3,167.3,9.75,1716.0,1797.2,1797.2,81.2,4.73,4.73,OVER_PREDICTION,True,True,True,True,True,True,True,True,1. QUALIFIED_5QC_CLEAN_ACTIVE,Pass: Active completion run meeting all 5 QC physical screening gates
GC-31,SA-0864ST1_T,2024-11-19 08:45,Halliburton / Summit ESP,400 Series (Summit SF),SF1750,SF1750,374,5850.0,278.9,278.9,1396.0,2792.0,1396.0,271.0,150.0,50.0,0.8333,89.8,Mauddud (MA),137779.0,1.0958,0.4722,7.9,11.38,1.1389,1.0321,241.3,1883.3,172.3,10.07,1711.0,1824.7,1824.7,113.7,6.65,6.65,OVER_PREDICTION,True,True,True,True,True,True,True,True,1. QUALIFIED_5QC_CLEAN_ACTIVE,Pass: Active completion run meeting all 5 QC physical screening gates
GC-31,SA-0864ST1_T,2025-04-21 08:15,Halliburton / Summit ESP,400 Series (Summit SF),SF1750,SF1750,374,5850.0,431.8,431.8,1295.0,2792.0,1497.0,281.0,148.0,50.0,0.8333,86.8,Mauddud (MA),137779.0,1.0958,0.4691,8.53,12.28,1.1305,1.0346,221.0,1883.3,44.3,2.41,1839.0,1820.3,1820.3,-18.7,-1.02,1.02,UNDER_PREDICTION,True,True,True,True,True,True,True,True,1. QUALIFIED_5QC_CLEAN_ACTIVE,Pass: Active completion run meeting all 5 QC physical screening gates
GC-31,SA-0864ST1_T,2025-09-03 08:00,Halliburton / Summit ESP,400 Series (Summit SF),SF1750,SF1750,374,5850.0,566.8,566.8,1100.0,2807.0,1707.0,274.0,151.0,50.0,0.8333,84.6,Mauddud (MA),137779.0,1.0958,0.4668,9.78,14.08,1.115,1.0346,182.7,1861.7,172.7,10.22,1689.0,1799.4,1799.4,110.4,6.54,6.54,OVER_PREDICTION,True,True,True,True,True,True,True,True,1. QUALIFIED_5QC_CLEAN_ACTIVE,Pass: Active completion run meeting all 5 QC physical screening gates
GC-31,SA-0864ST1_T,2026-01-12 09:00,Halliburton / Summit ESP,400 Series (Summit SF),SF1750,SF1750,374,5850.0,697.9,697.9,1061.0,2849.0,1788.0,297.0,142.0,50.0,0.8333,90.3,Mauddud (MA),137779.0,1.0958,0.4728,10.11,14.56,1.112,1.0289,175.2,1838.2,105.2,6.07,1733.0,1786.5,1786.5,53.5,3.09,3.09,OVER_PREDICTION,True,True,True,True,True,True,True,True,1. QUALIFIED_5QC_CLEAN_ACTIVE,Pass: Active completion run meeting all 5 QC physical screening gates
GC-31,SA-0864ST1_T,2026-05-04 08:00,Halliburton / Summit ESP,400 Series (Summit SF),SF1750,SF1750,374,5850.0,809.8,809.8,922.0,2755.0,1833.0,201.0,151.0,50.0,0.8333,83.7,Mauddud (MA),137779.0,1.0958,0.4659,10.52,15.15,1.1015,1.0333,148.9,1808.3,205.3,12.81,1603.0,1750.1,1750.1,147.1,9.18,9.18,OVER_PREDICTION,True,True,True,True,True,True,True,True,1. QUALIFIED_5QC_CLEAN_ACTIVE,Pass: Active completion run meeting all 5 QC physical screening gates
GC-31,SA-0889_T,2022-01-09 08:00,Alkhorayef (ACC),538 Series (ACC WG),WG-4000c,WG-4000,130,7400.0,0.0,-1259.7,1665.0,,,195.8,137.1,51.0,0.85,28.9,Mauddud (MA),137779.0,1.0958,0.4088,,,1.1621,1.121,296.7,,,,1986.0,,,,,,,False,False,False,True,True,False,False,False,7. FAILED_MISSING_TELEMETRY,"Failed Gate 1: Missing Telemetry (PIP=1665.0, PDP=nan)"
GC-31,SA-0889_T,2022-05-03 08:15,Alkhorayef (ACC),538 Series (ACC WG),WG-4000c,WG-4000,130,7400.0,0.0,-1145.7,1473.0,2998.0,1525.0,192.0,141.0,53.0,0.8833,20.3,Mauddud (MA),137779.0,1.0958,0.3998,29.34,37.6,1.1454,1.1199,256.9,3674.8,1847.8,101.14,1827.0,3281.3,3281.3,1454.3,79.6,79.6,OVER_PREDICTION,True,True,True,True,True,True,False,False,2. QUALIFIED_5QC_HISTORICAL_RUN,Pass 5 QC Gates (Historical Completion Run: Days = -1145.7)
GC-31,SA-0889_T,2022-09-02 08:00,Alkhorayef (ACC),538 Series (ACC WG),WG-4000c,WG-4000,130,7400.0,0.0,-1023.7,1428.0,3043.0,1615.0,221.0,141.0,53.0,0.8833,24.0,Mauddud (MA),137779.0,1.0958,0.4037,30.78,39.45,1.1416,1.1124,247.8,3432.4,1818.4,112.66,1614.0,3085.6,3085.6,1471.6,91.18,91.18,OVER_PREDICTION,True,True,True,True,True,True,False,False,2. QUALIFIED_5QC_HISTORICAL_RUN,Pass 5 QC Gates (Historical Completion Run: Days = -1023.7)
GC-31,SA-0889_T,2022-10-11 08:00,Alkhorayef (ACC),538 Series (ACC WG),WG-4000c,WG-4000,130,7400.0,0.0,-984.7,1488.0,3081.0,1593.0,232.0,131.3,53.0,0.8833,24.4,Mauddud (MA),137779.0,1.0958,0.4041,30.33,38.87,1.1467,1.1158,260.0,3511.1,1577.1,81.55,1934.0,3146.8,3146.8,1212.8,62.71,62.71,OVER_PREDICTION,True,True,True,True,True,True,False,False,2. QUALIFIED_5QC_HISTORICAL_RUN,Pass 5 QC Gates (Historical Completion Run: Days = -984.7)
GC-31,SA-0889_T,2023-02-04 08:15,Alkhorayef (ACC),538 Series (ACC WG),WG-4000c,WG-4000,130,7400.0,0.0,-868.7,1425.0,3069.0,1644.0,236.0,141.0,55.0,0.9167,20.6,Mauddud (MA),137779.0,1.0958,0.4001,31.61,37.62,1.1413,1.1163,247.1,3811.0,1846.0,93.94,1965.0,3413.9,3413.9,1448.9,73.74,73.74,OVER_PREDICTION,True,True,True,True,True,True,False,False,2. QUALIFIED_5QC_HISTORICAL_RUN,Pass 5 QC Gates (Historical Completion Run: Days = -868.7)
GC-31,SA-0889_T,2023-07-11 10:45,Alkhorayef (ACC),538 Series (ACC WG),WG-4000c,WG-4000,130,7400.0,0.0,-711.6,1377.0,3068.0,1691.0,212.0,147.0,55.0,0.9167,30.9,Mauddud (MA),137779.0,1.0958,0.4109,31.66,37.68,1.1373,1.1011,237.4,3803.0,1835.0,93.24,1968.0,3454.0,3454.0,1486.0,75.51,75.51,OVER_PREDICTION,True,True,True,True,True,True,False,False,2. QUALIFIED_5QC_HISTORICAL_RUN,Pass 5 QC Gates (Historical Completion Run: Days = -711.6)
GC-31,SA-0889_T,2023-11-25 08:00,Alkhorayef (ACC),538 Series (ACC WG),WG-4000c,WG-4000,130,7400.0,0.0,-574.7,1515.0,3180.0,1665.0,227.9,150.4,55.0,0.9167,32.0,Mauddud (MA),137779.0,1.0958,0.412,31.09,37.0,1.149,1.1077,265.6,3890.9,1826.5,88.48,2064.4,3512.6,3512.6,1448.2,70.15,70.15,OVER_PREDICTION,True,True,True,True,True,True,False,False,2. QUALIFIED_5QC_HISTORICAL_RUN,Pass 5 QC Gates (Historical Completion Run: Days = -574.7)
GC-31,SA-0889_T,2024-06-26 07:30,Alkhorayef (ACC),538 Series (ACC WG),WG-4000c,WG-4000,130,7400.0,0.0,-360.7,1497.0,3130.0,1633.0,208.0,151.0,55.0,0.9167,35.0,Mauddud (MA),137779.0,1.0958,0.4151,30.26,36.01,1.1474,1.1028,261.9,4013.0,1917.0,91.46,2096.0,3638.8,3638.8,1542.8,73.61,73.61,OVER_PREDICTION,True,True,True,True,True,True,False,False,2. QUALIFIED_5QC_HISTORICAL_RUN,Pass 5 QC Gates (Historical Completion Run: Days = -360.7)
GC-31,SA-0889_T,2024-11-16 08:00,Alkhorayef (ACC),538 Series (ACC WG),WG-4000c,WG-4000,130,7400.0,0.0,-217.7,1814.0,3289.0,1475.0,226.0,149.0,50.0,0.8333,44.9,Mauddud (MA),137779.0,1.0958,0.4254,26.67,38.41,1.1755,1.1057,328.2,3368.7,1966.7,140.28,1402.0,3046.8,3046.8,1644.8,117.32,117.32,OVER_PREDICTION,True,True,True,True,True,True,False,False,2. QUALIFIED_5QC_HISTORICAL_RUN,Pass 5 QC Gates (Historical Completion Run: Days = -217.7)
GC-31,SA-0889_T,2025-02-19 07:45,Alkhorayef (ACC),538 Series (ACC WG),WG-4000c,WG-4000,130,7400.0,0.0,-122.7,2372.0,3438.0,1066.0,246.0,127.0,52.0,0.8667,51.6,Mauddud (MA),137779.0,1.0958,0.4324,18.96,25.24,1.1848,1.0998,350.0,4799.4,4277.4,819.43,522.0,4364.0,4364.0,3842.0,736.02,736.02,OVER_PREDICTION,True,True,True,True,True,True,False,False,2. QUALIFIED_5QC_HISTORICAL_RUN,Pass 5 QC Gates (Historical Completion Run: Days = -122.7)
GC-31,SA-0889_T,2025-07-05 08:30,Alkhorayef (ACC),538 Series (ACC WG),WG-4000c,WG-4000,130,7400.0,13.4,13.4,1253.0,3368.0,2115.0,241.0,162.0,49.0,0.8167,54.0,Mauddud (MA),137779.0,1.0958,0.4349,37.41,56.09,1.1271,1.0693,212.6,241.3,-1880.7,-88.63,2122.0,225.7,225.7,-1896.3,-89.36,89.36,UNDER_PREDICTION,True,True,True,True,True,True,True,True,1. QUALIFIED_5QC_CLEAN_ACTIVE,Pass: Active completion run meeting all 5 QC physical screening gates
GC-31,SA-0889_T,2025-09-28 20:00,Alkhorayef (ACC),538 Series (ACC WG),WG-4000c,WG-4000,130,7400.0,98.8,98.8,1250.0,3440.0,2190.0,241.0,149.0,49.0,0.8167,55.1,Mauddud (MA),137779.0,1.0958,0.4361,38.63,57.92,1.1269,1.068,212.0,0.0,-1949.0,-100.0,1949.0,0.0,0.0,-1949.0,-100.0,100.0,UNDER_PREDICTION,True,True,True,True,True,True,True,True,1. QUALIFIED_5QC_CLEAN_ACTIVE,Pass: Active completion run meeting all 5 QC physical screening gates
GC-31,SA-0889_T,2026-01-16 08:00,Alkhorayef (ACC),538 Series (ACC WG),WG-4000c,WG-4000,130,7400.0,208.3,208.3,1361.0,3544.0,2183.0,294.0,152.0,49.0,0.8167,54.3,Mauddud (MA),137779.0,1.0958,0.4352,38.58,57.84,1.136,1.073,234.2,0.0,-1950.0,-100.0,1950.0,0.0,0.0,-1950.0,-100.0,100.0,UNDER_PREDICTION,True,True,True,True,True,True,True,True,1. QUALIFIED_5QC_CLEAN_ACTIVE,Pass: Active completion run meeting all 5 QC physical screening gates
GC-31,SA-0889_T,2026-07-25 08:30,Alkhorayef (ACC),538 Series (ACC WG),WG-4000c,WG-4000,130,7400.0,398.4,398.4,1382.0,3645.0,2263.0,217.0,166.0,50.0,0.8333,65.8,Mauddud (MA),137779.0,1.0958,0.4472,38.92,56.05,1.1377,1.0603,238.4,253.8,-1817.2,-87.75,2071.0,239.4,239.4,-1831.6,-88.44,88.44,UNDER_PREDICTION,True,True,True,True,True,True,True,True,1. QUALIFIED_5QC_CLEAN_ACTIVE,Pass: Active completion run meeting all 5 QC physical screening gates
GC-31,SA-0894_T,2021-12-27 08:15,REDA (Schlumberger),538/540 Series (REDA S),S2000N,S2000N,152,7050.0,0.0,-1494.1,,,,170.3,137.4,50.0,0.8333,76.5,Upper Burgan (UB),199739.0,1.1388,0.4584,,,1.1477,1.05,262.5,,,,2403.9,,,,,,,False,False,False,True,True,False,False,False,7. FAILED_MISSING_TELEMETRY,"Failed Gate 1: Missing Telemetry (PIP=nan, PDP=nan)"
GC-31,SA-0894_T,2022-12-28 08:45,REDA (Schlumberger),538/540 Series (REDA S),S2000N,S2000N,152,7050.0,0.0,-1128.1,2797.0,3663.7,866.7,326.0,149.0,50.0,0.8333,83.0,Upper Burgan (UB),199739.0,1.1388,0.4652,12.26,17.66,1.1848,1.048,350.0,2499.9,-937.1,-27.27,3437.0,2385.4,2385.4,-1051.6,-30.6,30.6,UNDER_PREDICTION,True,True,True,True,True,True,False,False,2. QUALIFIED_5QC_HISTORICAL_RUN,Pass 5 QC Gates (Historical Completion Run: Days = -1128.1)
GC-31,SA-0894_T,2023-03-16 00:15,REDA (Schlumberger),538/540 Series (REDA S),S2000N,S2000N,152,7050.0,0.0,-1050.4,2888.0,3874.7,986.7,332.0,151.0,50.0,0.8333,90.3,Upper Burgan (UB),199739.0,1.1388,0.4728,13.73,19.77,1.1848,1.036,350.0,2499.9,-689.1,-21.61,3189.0,2413.1,2413.1,-775.9,-24.33,24.33,UNDER_PREDICTION,True,True,True,True,True,True,False,False,2. QUALIFIED_5QC_HISTORICAL_RUN,Pass 5 QC Gates (Historical Completion Run: Days = -1050.4)
GC-31,SA-0894_T,2023-06-29 07:30,REDA (Schlumberger),538/540 Series (REDA S),S2000N,S2000N,152,7050.0,0.0,-945.1,2920.0,3940.7,1020.7,347.5,156.0,50.0,0.8333,89.0,Upper Burgan (UB),199739.0,1.1388,0.4714,14.24,20.51,1.1848,1.0381,350.0,2499.9,-603.3,-19.44,3103.2,2408.1,2408.1,-695.1,-22.4,22.4,UNDER_PREDICTION,True,True,True,True,True,True,False,False,2. QUALIFIED_5QC_HISTORICAL_RUN,Pass 5 QC Gates (Historical Completion Run: Days = -945.1)
GC-31,SA-0894_T,2024-01-15 08:45,REDA (Schlumberger),538/540 Series (REDA S),S2000N,S2000N,152,7050.0,0.0,-745.1,2985.0,3973.0,988.0,324.0,156.0,50.0,0.8333,86.1,Upper Burgan (UB),199739.0,1.1388,0.4684,13.88,19.99,1.1848,1.0429,350.0,2499.9,-564.1,-18.41,3064.0,2397.0,2397.0,-667.0,-21.77,21.77,UNDER_PREDICTION,True,True,True,True,True,True,False,False,2. QUALIFIED_5QC_HISTORICAL_RUN,Pass 5 QC Gates (Historical Completion Run: Days = -745.1)
GC-31,SA-0894_T,2024-05-20 08:30,REDA (Schlumberger),538/540 Series (REDA S),S2000N,S2000N,152,7050.0,0.0,-619.1,2993.0,4028.0,1035.0,348.9,159.7,50.0,0.8333,89.5,Upper Burgan (UB),199739.0,1.1388,0.4719,14.43,20.78,1.1848,1.0373,350.0,2499.9,-526.6,-17.4,3026.5,2410.0,2410.0,-616.5,-20.37,20.37,UNDER_PREDICTION,True,True,True,True,True,True,False,False,2. QUALIFIED_5QC_HISTORICAL_RUN,Pass 5 QC Gates (Historical Completion Run: Days = -619.1)
GC-31,SA-0894_T,2025-07-05 08:30,REDA (Schlumberger),538/540 Series (REDA S),S2000N,S2000N,152,7050.0,0.0,-208.1,0.0,,,306.0,109.0,45.0,0.75,38.7,Upper Burgan (UB),199739.0,1.1388,0.419,,,1.1477,1.0983,262.5,,,,538.0,,,,,,,False,False,False,True,True,False,False,False,7. FAILED_MISSING_TELEMETRY,"Failed Gate 1: Missing Telemetry (PIP=0.0, PDP=nan)"
GC-31,SA-0894_T,2026-04-26 08:15,REDA (Schlumberger),538/540 Series (REDA S),S2000N,S2000N,152,7050.0,86.9,86.9,0.0,0.0,0.0,218.0,91.0,55.0,0.9167,0.0,Upper Burgan (UB),199739.0,1.1388,0.3786,,,1.1477,1.1477,262.5,,,,172.0,,,,,,,True,False,False,True,True,False,True,False,3. FAILED_ZERO_NEGATIVE_LIFT,"Failed Gate 2: Negative/Zero Lift (PDP=0.0 <= PIP=0.0, dP=0.0 psi)"
GC-31,SA-0894_T,2026-07-30 10:15,REDA (Schlumberger),538/540 Series (REDA S),S2000N,S2000N,152,7050.0,182.0,182.0,0.0,0.0,0.0,193.0,104.0,55.0,0.9167,37.2,Upper Burgan (UB),199739.0,1.1388,0.4174,,,1.1477,1.1002,262.5,,,,191.0,,,,,,,True,False,False,True,True,False,True,False,3. FAILED_ZERO_NEGATIVE_LIFT,"Failed Gate 2: Negative/Zero Lift (PDP=0.0 <= PIP=0.0, dP=0.0 psi)"
GC-31,SA-0900ST1_T,2021-03-11 08:15,Borets,538 Series (Borets WFT-538),B538-1500,B538-1500,120,7250.0,0.0,-1214.2,2270.0,,,270.0,129.0,50.0,0.8333,61.0,Mauddud (MA),137779.0,1.0958,0.4422,,,1.1848,1.0843,350.0,,,,676.0,,,,,,,False,False,False,True,True,False,False,False,7. FAILED_MISSING_TELEMETRY,"Failed Gate 1: Missing Telemetry (PIP=2270.0, PDP=nan)"
GC-31,SA-0900ST1_T,2021-09-30 09:15,Borets,538 Series (Borets WFT-538),B538-1500,B538-1500,120,7250.0,0.0,-1011.2,,,,200.0,124.0,50.0,0.8333,88.0,Mauddud (MA),137779.0,1.0958,0.4704,,,1.1477,1.0353,262.5,,,,700.0,,,,,,,False,False,False,True,True,False,False,False,7. FAILED_MISSING_TELEMETRY,"Failed Gate 1: Missing Telemetry (PIP=nan, PDP=nan)"
GC-31,SA-0900ST1_T,2022-01-21 09:00,Borets,538 Series (Borets WFT-538),B538-1500,B538-1500,120,7250.0,0.0,-898.2,2344.0,,,186.0,116.0,50.0,0.8333,82.0,Mauddud (MA),137779.0,1.0958,0.4641,,,1.1848,1.0497,350.0,,,,1040.0,,,,,,,False,False,False,True,True,False,False,False,7. FAILED_MISSING_TELEMETRY,"Failed Gate 1: Missing Telemetry (PIP=2344.0, PDP=nan)"
GC-31,SA-0900ST1_T,2022-04-15 08:30,Borets,538 Series (Borets WFT-538),B538-1500,B538-1500,120,7250.0,0.0,-814.2,2314.0,3618.0,1304.0,179.0,140.0,50.0,0.8333,93.2,Mauddud (MA),137779.0,1.0958,0.4758,22.84,32.89,1.1848,1.0312,350.0,2227.3,1179.3,112.53,1048.0,2159.9,2159.9,1111.9,106.1,106.1,OVER_PREDICTION,True,True,True,True,True,True,False,False,2. QUALIFIED_5QC_HISTORICAL_RUN,Pass 5 QC Gates (Historical Completion Run: Days = -814.2)
GC-31,SA-0900ST1_T,2024-08-09 10:30,Borets,538 Series (Borets WFT-538),B538-1500,B538-1500,120,7250.0,32.9,32.9,559.0,2813.0,2254.0,228.6,115.0,52.0,0.8667,0.0,Mauddud (MA),137779.0,1.0958,0.3786,49.61,66.04,1.0763,1.0763,84.2,717.7,169.5,30.92,548.2,666.8,666.8,118.6,21.63,21.63,OVER_PREDICTION,True,True,True,True,True,True,True,True,1. QUALIFIED_5QC_CLEAN_ACTIVE,Pass: Active completion run meeting all 5 QC physical screening gates
GC-31,SA-0900ST1_T,2024-11-14 11:00,Borets,538 Series (Borets WFT-538),B538-1500,B538-1500,120,7250.0,129.9,129.9,608.0,2952.0,2344.0,283.0,103.0,52.0,0.8667,2.3,Mauddud (MA),137779.0,1.0958,0.381,51.26,68.24,1.0795,1.0781,92.5,0.0,-345.0,-100.0,345.0,0.0,0.0,-345.0,-100.0,100.0,UNDER_PREDICTION,True,True,True,True,True,True,True,True,1. QUALIFIED_5QC_CLEAN_ACTIVE,Pass: Active completion run meeting all 5 QC physical screening gates
GC-31,SA-0900ST1_T,2025-02-23 22:15,Borets,538 Series (Borets WFT-538),B538-1500,B538-1500,120,7250.0,231.4,231.4,935.0,3018.0,2083.0,431.0,82.0,52.0,0.8667,1.8,Mauddud (MA),137779.0,1.0958,0.3805,45.62,60.73,1.1025,1.101,151.3,1272.8,819.8,180.97,453.0,1156.1,1156.1,703.1,155.21,155.21,OVER_PREDICTION,True,True,True,True,True,True,True,True,1. QUALIFIED_5QC_CLEAN_ACTIVE,Pass: Active completion run meeting all 5 QC physical screening gates
GC-31,SA-0900ST1_T,2025-07-26 06:00,Borets,538 Series (Borets WFT-538),B538-1500,B538-1500,120,7250.0,383.7,383.7,909.0,2876.0,1967.0,373.0,101.0,52.0,0.8667,12.5,Mauddud (MA),137779.0,1.0958,0.3917,41.85,55.71,1.1005,1.0905,146.5,1591.0,1152.0,262.41,439.0,1459.0,1459.0,1020.0,232.35,232.35,OVER_PREDICTION,True,True,True,True,True,True,True,True,1. QUALIFIED_5QC_CLEAN_ACTIVE,Pass: Active completion run meeting all 5 QC physical screening gates
GC-31,SA-0900ST1_T,2025-10-20 08:15,Borets,538 Series (Borets WFT-538),B538-1500,B538-1500,120,7250.0,469.8,469.8,938.0,3042.0,2104.0,391.0,102.0,53.0,0.8833,16.8,Mauddud (MA),137779.0,1.0958,0.3962,44.26,56.73,1.1027,1.0888,151.9,1566.1,1269.1,427.31,297.0,1438.4,1438.4,1141.4,384.31,384.31,OVER_PREDICTION,True,True,True,True,True,True,True,True,1. QUALIFIED_5QC_CLEAN_ACTIVE,Pass: Active completion run meeting all 5 QC physical screening gates
GC-31,SA-0900ST1_T,2026-02-07 17:00,Borets,538 Series (Borets WFT-538),B538-1500,B538-1500,120,7250.0,580.1,580.1,906.0,3082.0,2176.0,426.0,97.0,56.0,0.9333,21.4,Mauddud (MA),137779.0,1.0958,0.4009,45.23,51.93,1.1003,1.0831,145.9,1898.6,1483.6,357.49,415.0,1752.9,1752.9,1337.9,322.39,322.39,OVER_PREDICTION,True,True,True,True,True,True,True,True,1. QUALIFIED_5QC_CLEAN_ACTIVE,Pass: Active completion run meeting all 5 QC physical screening gates
GC-31,SA-0900ST1_T,2026-04-27 10:15,Borets,538 Series (Borets WFT-538),B538-1500,B538-1500,120,7250.0,658.9,658.9,0.0,0.0,0.0,390.0,108.0,53.0,0.8833,27.0,Mauddud (MA),137779.0,1.0958,0.4068,,,1.1477,1.1132,262.5,,,,396.0,,,,,,,True,False,False,True,True,False,True,False,3. FAILED_ZERO_NEGATIVE_LIFT,"Failed Gate 2: Negative/Zero Lift (PDP=0.0 <= PIP=0.0, dP=0.0 psi)"
GC-31,SA-0922_T,2021-04-28 05:45,Alkhorayef (ACC),400 Series (ACC WD),WD-1000MF,WD-1000,316,9000.0,0.0,-1619.1,,,,730.0,92.0,50.0,0.8333,4.1,Zubair (ZU),155000.0,1.1077,0.3829,,,1.1477,1.1424,262.5,,,,244.0,,,,,,,False,False,False,True,True,False,False,False,7. FAILED_MISSING_TELEMETRY,"Failed Gate 1: Missing Telemetry (PIP=nan, PDP=nan)"
GC-31,SA-0922_T,2021-09-18 08:15,Alkhorayef (ACC),400 Series (ACC WD),WD-1000MF,WD-1000,316,9000.0,0.0,-1476.0,,,,817.0,95.0,50.0,0.8333,0.0,Zubair (ZU),155000.0,1.1077,0.3786,,,1.1477,1.1477,262.5,,,,256.0,,,,,,,False,False,False,True,True,False,False,False,7. FAILED_MISSING_TELEMETRY,"Failed Gate 1: Missing Telemetry (PIP=nan, PDP=nan)"
GC-31,SA-0922_T,2021-12-21 08:30,Alkhorayef (ACC),400 Series (ACC WD),WD-1000MF,WD-1000,316,9000.0,0.0,-1382.0,,,,957.0,62.0,50.0,0.8333,0.0,Zubair (ZU),155000.0,1.1077,0.3786,,,1.1477,1.1477,262.5,,,,211.0,,,,,,,False,False,False,True,True,False,False,False,7. FAILED_MISSING_TELEMETRY,"Failed Gate 1: Missing Telemetry (PIP=nan, PDP=nan)"
GC-31,SA-0922_T,2022-05-27 08:30,Alkhorayef (ACC),400 Series (ACC WD),WD-1000MF,WD-1000,316,9000.0,0.0,-1225.0,,,,1030.0,95.0,50.0,0.8333,0.0,Zubair (ZU),155000.0,1.1077,0.3786,,,1.1477,1.1477,262.5,,,,304.0,,,,,,,False,False,False,True,True,False,False,False,7. FAILED_MISSING_TELEMETRY,"Failed Gate 1: Missing Telemetry (PIP=nan, PDP=nan)"
GC-31,SA-0922_T,2022-08-31 08:00,Alkhorayef (ACC),400 Series (ACC WD),WD-1000MF,WD-1000,316,9000.0,0.0,-1129.0,,,,956.0,94.0,50.0,0.8333,0.0,Zubair (ZU),155000.0,1.1077,0.3786,,,1.1477,1.1477,262.5,,,,231.0,,,,,,,False,False,False,True,True,False,False,False,7. FAILED_MISSING_TELEMETRY,"Failed Gate 1: Missing Telemetry (PIP=nan, PDP=nan)"
GC-31,SA-0922_T,2023-06-12 08:15,Alkhorayef (ACC),400 Series (ACC WD),WD-1000MF,WD-1000,316,9000.0,0.0,-844.0,,,,222.0,101.0,50.0,0.8333,0.0,Zubair (ZU),155000.0,1.1077,0.3786,,,1.1477,1.1477,262.5,,,,130.0,,,,,,,False,False,False,True,True,False,False,False,7. FAILED_MISSING_TELEMETRY,"Failed Gate 1: Missing Telemetry (PIP=nan, PDP=nan)"
GC-31,SA-0922_T,2023-09-29 08:00,Alkhorayef (ACC),400 Series (ACC WD),WD-1000MF,WD-1000,316,9000.0,0.0,-735.0,,,,202.0,94.0,50.0,0.8333,0.0,Zubair (ZU),155000.0,1.1077,0.3786,,,1.1477,1.1477,262.5,,,,445.0,,,,,,,False,False,False,True,True,False,False,False,7. FAILED_MISSING_TELEMETRY,"Failed Gate 1: Missing Telemetry (PIP=nan, PDP=nan)"
GC-31,SA-0922_T,2024-02-09 08:15,Alkhorayef (ACC),400 Series (ACC WD),WD-1000MF,WD-1000,316,9000.0,0.0,-602.0,,,,198.0,93.0,50.0,0.8333,0.0,Zubair (ZU),155000.0,1.1077,0.3786,,,1.1477,1.1477,262.5,,,,360.0,,,,,,,False,False,False,True,True,False,False,False,7. FAILED_MISSING_TELEMETRY,"Failed Gate 1: Missing Telemetry (PIP=nan, PDP=nan)"
GC-31,SA-0922_T,2025-11-18 18:45,Alkhorayef (ACC),400 Series (ACC WD),WD-1000MF,WD-1000,316,9000.0,46.4,46.4,949.0,3159.0,2210.0,205.0,106.0,50.0,0.8333,20.9,Zubair (ZU),155000.0,1.1077,0.4004,17.47,25.16,1.1035,1.086,154.0,1073.0,226.0,26.68,847.0,988.0,988.0,141.0,16.65,16.65,OVER_PREDICTION,True,True,True,True,True,True,True,True,1. QUALIFIED_5QC_CLEAN_ACTIVE,Pass: Active completion run meeting all 5 QC physical screening gates
GC-31,SA-0922_T,2026-02-19 07:30,Alkhorayef (ACC),400 Series (ACC WD),WD-1000MF,WD-1000,316,9000.0,139.0,139.0,837.0,2513.0,1676.0,236.0,106.0,50.0,0.8333,5.5,Zubair (ZU),155000.0,1.1077,0.3844,13.8,19.87,1.0953,1.0912,133.2,1221.2,470.2,62.61,751.0,1119.2,1119.2,368.2,49.03,49.03,OVER_PREDICTION,True,True,True,True,True,True,True,True,1. QUALIFIED_5QC_CLEAN_ACTIVE,Pass: Active completion run meeting all 5 QC physical screening gates
GC-31,SA-0922_T,2026-06-10 07:45,Alkhorayef (ACC),400 Series (ACC WD),WD-1000MF,WD-1000,316,9000.0,250.0,250.0,680.0,2705.0,2025.0,166.0,110.0,50.0,0.8333,10.2,Zubair (ZU),155000.0,1.1077,0.3893,16.46,23.7,1.0843,1.0778,105.0,1117.5,393.5,54.35,724.0,1036.9,1036.9,312.9,43.22,43.22,OVER_PREDICTION,True,True,True,True,True,True,True,True,1. QUALIFIED_5QC_CLEAN_ACTIVE,Pass: Active completion run meeting all 5 QC physical screening gates
GC-31,SA-0948_T,2021-12-20 06:45,Baker Hughes (Centrilift),400 Series (Centrilift P/Flex),FLEX10,FLEX10,309,7300.0,0.0,-1056.5,2329.0,,,78.0,147.0,50.0,0.8333,100.0,Upper Burgan (UB),199739.0,1.1388,0.4829,,,1.1848,1.02,350.0,,,,2994.0,,,,,,,False,False,False,True,False,False,False,False,7. FAILED_MISSING_TELEMETRY,"Failed Gate 1: Missing Telemetry (PIP=2329.0, PDP=nan)"
GC-31,SA-0948_T,2022-01-09 22:15,Baker Hughes (Centrilift),400 Series (Centrilift P/Flex),FLEX10,FLEX10,309,7300.0,0.0,-1035.9,,2270.0,,23.0,91.0,50.0,0.8333,89.6,Upper Burgan (UB),199739.0,1.1388,0.472,,,1.1477,1.0333,262.5,,,,1092.0,,,,,,,False,False,False,True,True,False,False,False,7. FAILED_MISSING_TELEMETRY,"Failed Gate 1: Missing Telemetry (PIP=nan, PDP=2270.0)"
GC-31,SA-0948_T,2022-03-10 08:00,Baker Hughes (Centrilift),400 Series (Centrilift P/Flex),FLEX10,FLEX10,309,7300.0,0.0,-976.5,711.0,,,218.0,97.0,50.0,0.8333,20.2,Upper Burgan (UB),199739.0,1.1388,0.3997,,,1.0864,1.073,110.5,,,,893.0,,,,,,,False,False,False,True,True,False,False,False,7. FAILED_MISSING_TELEMETRY,"Failed Gate 1: Missing Telemetry (PIP=711.0, PDP=nan)"
GC-31,SA-0948_T,2023-07-04 08:45,Baker Hughes (Centrilift),400 Series (Centrilift P/Flex),FLEX10,FLEX10,309,7300.0,0.0,-495.4,880.0,2115.7,1235.7,482.0,97.0,46.0,0.7667,0.0,Upper Burgan (UB),199739.0,1.1388,0.3786,10.56,17.96,1.0984,1.0984,141.1,1045.1,476.1,83.67,569.0,951.5,951.5,382.5,67.22,67.22,OVER_PREDICTION,True,True,True,True,True,True,False,False,2. QUALIFIED_5QC_HISTORICAL_RUN,Pass 5 QC Gates (Historical Completion Run: Days = -495.4)
GC-31,SA-0948_T,2023-12-20 08:30,Baker Hughes (Centrilift),400 Series (Centrilift P/Flex),FLEX10,FLEX10,309,7300.0,0.0,-326.4,1609.0,3180.0,1571.0,244.0,82.0,45.0,0.75,3.0,Upper Burgan (UB),199739.0,1.1388,0.3818,13.32,23.68,1.1571,1.153,285.0,907.3,741.3,446.57,166.0,786.9,786.9,620.9,374.04,374.04,OVER_PREDICTION,True,True,True,True,True,True,False,False,2. QUALIFIED_5QC_HISTORICAL_RUN,Pass 5 QC Gates (Historical Completion Run: Days = -326.4)
GC-31,SA-0948_T,2024-01-02 08:30,Baker Hughes (Centrilift),400 Series (Centrilift P/Flex),FLEX10,FLEX10,309,7300.0,0.0,-313.4,1057.0,2502.0,1445.0,569.0,90.0,45.0,0.75,34.4,Upper Burgan (UB),199739.0,1.1388,0.4145,11.28,20.05,1.1117,1.0801,174.4,982.4,333.4,51.37,649.0,909.5,909.5,260.5,40.14,40.14,OVER_PREDICTION,True,True,True,True,True,True,False,False,2. QUALIFIED_5QC_HISTORICAL_RUN,Pass 5 QC Gates (Historical Completion Run: Days = -313.4)
GC-31,SA-0948_T,2024-10-30 00:10,Baker Hughes (Centrilift),400 Series (Centrilift P/Flex),FLEX10,FLEX10,309,7300.0,0.0,-11.8,553.0,2466.0,1913.0,12.0,91.0,50.0,0.8333,99.0,Upper Burgan (UB),199739.0,1.1388,0.4818,12.85,18.51,1.0759,1.0206,83.1,1124.5,711.5,172.28,413.0,1101.8,1101.8,688.8,166.78,166.78,OVER_PREDICTION,True,True,True,True,False,False,False,False,6. FAILED_EXCESSIVE_WATER_CUT,Failed Gate 5: Excessive Water Cut (WC = 99.0% > 98.0% threshold)
GC-31,SA-0948_T,2024-11-13 16:30,Baker Hughes (Centrilift),400 Series (Centrilift P/Flex),FLEX10,FLEX10,309,7300.0,2.9,2.9,1296.0,2891.0,1595.0,10.0,94.0,50.0,0.8333,96.0,Upper Burgan (UB),199739.0,1.1388,0.4787,10.78,15.52,1.1306,1.0244,221.2,1185.4,25.4,2.19,1160.0,1157.1,1157.1,-2.9,-0.25,0.25,UNDER_PREDICTION,True,True,True,True,True,True,True,True,1. QUALIFIED_5QC_CLEAN_ACTIVE,Pass: Active completion run meeting all 5 QC physical screening gates
GC-31,SA-0948_T,2024-12-21 09:15,Baker Hughes (Centrilift),400 Series (Centrilift P/Flex),FLEX10,FLEX10,309,7300.0,40.6,40.6,1061.0,2835.0,1774.0,268.0,108.0,50.0,0.8333,42.1,Upper Burgan (UB),199739.0,1.1388,0.4225,13.59,19.57,1.112,1.0732,175.2,1102.0,271.0,32.61,831.0,1026.8,1026.8,195.8,23.56,23.56,OVER_PREDICTION,True,True,True,True,True,True,True,True,1. QUALIFIED_5QC_CLEAN_ACTIVE,Pass: Active completion run meeting all 5 QC physical screening gates
GC-31,SA-0948_T,2025-08-18 17:00,Baker Hughes (Centrilift),400 Series (Centrilift P/Flex),FLEX10,FLEX10,309,7300.0,280.9,280.9,920.0,2768.0,1848.0,273.0,114.0,50.0,0.8333,51.0,Upper Burgan (UB),199739.0,1.1388,0.4318,13.85,19.95,1.1013,1.0599,148.5,1093.7,312.7,40.04,781.0,1031.9,1031.9,250.9,32.13,32.13,OVER_PREDICTION,True,True,True,True,True,True,True,True,1. QUALIFIED_5QC_CLEAN_ACTIVE,Pass: Active completion run meeting all 5 QC physical screening gates
GC-31,SA-0948_T,2025-11-12 21:30,Baker Hughes (Centrilift),400 Series (Centrilift P/Flex),FLEX10,FLEX10,309,7300.0,367.1,367.1,,,,225.0,105.0,50.0,0.8333,40.6,Upper Burgan (UB),199739.0,1.1388,0.421,,,1.1477,1.0958,262.5,,,,517.0,,,,,,,False,False,False,True,True,False,True,False,7. FAILED_MISSING_TELEMETRY,"Failed Gate 1: Missing Telemetry (PIP=nan, PDP=nan)"
GC-31,SA-0948_T,2026-03-04 07:15,Baker Hughes (Centrilift),400 Series (Centrilift P/Flex),FLEX10,FLEX10,309,7300.0,478.5,478.5,0.0,0.0,0.0,237.0,78.0,50.0,0.8333,38.4,Upper Burgan (UB),199739.0,1.1388,0.4187,,,1.1477,1.0987,262.5,,,,503.0,,,,,,,True,False,False,True,True,False,True,False,3. FAILED_ZERO_NEGATIVE_LIFT,"Failed Gate 2: Negative/Zero Lift (PDP=0.0 <= PIP=0.0, dP=0.0 psi)"
GC-31,SA-0949_T,2021-11-25 19:45,Borets,538 Series (Borets WFT-538),B538-1500,B538-1500,148,6700.0,0.0,-1485.6,,,,50.0,110.0,50.0,0.8333,90.0,Mauddud (MA),137779.0,1.0958,0.4725,,,1.1477,1.0328,262.5,,,,1293.0,,,,,,,False,False,False,True,True,False,False,False,7. FAILED_MISSING_TELEMETRY,"Failed Gate 1: Missing Telemetry (PIP=nan, PDP=nan)"
GC-31,SA-0949_T,2022-03-07 08:15,Borets,538 Series (Borets WFT-538),B538-1500,B538-1500,148,6700.0,0.0,-1384.1,,,,188.0,91.0,48.0,0.8,3.9,Mauddud (MA),137779.0,1.0958,0.3827,,,1.1477,1.1427,262.5,,,,598.0,,,,,,,False,False,False,True,True,False,False,False,7. FAILED_MISSING_TELEMETRY,"Failed Gate 1: Missing Telemetry (PIP=nan, PDP=nan)"
GC-31,SA-0949_T,2022-06-08 08:00,Borets,538 Series (Borets WFT-538),B538-1500,B538-1500,148,6700.0,0.0,-1291.1,898.0,2470.0,1572.0,271.0,99.0,48.0,0.8,8.1,Mauddud (MA),137779.0,1.0958,0.3871,27.44,42.87,1.0997,1.0933,144.4,1907.8,1410.8,283.86,497.0,1745.0,1745.0,1248.0,251.11,251.11,OVER_PREDICTION,True,True,True,True,True,True,False,False,2. QUALIFIED_5QC_HISTORICAL_RUN,Pass 5 QC Gates (Historical Completion Run: Days = -1291.1)
GC-31,SA-0949_T,2022-09-19 08:15,Borets,538 Series (Borets WFT-538),B538-1500,B538-1500,148,6700.0,0.0,-1188.1,939.0,2343.0,1404.0,290.0,100.0,48.0,0.8,10.6,Mauddud (MA),137779.0,1.0958,0.3897,24.34,38.03,1.1027,1.094,152.1,2026.2,1410.2,228.93,616.0,1852.1,1852.1,1236.1,200.67,200.67,OVER_PREDICTION,True,True,True,True,True,True,False,False,2. QUALIFIED_5QC_HISTORICAL_RUN,Pass 5 QC Gates (Historical Completion Run: Days = -1188.1)
GC-31,SA-0949_T,2023-03-06 08:30,Borets,538 Series (Borets WFT-538),B538-1500,B538-1500,148,6700.0,0.0,-1020.1,1238.0,2861.0,1623.0,356.0,104.0,47.0,0.7833,48.1,Mauddud (MA),137779.0,1.0958,0.4288,25.58,41.69,1.1259,1.075,209.7,1897.7,1267.7,201.22,630.0,1765.4,1765.4,1135.4,180.22,180.22,OVER_PREDICTION,True,True,True,True,True,True,False,False,2. QUALIFIED_5QC_HISTORICAL_RUN,Pass 5 QC Gates (Historical Completion Run: Days = -1020.1)
GC-31,SA-0949_T,2023-06-27 07:45,Borets,538 Series (Borets WFT-538),B538-1500,B538-1500,148,6700.0,0.0,-907.1,1134.0,2525.0,1391.0,317.6,113.5,47.3,0.7883,23.7,Mauddud (MA),137779.0,1.0958,0.4033,23.3,37.49,1.1176,1.0945,189.3,2008.8,1536.9,325.68,471.9,1835.4,1835.4,1363.5,288.94,288.94,OVER_PREDICTION,True,True,True,True,True,True,False,False,2. QUALIFIED_5QC_HISTORICAL_RUN,Pass 5 QC Gates (Historical Completion Run: Days = -907.1)
GC-31,SA-0949_T,2023-10-12 08:00,Borets,538 Series (Borets WFT-538),B538-1500,B538-1500,148,6700.0,0.0,-800.1,986.0,2671.0,1685.0,252.0,112.0,47.0,0.7833,30.2,Mauddud (MA),137779.0,1.0958,0.4101,27.76,45.24,1.1063,1.0802,160.9,1804.9,1330.9,280.78,474.0,1670.9,1670.9,1196.9,252.51,252.51,OVER_PREDICTION,True,True,True,True,True,True,False,False,2. QUALIFIED_5QC_HISTORICAL_RUN,Pass 5 QC Gates (Historical Completion Run: Days = -800.1)
GC-31,SA-0949_T,2024-01-27 07:30,Borets,538 Series (Borets WFT-538),B538-1500,B538-1500,148,6700.0,0.0,-693.1,1109.0,2783.0,1674.0,257.4,108.0,48.0,0.8,8.6,Mauddud (MA),137779.0,1.0958,0.3876,29.18,45.59,1.1157,1.1075,184.4,1833.4,1274.3,227.92,559.1,1655.5,1655.5,1096.4,196.1,196.1,OVER_PREDICTION,True,True,True,True,True,True,False,False,2. QUALIFIED_5QC_HISTORICAL_RUN,Pass 5 QC Gates (Historical Completion Run: Days = -693.1)
GC-31,SA-0949_T,2026-04-02 09:00,Borets,538 Series (Borets WFT-538),B538-1500,B538-1500,148,6700.0,102.9,102.9,716.0,2779.0,2063.0,384.0,134.0,48.0,0.8,41.6,Mauddud (MA),137779.0,1.0958,0.422,33.03,51.61,1.0868,1.059,111.4,1639.3,731.3,80.54,908.0,1548.0,1548.0,640.0,70.48,70.48,OVER_PREDICTION,True,True,True,True,True,True,True,True,1. QUALIFIED_5QC_CLEAN_ACTIVE,Pass: Active completion run meeting all 5 QC physical screening gates
GC-31,SA-0950_T,2022-01-26 13:15,Halliburton / Summit ESP,400 Series (Summit SF),SF1750,SF1750,375,7800.0,0.0,-985.6,,,,83.0,103.0,50.0,0.8333,79.0,Upper Burgan (UB),199739.0,1.1388,0.461,,,1.1477,1.0468,262.5,,,,1275.0,,,,,,,False,False,False,True,True,False,False,False,7. FAILED_MISSING_TELEMETRY,"Failed Gate 1: Missing Telemetry (PIP=nan, PDP=nan)"
GC-31,SA-0950_T,2022-02-03 01:45,Halliburton / Summit ESP,400 Series (Summit SF),SF1750,SF1750,375,7800.0,0.0,-978.1,1753.0,3100.0,1347.0,155.0,103.0,50.0,0.8333,77.9,Upper Burgan (UB),199739.0,1.1388,0.4598,7.81,11.25,1.1699,1.0531,315.3,1883.3,-29.7,-1.55,1913.0,1788.3,1788.3,-124.7,-6.52,6.52,UNDER_PREDICTION,True,True,True,True,True,True,False,False,2. QUALIFIED_5QC_HISTORICAL_RUN,Pass 5 QC Gates (Historical Completion Run: Days = -978.1)
GC-31,SA-0950_T,2022-03-13 08:45,Halliburton / Summit ESP,400 Series (Summit SF),SF1750,SF1750,375,7800.0,0.0,-939.8,1949.0,,,294.1,134.7,50.0,0.8333,96.1,Upper Burgan (UB),199739.0,1.1388,0.4788,,,1.1848,1.0264,350.0,,,,1746.1,,,,,,,False,False,False,True,True,False,False,False,7. FAILED_MISSING_TELEMETRY,"Failed Gate 1: Missing Telemetry (PIP=1949.0, PDP=nan)"
GC-31,SA-0950_T,2022-08-18 07:45,Halliburton / Summit ESP,400 Series (Summit SF),SF1750,SF1750,375,7800.0,0.0,-781.8,1970.0,3803.0,1833.0,220.0,144.0,50.0,0.8333,97.7,Upper Burgan (UB),199739.0,1.1388,0.4805,10.17,14.65,1.1848,1.0238,350.0,1833.8,321.8,21.28,1512.0,1791.2,1791.2,279.2,18.47,18.47,OVER_PREDICTION,True,True,True,True,True,True,False,False,2. QUALIFIED_5QC_HISTORICAL_RUN,Pass 5 QC Gates (Historical Completion Run: Days = -781.8)
GC-31,SA-0950_T,2023-05-29 08:00,Halliburton / Summit ESP,400 Series (Summit SF),SF1750,SF1750,375,7800.0,0.0,-497.8,1991.0,3823.0,1832.0,183.0,123.0,50.0,0.8333,96.1,Upper Burgan (UB),199739.0,1.1388,0.4788,10.2,14.69,1.1848,1.0264,350.0,1831.8,225.8,14.06,1606.0,1784.6,1784.6,178.6,11.12,11.12,OVER_PREDICTION,True,True,True,True,True,True,False,False,2. QUALIFIED_5QC_HISTORICAL_RUN,Pass 5 QC Gates (Historical Completion Run: Days = -497.8)
GC-31,SA-0950_T,2023-10-03 21:00,Halliburton / Summit ESP,400 Series (Summit SF),SF1750,SF1750,375,7800.0,0.0,-370.3,1054.0,2272.0,1218.0,187.0,107.0,50.0,0.8333,95.8,Upper Burgan (UB),199739.0,1.1388,0.4785,6.79,9.78,1.1114,1.0238,173.9,1883.3,1111.3,143.95,772.0,1839.4,1839.4,1067.4,138.26,138.26,OVER_PREDICTION,True,True,True,True,True,True,False,False,2. QUALIFIED_5QC_HISTORICAL_RUN,Pass 5 QC Gates (Historical Completion Run: Days = -370.3)
GC-31,SA-0950_T,2023-11-19 15:00,Halliburton / Summit ESP,400 Series (Summit SF),SF1750,SF1750,375,7800.0,0.0,-323.5,1301.0,3679.0,2378.0,202.0,134.0,50.0,0.8333,98.0,Upper Burgan (UB),199739.0,1.1388,0.4808,13.19,19.0,1.131,1.0222,222.2,1559.1,533.1,51.96,1026.0,1525.2,1525.2,499.2,48.65,48.65,OVER_PREDICTION,True,True,True,True,True,True,False,False,2. QUALIFIED_5QC_HISTORICAL_RUN,Pass 5 QC Gates (Historical Completion Run: Days = -323.5)
GC-31,SA-0950_T,2025-05-26 11:00,Halliburton / Summit ESP,400 Series (Summit SF),SF1750,SF1750,375,7800.0,230.3,230.3,782.0,3642.0,2860.0,227.0,118.0,48.0,0.8,92.2,Upper Burgan (UB),199739.0,1.1388,0.4747,16.06,25.09,1.0914,1.0256,123.2,755.2,124.2,19.68,631.0,736.4,736.4,105.4,16.7,16.7,OVER_PREDICTION,True,True,True,True,True,True,True,True,1. QUALIFIED_5QC_CLEAN_ACTIVE,Pass: Active completion run meeting all 5 QC physical screening gates
GC-31,SA-0950_T,2025-08-09 10:30,Halliburton / Summit ESP,400 Series (Summit SF),SF1750,SF1750,375,7800.0,305.3,305.3,694.0,3171.0,2477.0,273.0,150.0,48.0,0.8,66.5,Upper Burgan (UB),199739.0,1.1388,0.448,14.75,23.05,1.0853,1.0419,107.5,1070.7,413.7,62.97,657.0,1027.7,1027.7,370.7,56.42,56.42,OVER_PREDICTION,True,True,True,True,True,True,True,True,1. QUALIFIED_5QC_CLEAN_ACTIVE,Pass: Active completion run meeting all 5 QC physical screening gates
GC-31,SA-0950_T,2025-11-08 08:30,Halliburton / Summit ESP,400 Series (Summit SF),SF1750,SF1750,375,7800.0,396.2,396.2,740.0,3375.0,2635.0,243.0,108.0,48.0,0.8,57.3,Upper Burgan (UB),199739.0,1.1388,0.4384,16.03,25.05,1.0884,1.0492,115.7,761.6,168.6,28.43,593.0,725.9,725.9,132.9,22.41,22.41,OVER_PREDICTION,True,True,True,True,True,True,True,True,1. QUALIFIED_5QC_CLEAN_ACTIVE,Pass: Active completion run meeting all 5 QC physical screening gates
GC-31,SA-0950_T,2026-04-09 08:30,Halliburton / Summit ESP,400 Series (Summit SF),SF1750,SF1750,375,7800.0,548.2,548.2,586.0,2789.0,2203.0,184.0,108.0,48.0,0.8,30.1,Upper Burgan (UB),199739.0,1.1388,0.41,14.33,22.39,1.0781,1.0606,88.7,1158.7,498.7,75.56,660.0,1092.5,1092.5,432.5,65.53,65.53,OVER_PREDICTION,True,True,True,True,True,True,True,True,1. QUALIFIED_5QC_CLEAN_ACTIVE,Pass: Active completion run meeting all 5 QC physical screening gates
GC-31,SA-0952_T,2022-03-10 20:15,Alkhorayef (ACC),538 Series (ACC WE),WE-1500,WE-1500,137,6050.0,0.0,-1235.4,945.0,,,215.0,136.0,50.0,0.8333,53.0,Upper Burgan (UB),199739.0,1.1388,0.4396,,,1.1032,1.0591,153.2,,,,3123.0,,,,,,,False,False,False,True,True,False,False,False,7. FAILED_MISSING_TELEMETRY,"Failed Gate 1: Missing Telemetry (PIP=945.0, PDP=nan)"
GC-31,SA-0952_T,2022-06-18 07:30,Alkhorayef (ACC),538 Series (ACC WE),WE-1500,WE-1500,137,6050.0,0.0,-1135.9,854.0,2354.7,1500.7,290.0,146.0,50.0,0.8333,50.0,Upper Burgan (UB),199739.0,1.1388,0.4362,25.11,36.16,1.0965,1.0583,136.3,2261.7,-115.3,-4.85,2377.0,2137.2,2137.2,-239.8,-10.09,10.09,UNDER_PREDICTION,True,True,True,True,True,True,False,False,2. QUALIFIED_5QC_HISTORICAL_RUN,Pass 5 QC Gates (Historical Completion Run: Days = -1135.9)
GC-31,SA-0952_T,2023-03-16 08:15,Alkhorayef (ACC),538 Series (ACC WE),WE-1500,WE-1500,137,6050.0,0.0,-864.9,,,,385.0,149.0,47.0,0.7833,71.4,Upper Burgan (UB),199739.0,1.1388,0.4608,,,1.1477,1.0565,262.5,,,,1967.0,,,,,,,False,False,False,True,True,False,False,False,7. FAILED_MISSING_TELEMETRY,"Failed Gate 1: Missing Telemetry (PIP=nan, PDP=nan)"
GC-31,SA-0952_T,2023-10-17 07:45,Alkhorayef (ACC),538 Series (ACC WE),WE-1500,WE-1500,137,6050.0,0.0,-649.9,784.0,3000.0,2216.0,351.0,150.0,50.0,0.8333,91.9,Upper Burgan (UB),199739.0,1.1388,0.4844,33.4,48.1,1.0915,1.0258,123.6,1747.2,-697.8,-28.54,2445.0,1703.3,1703.3,-741.7,-30.34,30.34,UNDER_PREDICTION,True,True,True,True,True,True,False,False,2. QUALIFIED_5QC_HISTORICAL_RUN,Pass 5 QC Gates (Historical Completion Run: Days = -649.9)
GC-31,SA-0952_T,2024-01-17 08:15,Alkhorayef (ACC),538 Series (ACC WE),WE-1500,WE-1500,137,6050.0,0.0,-557.9,674.0,3030.0,2356.0,366.0,154.0,50.0,0.8333,93.0,Upper Burgan (UB),199739.0,1.1388,0.4856,35.41,50.99,1.0839,1.0245,104.0,1630.4,-923.6,-36.16,2554.0,1591.4,1591.4,-962.6,-37.69,37.69,UNDER_PREDICTION,True,True,True,True,True,True,False,False,2. QUALIFIED_5QC_HISTORICAL_RUN,Pass 5 QC Gates (Historical Completion Run: Days = -557.9)
GC-31,SA-0965_T,2025-10-11 08:15,Halliburton / Summit ESP,538 Series (Summit SJ),SJ2800,SJ2800,166,7400.0,7.7,7.7,1068.0,3753.0,2685.0,346.0,135.0,50.0,0.8333,80.3,Mauddud (MA),137779.0,1.0958,0.4623,34.98,50.38,1.1125,1.0382,176.5,2651.3,265.3,11.12,2386.0,2553.7,2553.7,167.7,7.03,7.03,OVER_PREDICTION,True,True,True,True,True,True,True,True,1. QUALIFIED_5QC_CLEAN_ACTIVE,Pass: Active completion run meeting all 5 QC physical screening gates
GC-31,SA-0965_T,2026-01-26 08:00,Halliburton / Summit ESP,538 Series (Summit SJ),SJ2800,SJ2800,166,7400.0,114.6,114.6,625.0,3854.0,3229.0,428.0,145.0,50.0,0.8333,92.4,Mauddud (MA),137779.0,1.0958,0.475,40.96,58.99,1.0806,1.0246,95.4,2182.0,549.0,33.62,1633.0,2129.6,2129.6,496.6,30.41,30.41,OVER_PREDICTION,True,True,True,True,True,True,True,True,1. QUALIFIED_5QC_CLEAN_ACTIVE,Pass: Active completion run meeting all 5 QC physical screening gates
GC-31,SA-0965_T,2026-01-26 10:00,Halliburton / Summit ESP,538 Series (Summit SJ),SJ2800,SJ2800,166,7400.0,114.7,114.7,572.0,3709.0,3137.0,338.0,138.0,50.0,0.8333,93.0,Mauddud (MA),137779.0,1.0958,0.4756,39.74,57.23,1.0772,1.024,86.4,2293.4,654.4,39.93,1639.0,2239.6,2239.6,600.6,36.64,36.64,OVER_PREDICTION,True,True,True,True,True,True,True,True,1. QUALIFIED_5QC_CLEAN_ACTIVE,Pass: Active completion run meeting all 5 QC physical screening gates
GC-31,SA-0965_T,2026-04-14 11:15,Halliburton / Summit ESP,538 Series (Summit SJ),SJ2800,SJ2800,166,7400.0,192.8,192.8,666.0,3791.0,3125.0,314.0,159.0,50.0,0.8333,87.0,Mauddud (MA),137779.0,1.0958,0.4693,40.11,57.76,1.0834,1.0282,102.6,2260.8,410.8,22.21,1850.0,2198.7,2198.7,348.7,18.85,18.85,OVER_PREDICTION,True,True,True,True,True,True,True,True,1. QUALIFIED_5QC_CLEAN_ACTIVE,Pass: Active completion run meeting all 5 QC physical screening gates
GC-31,SA-0969H_T,2022-02-13 09:15,Borets,400 Series (Borets WFT-400),B400-1050,B400-1050,204,6500.0,0.0,-784.6,1203.0,,,270.4,111.0,45.0,0.75,3.1,Mauddud (MA),137779.0,1.0958,0.3819,,,1.1231,1.1199,202.8,,,,1008.7,,,,,,,False,False,False,True,True,False,False,False,7. FAILED_MISSING_TELEMETRY,"Failed Gate 1: Missing Telemetry (PIP=1203.0, PDP=nan)"
GC-31,SA-0969H_T,2022-05-27 08:00,Borets,400 Series (Borets WFT-400),B400-1050,B400-1050,204,6500.0,0.0,-681.7,780.0,2654.7,1874.7,185.0,103.0,45.0,0.75,0.6,Mauddud (MA),137779.0,1.0958,0.3793,24.23,43.08,1.0912,1.0908,122.8,0.0,-594.0,-100.0,594.0,0.0,0.0,-594.0,-100.0,100.0,UNDER_PREDICTION,True,True,True,True,True,True,False,False,2. QUALIFIED_5QC_HISTORICAL_RUN,Pass 5 QC Gates (Historical Completion Run: Days = -681.7)
GC-31,SA-0969H_T,2022-09-21 11:30,Borets,400 Series (Borets WFT-400),B400-1050,B400-1050,204,6500.0,0.0,-564.5,778.0,2886.0,2108.0,248.0,106.0,50.0,0.8333,0.0,Mauddud (MA),137779.0,1.0958,0.3786,27.29,39.3,1.0911,1.0911,122.5,0.0,-738.0,-100.0,738.0,0.0,0.0,-738.0,-100.0,100.0,UNDER_PREDICTION,True,True,True,True,True,True,False,False,2. QUALIFIED_5QC_HISTORICAL_RUN,Pass 5 QC Gates (Historical Completion Run: Days = -564.5)
GC-31,SA-0969H_T,2023-01-31 16:15,Borets,400 Series (Borets WFT-400),B400-1050,B400-1050,204,6500.0,0.0,-432.3,609.0,,,251.0,77.0,50.0,0.8333,0.0,Mauddud (MA),137779.0,1.0958,0.3786,,,1.0796,1.0796,92.7,,,,643.0,,,,,,,False,False,False,True,True,False,False,False,7. FAILED_MISSING_TELEMETRY,"Failed Gate 1: Missing Telemetry (PIP=609.0, PDP=nan)"
GC-31,SA-0969H_T,2023-03-22 17:30,Borets,400 Series (Borets WFT-400),B400-1050,B400-1050,204,6500.0,0.0,-382.3,639.0,2679.0,2040.0,42.0,114.0,50.0,0.8333,0.0,Mauddud (MA),137779.0,1.0958,0.3786,26.41,38.03,1.0816,1.0816,97.9,0.0,-790.0,-100.0,790.0,0.0,0.0,-790.0,-100.0,100.0,UNDER_PREDICTION,True,True,True,True,True,True,False,False,2. QUALIFIED_5QC_HISTORICAL_RUN,Pass 5 QC Gates (Historical Completion Run: Days = -382.3)
GC-31,SA-0969H_T,2023-05-26 08:30,Borets,400 Series (Borets WFT-400),B400-1050,B400-1050,204,6500.0,0.0,-317.6,1065.0,1074.0,9.0,201.0,107.0,50.0,0.8333,0.0,Mauddud (MA),137779.0,1.0958,0.3786,0.12,0.17,1.1123,1.1123,176.0,1770.8,1613.8,1027.9,157.0,1592.1,1592.1,1435.1,914.08,914.08,OVER_PREDICTION,True,True,False,True,True,False,False,False,4. FAILED_LOW_LIFT_THRESHOLD,Failed Gate 3: Low Dynamic Lift (Delta P = 9.0 psi < 250 psi threshold)
GC-31,SA-0969H_T,2024-05-03 11:30,Borets,400 Series (Borets WFT-400),B400-1050,B400-1050,204,6500.0,25.5,25.5,758.0,2639.0,1881.0,209.0,100.0,50.0,0.8333,50.0,Mauddud (MA),137779.0,1.0958,0.4308,21.41,30.83,1.0897,1.0549,118.9,601.2,200.2,49.93,401.0,569.9,569.9,168.9,42.12,42.12,OVER_PREDICTION,True,True,True,True,True,True,True,True,1. QUALIFIED_5QC_CLEAN_ACTIVE,Pass: Active completion run meeting all 5 QC physical screening gates
GC-31,SA-0969H_T,2024-09-24 08:30,Borets,400 Series (Borets WFT-400),B400-1050,B400-1050,204,6500.0,169.4,169.4,402.0,2650.0,2248.0,217.0,108.0,55.0,0.9167,3.1,Mauddud (MA),137779.0,1.0958,0.3819,28.86,34.34,1.0666,1.0651,58.4,0.0,-417.0,-100.0,417.0,0.0,0.0,-417.0,-100.0,100.0,UNDER_PREDICTION,True,True,True,True,True,True,True,True,1. QUALIFIED_5QC_CLEAN_ACTIVE,Pass: Active completion run meeting all 5 QC physical screening gates
GC-31,SA-0969H_T,2025-04-26 08:15,Borets,400 Series (Borets WFT-400),B400-1050,B400-1050,204,6500.0,383.3,383.3,561.0,2683.0,2122.0,260.0,106.0,52.0,0.8667,2.0,Mauddud (MA),137779.0,1.0958,0.3807,27.32,36.37,1.0764,1.0753,84.5,0.0,-399.0,-100.0,399.0,0.0,0.0,-399.0,-100.0,100.0,UNDER_PREDICTION,True,True,True,True,True,True,True,True,1. QUALIFIED_5QC_CLEAN_ACTIVE,Pass: Active completion run meeting all 5 QC physical screening gates
GC-31,SA-0969H_T,2025-09-13 17:30,Borets,400 Series (Borets WFT-400),B400-1050,B400-1050,204,6500.0,523.7,523.7,537.0,2635.0,2098.0,222.0,97.0,52.0,0.8667,0.0,Mauddud (MA),137779.0,1.0958,0.3786,27.16,36.16,1.0749,1.0749,80.4,0.0,-379.0,-100.0,379.0,0.0,0.0,-379.0,-100.0,100.0,UNDER_PREDICTION,True,True,True,True,True,True,True,True,1. QUALIFIED_5QC_CLEAN_ACTIVE,Pass: Active completion run meeting all 5 QC physical screening gates
GC-31,SA-0969H_T,2025-12-20 11:45,Borets,400 Series (Borets WFT-400),B400-1050,B400-1050,204,6500.0,621.5,621.5,688.0,2711.0,2023.0,247.0,100.0,53.0,0.8833,0.0,Mauddud (MA),137779.0,1.0958,0.3786,26.19,33.57,1.0849,1.0849,106.4,326.2,-222.8,-40.58,549.0,300.7,300.7,-248.3,-45.23,45.23,UNDER_PREDICTION,True,True,True,True,True,True,True,True,1. QUALIFIED_5QC_CLEAN_ACTIVE,Pass: Active completion run meeting all 5 QC physical screening gates
GC-31,SA-0969H_T,2026-05-01 10:00,Borets,400 Series (Borets WFT-400),B400-1050,B400-1050,204,6500.0,753.4,753.4,422.0,2535.0,2113.0,168.0,107.0,53.0,0.8833,0.0,Mauddud (MA),137779.0,1.0958,0.3786,27.36,35.07,1.0678,1.0678,61.6,0.0,-395.0,-100.0,395.0,0.0,0.0,-395.0,-100.0,100.0,UNDER_PREDICTION,True,True,True,True,True,True,True,True,1. QUALIFIED_5QC_CLEAN_ACTIVE,Pass: Active completion run meeting all 5 QC physical screening gates
GC-31,SA-0972H_T,2021-05-17 22:15,Alkhorayef (ACC),400 Series (ACC WD),WD-1000MF,WD-1000,343,7650.0,0.0,-1720.5,,,,388.0,124.0,50.0,0.8333,10.0,Mauddud (MA),137779.0,1.0958,0.3891,,,1.1477,1.1349,262.5,,,,2771.0,,,,,,,False,False,False,True,True,False,False,False,7. FAILED_MISSING_TELEMETRY,"Failed Gate 1: Missing Telemetry (PIP=nan, PDP=nan)"
GC-31,SA-0972H_T,2022-03-23 08:15,Alkhorayef (ACC),400 Series (ACC WD),WD-1000MF,WD-1000,343,7650.0,0.0,-1411.1,1843.0,2966.7,1123.7,172.0,118.0,45.0,0.75,8.5,Mauddud (MA),137779.0,1.0958,0.3875,8.45,15.02,1.1781,1.1647,334.4,1202.0,-33.0,-2.67,1235.0,1032.1,1032.1,-202.9,-16.43,16.43,UNDER_PREDICTION,True,True,True,True,True,True,False,False,2. QUALIFIED_5QC_HISTORICAL_RUN,Pass 5 QC Gates (Historical Completion Run: Days = -1411.1)
GC-31,SA-0972H_T,2022-07-03 12:00,Alkhorayef (ACC),400 Series (ACC WD),WD-1000MF,WD-1000,343,7650.0,0.0,-1308.9,1795.0,3074.0,1279.0,167.0,114.0,48.0,0.8,15.0,Mauddud (MA),137779.0,1.0958,0.3943,9.46,14.78,1.1737,1.1507,324.2,1287.2,321.2,33.25,966.0,1118.7,1118.7,152.7,15.81,15.81,OVER_PREDICTION,True,True,True,True,True,True,False,False,2. QUALIFIED_5QC_HISTORICAL_RUN,Pass 5 QC Gates (Historical Completion Run: Days = -1308.9)
GC-31,SA-0972H_T,2022-11-03 14:00,Alkhorayef (ACC),400 Series (ACC WD),WD-1000MF,WD-1000,343,7650.0,0.0,-1185.8,1659.0,3076.0,1417.0,253.0,111.0,53.0,0.8833,11.2,Mauddud (MA),137779.0,1.0958,0.3903,10.58,13.56,1.1615,1.1457,295.4,1449.5,334.5,30.0,1115.0,1265.2,1265.2,150.2,13.47,13.47,OVER_PREDICTION,True,True,True,True,True,True,False,False,2. QUALIFIED_5QC_HISTORICAL_RUN,Pass 5 QC Gates (Historical Completion Run: Days = -1185.8)
GC-31,SA-0972H_T,2023-02-04 13:00,Alkhorayef (ACC),400 Series (ACC WD),WD-1000MF,WD-1000,343,7650.0,0.0,-1092.9,1535.0,,,206.0,112.0,50.0,0.8333,39.6,Mauddud (MA),137779.0,1.0958,0.4199,,,1.1507,1.0989,269.7,,,,1145.0,,,,,,,False,False,False,True,True,False,False,False,7. FAILED_MISSING_TELEMETRY,"Failed Gate 1: Missing Telemetry (PIP=1535.0, PDP=nan)"
GC-31,SA-0972H_T,2023-03-10 08:30,Alkhorayef (ACC),400 Series (ACC WD),WD-1000MF,WD-1000,343,7650.0,0.0,-1059.0,1430.0,2993.0,1563.0,213.0,96.0,57.0,0.95,14.2,Mauddud (MA),137779.0,1.0958,0.3934,11.58,12.83,1.1417,1.1245,248.2,1576.8,760.8,93.24,816.0,1402.3,1402.3,586.3,71.85,71.85,OVER_PREDICTION,True,True,True,True,True,True,False,False,2. QUALIFIED_5QC_HISTORICAL_RUN,Pass 5 QC Gates (Historical Completion Run: Days = -1059.0)
GC-31,SA-0972H_T,2023-06-15 10:30,Alkhorayef (ACC),400 Series (ACC WD),WD-1000MF,WD-1000,343,7650.0,0.0,-962.0,1437.0,2990.0,1553.0,192.0,130.0,57.0,0.95,10.2,Mauddud (MA),137779.0,1.0958,0.3893,11.63,12.89,1.1423,1.1298,249.6,1575.3,960.3,156.15,615.0,1394.3,1394.3,779.3,126.72,126.72,OVER_PREDICTION,True,True,True,True,True,True,False,False,2. QUALIFIED_5QC_HISTORICAL_RUN,Pass 5 QC Gates (Historical Completion Run: Days = -962.0)
GC-31,SA-0972H_T,2023-09-10 11:45,Alkhorayef (ACC),400 Series (ACC WD),WD-1000MF,WD-1000,343,7650.0,0.0,-874.9,1374.0,3010.0,1636.0,216.0,118.0,60.0,1.0,24.3,Mauddud (MA),137779.0,1.0958,0.404,11.81,11.81,1.137,1.1086,236.8,1685.5,483.5,40.22,1202.0,1520.4,1520.4,318.4,26.49,26.49,OVER_PREDICTION,True,True,True,True,True,True,False,False,2. QUALIFIED_5QC_HISTORICAL_RUN,Pass 5 QC Gates (Historical Completion Run: Days = -874.9)
GC-31,SA-0972H_T,2023-12-21 08:45,Alkhorayef (ACC),400 Series (ACC WD),WD-1000MF,WD-1000,343,7650.0,0.0,-773.0,1262.0,3018.0,1756.0,224.0,113.0,60.0,1.0,20.9,Mauddud (MA),137779.0,1.0958,0.4004,12.79,12.79,1.1278,1.1053,214.4,1660.8,824.8,98.66,836.0,1502.6,1502.6,666.6,79.74,79.74,OVER_PREDICTION,True,True,True,True,True,True,False,False,2. QUALIFIED_5QC_HISTORICAL_RUN,Pass 5 QC Gates (Historical Completion Run: Days = -773.0)
GC-31,SA-0972H_T,2024-04-07 08:15,Alkhorayef (ACC),400 Series (ACC WD),WD-1000MF,WD-1000,343,7650.0,0.0,-665.1,1130.0,3020.0,1890.0,191.0,120.0,60.0,1.0,22.5,Mauddud (MA),137779.0,1.0958,0.4021,13.7,13.7,1.1173,1.0954,188.5,1637.4,983.4,150.37,654.0,1494.8,1494.8,840.8,128.56,128.56,OVER_PREDICTION,True,True,True,True,True,True,False,False,2. QUALIFIED_5QC_HISTORICAL_RUN,Pass 5 QC Gates (Historical Completion Run: Days = -665.1)
GC-31,SA-0972H_T,2024-09-25 08:45,Alkhorayef (ACC),400 Series (ACC WD),WD-1000MF,WD-1000,343,7650.0,0.0,-494.0,1175.0,3086.0,1911.0,184.0,120.0,60.0,1.0,35.6,Mauddud (MA),137779.0,1.0958,0.4158,13.4,13.4,1.1209,1.085,197.3,1645.1,996.1,153.48,649.0,1516.3,1516.3,867.3,133.64,133.64,OVER_PREDICTION,True,True,True,True,True,True,False,False,2. QUALIFIED_5QC_HISTORICAL_RUN,Pass 5 QC Gates (Historical Completion Run: Days = -494.0)
GC-31,SA-0972H_T,2025-05-13 09:00,Alkhorayef (ACC),400 Series (ACC WD),WD-1000MF,WD-1000,343,7650.0,0.0,-264.0,1455.0,3105.0,1650.0,197.0,114.0,56.0,0.9333,21.9,Mauddud (MA),137779.0,1.0958,0.4015,11.98,13.75,1.1439,1.1167,253.3,1526.9,1196.9,362.7,330.0,1367.3,1367.3,1037.3,314.33,314.33,OVER_PREDICTION,True,True,True,True,True,True,False,False,2. QUALIFIED_5QC_HISTORICAL_RUN,Pass 5 QC Gates (Historical Completion Run: Days = -264.0)
GC-31,SA-0972H_T,2025-09-30 07:30,Alkhorayef (ACC),400 Series (ACC WD),WD-1000MF,WD-1000,343,7650.0,0.0,-124.1,1326.0,3287.0,1961.0,202.0,113.0,60.0,1.0,23.6,Mauddud (MA),137779.0,1.0958,0.4032,14.18,14.18,1.1331,1.1064,227.2,1624.7,1276.7,366.87,348.0,1468.5,1468.5,1120.5,321.98,321.98,OVER_PREDICTION,True,True,True,True,True,True,False,False,2. QUALIFIED_5QC_HISTORICAL_RUN,Pass 5 QC Gates (Historical Completion Run: Days = -124.1)
GC-31,SA-0972H_T,2026-02-14 08:00,Alkhorayef (ACC),400 Series (ACC WD),WD-1000MF,WD-1000,343,7650.0,12.9,12.9,2334.0,3320.0,986.0,329.0,130.0,45.0,0.75,32.0,Mauddud (MA),137779.0,1.0958,0.412,6.98,12.41,1.1848,1.1321,350.0,1252.9,198.9,18.87,1054.0,1106.7,1106.7,52.7,5.0,5.0,OVER_PREDICTION,True,True,True,True,True,True,True,True,1. QUALIFIED_5QC_CLEAN_ACTIVE,Pass: Active completion run meeting all 5 QC physical screening gates
GC-31,SA-0972H_T,2026-06-29 07:30,Alkhorayef (ACC),400 Series (ACC WD),WD-1000MF,WD-1000,343,7650.0,147.9,147.9,1599.0,3161.0,1562.0,226.0,122.0,45.0,0.75,34.9,Mauddud (MA),137779.0,1.0958,0.415,10.97,19.5,1.1563,1.1087,282.9,1107.5,163.5,17.32,944.0,998.9,998.9,54.9,5.82,5.82,OVER_PREDICTION,True,True,True,True,True,True,True,True,1. QUALIFIED_5QC_CLEAN_ACTIVE,Pass: Active completion run meeting all 5 QC physical screening gates
GC-31,SA-0973_T,2025-02-20 08:30,Halliburton / Summit ESP,538 Series (Summit SJ),SJ2800,SJ2800,136,8250.0,40.4,40.4,1261.0,3617.0,2356.0,288.0,144.0,50.0,0.8333,81.7,Mauddud (MA),137779.0,1.0958,0.4638,37.35,53.79,1.1278,1.0397,214.2,2485.2,91.2,3.81,2394.0,2390.3,2390.3,-3.7,-0.15,0.15,UNDER_PREDICTION,True,True,True,True,True,True,True,True,1. QUALIFIED_5QC_CLEAN_ACTIVE,Pass: Active completion run meeting all 5 QC physical screening gates
GC-31,SA-0973_T,2025-05-24 08:15,Halliburton / Summit ESP,538 Series (Summit SJ),SJ2800,SJ2800,136,8250.0,133.4,133.4,1407.0,3882.0,2475.0,538.0,153.0,50.0,0.8333,89.6,Mauddud (MA),137779.0,1.0958,0.472,38.55,55.52,1.1398,1.0325,243.5,2392.1,211.1,9.68,2181.0,2316.9,2316.9,135.9,6.23,6.23,OVER_PREDICTION,True,True,True,True,True,True,True,True,1. QUALIFIED_5QC_CLEAN_ACTIVE,Pass: Active completion run meeting all 5 QC physical screening gates
GC-31,SA-0973_T,2025-06-19 07:45,Halliburton / Summit ESP,538 Series (Summit SJ),SJ2800,SJ2800,136,8250.0,159.3,159.3,1332.0,3634.0,2302.0,301.0,153.0,50.0,0.8333,82.6,Mauddud (MA),137779.0,1.0958,0.4647,36.42,52.45,1.1336,1.0398,228.4,2552.8,183.8,7.76,2369.0,2455.2,2455.2,86.2,3.64,3.64,OVER_PREDICTION,True,True,True,True,True,True,True,True,1. QUALIFIED_5QC_CLEAN_ACTIVE,Pass: Active completion run meeting all 5 QC physical screening gates
GC-31,SA-0973_T,2025-09-30 17:00,Halliburton / Summit ESP,538 Series (Summit SJ),SJ2800,SJ2800,136,8250.0,262.7,262.7,1205.0,3598.0,2393.0,277.0,147.0,50.0,0.8333,91.9,Mauddud (MA),137779.0,1.0958,0.4744,37.09,53.41,1.1233,1.0284,203.2,2504.6,212.6,9.28,2292.0,2435.5,2435.5,143.5,6.26,6.26,OVER_PREDICTION,True,True,True,True,True,True,True,True,1. QUALIFIED_5QC_CLEAN_ACTIVE,Pass: Active completion run meeting all 5 QC physical screening gates
GC-31,SA-0973_T,2025-12-24 07:30,Halliburton / Summit ESP,538 Series (Summit SJ),SJ2800,SJ2800,136,8250.0,347.3,347.3,1301.0,3635.0,2334.0,297.0,146.0,50.0,0.8333,84.6,Mauddud (MA),137779.0,1.0958,0.4668,36.76,52.94,1.131,1.0371,222.2,2528.3,226.3,9.83,2302.0,2437.9,2437.9,135.9,5.9,5.9,OVER_PREDICTION,True,True,True,True,True,True,True,True,1. QUALIFIED_5QC_CLEAN_ACTIVE,Pass: Active completion run meeting all 5 QC physical screening gates
GC-31,SA-0973_T,2026-02-16 07:00,Halliburton / Summit ESP,538 Series (Summit SJ),SJ2800,SJ2800,136,8250.0,401.3,401.3,1294.0,3692.0,2398.0,347.0,151.0,50.0,0.8333,85.0,Mauddud (MA),137779.0,1.0958,0.4672,37.74,54.35,1.1304,1.0366,220.8,2455.6,99.6,4.23,2356.0,2369.0,2369.0,13.0,0.55,0.55,OVER_PREDICTION,True,True,True,True,True,True,True,True,1. QUALIFIED_5QC_CLEAN_ACTIVE,Pass: Active completion run meeting all 5 QC physical screening gates
GC-31,SA-0973_T,2026-06-05 08:15,Halliburton / Summit ESP,538 Series (Summit SJ),SJ2800,SJ2800,136,8250.0,510.4,510.4,1427.0,3607.0,2180.0,249.0,151.0,50.0,0.8333,94.2,Mauddud (MA),137779.0,1.0958,0.4768,33.62,48.42,1.1415,1.027,247.6,2738.9,128.9,4.94,2610.0,2666.8,2666.8,56.8,2.18,2.18,OVER_PREDICTION,True,True,True,True,True,True,True,True,1. QUALIFIED_5QC_CLEAN_ACTIVE,Pass: Active completion run meeting all 5 QC physical screening gates
GC-31,SA-0987_T,2021-01-16 13:15,Baker Hughes (Centrilift),538 Series (Centrilift Centurion),P17,P17,127,8350.0,0.0,-1316.4,,,,683.8,93.3,50.0,0.8333,4.0,Lower Burgan (LB),213445.0,1.1483,0.3828,,,1.1477,1.1426,262.5,,,,1111.3,,,,,,,False,False,False,True,True,False,False,False,7. FAILED_MISSING_TELEMETRY,"Failed Gate 1: Missing Telemetry (PIP=nan, PDP=nan)"
GC-31,SA-0987_T,2022-02-22 08:00,Baker Hughes (Centrilift),538 Series (Centrilift Centurion),P17,P17,127,8350.0,0.0,-914.6,,,,346.0,105.0,50.0,0.8333,23.8,Lower Burgan (LB),213445.0,1.1483,0.4035,,,1.1477,1.1173,262.5,,,,1018.0,,,,,,,False,False,False,True,True,False,False,False,7. FAILED_MISSING_TELEMETRY,"Failed Gate 1: Missing Telemetry (PIP=nan, PDP=nan)"
GC-31,SA-0987_T,2022-07-02 10:00,Baker Hughes (Centrilift),538 Series (Centrilift Centurion),P17,P17,127,8350.0,0.0,-784.6,,,,193.6,115.1,50.0,0.8333,20.4,Lower Burgan (LB),213445.0,1.1483,0.3999,,,1.1477,1.1216,262.5,,,,136.9,,,,,,,False,False,False,True,True,False,False,False,7. FAILED_MISSING_TELEMETRY,"Failed Gate 1: Missing Telemetry (PIP=nan, PDP=nan)"
GC-31,SA-0987_T,2022-10-21 08:00,Baker Hughes (Centrilift),538 Series (Centrilift Centurion),P17,P17,127,8350.0,0.0,-673.6,,,,249.0,97.3,50.0,0.8333,5.7,Lower Burgan (LB),213445.0,1.1483,0.3846,,,1.1477,1.1404,262.5,,,,158.0,,,,,,,False,False,False,True,True,False,False,False,7. FAILED_MISSING_TELEMETRY,"Failed Gate 1: Missing Telemetry (PIP=nan, PDP=nan)"
GC-31,SA-0987_T,2022-12-22 09:15,Baker Hughes (Centrilift),538 Series (Centrilift Centurion),P17,P17,127,8350.0,0.0,-611.6,,,,95.0,81.0,50.0,0.8333,45.0,Lower Burgan (LB),213445.0,1.1483,0.4255,,,1.1477,1.0902,262.5,,,,109.0,,,,,,,False,False,False,True,True,False,False,False,7. FAILED_MISSING_TELEMETRY,"Failed Gate 1: Missing Telemetry (PIP=nan, PDP=nan)"
GC-31,SA-0987_T,2023-09-01 08:00,Baker Hughes (Centrilift),538 Series (Centrilift Centurion),P17,P17,127,8350.0,0.0,-358.6,,,,247.0,135.0,50.0,0.8333,70.2,Lower Burgan (LB),213445.0,1.1483,0.4518,,,1.1477,1.058,262.5,,,,1541.0,,,,,,,False,False,False,True,True,False,False,False,7. FAILED_MISSING_TELEMETRY,"Failed Gate 1: Missing Telemetry (PIP=nan, PDP=nan)"
GC-31,SA-0987_T,2023-12-21 10:45,Baker Hughes (Centrilift),538 Series (Centrilift Centurion),P17,P17,127,8350.0,0.0,-247.5,,,,218.0,142.0,50.0,0.8333,83.0,Lower Burgan (LB),213445.0,1.1483,0.4652,,,1.1477,1.0417,262.5,,,,1580.0,,,,,,,False,False,False,True,True,False,False,False,7. FAILED_MISSING_TELEMETRY,"Failed Gate 1: Missing Telemetry (PIP=nan, PDP=nan)"
GC-31,SA-0987_T,2024-09-18 08:00,Baker Hughes (Centrilift),538 Series (Centrilift Centurion),P17,P17,127,8350.0,24.4,24.4,1670.0,3551.0,1881.0,192.0,144.0,50.0,0.8333,84.6,Lower Burgan (LB),213445.0,1.1483,0.4668,31.73,45.69,1.1625,1.0419,297.8,1631.7,-8.3,-0.51,1640.0,1566.0,1566.0,-74.0,-4.51,4.51,UNDER_PREDICTION,True,True,True,True,True,True,True,True,1. QUALIFIED_5QC_CLEAN_ACTIVE,Pass: Active completion run meeting all 5 QC physical screening gates
GC-31,SA-0987_T,2025-04-13 10:30,Baker Hughes (Centrilift),538 Series (Centrilift Centurion),P17,P17,127,8350.0,231.5,231.5,1764.0,3700.0,1936.0,225.0,147.0,50.0,0.8333,92.4,Lower Burgan (LB),213445.0,1.1483,0.475,32.1,46.23,1.1709,1.0315,317.6,1617.5,95.5,6.27,1522.0,1568.2,1568.2,46.2,3.04,3.04,OVER_PREDICTION,True,True,True,True,True,True,True,True,1. QUALIFIED_5QC_CLEAN_ACTIVE,Pass: Active completion run meeting all 5 QC physical screening gates
GC-31,SA-0987_T,2025-08-03 10:00,Baker Hughes (Centrilift),538 Series (Centrilift Centurion),P17,P17,127,8350.0,343.4,343.4,1794.0,3698.0,1904.0,230.0,153.0,50.0,0.8333,90.0,Lower Burgan (LB),213445.0,1.1483,0.4725,31.73,45.69,1.1736,1.0354,324.0,1631.7,26.7,1.66,1605.0,1576.0,1576.0,-29.0,-1.81,1.81,UNDER_PREDICTION,True,True,True,True,True,True,True,True,1. QUALIFIED_5QC_CLEAN_ACTIVE,Pass: Active completion run meeting all 5 QC physical screening gates
GC-31,SA-0987_T,2026-04-14 13:30,Baker Hughes (Centrilift),538 Series (Centrilift Centurion),P17,P17,127,8350.0,597.6,597.6,1854.0,3658.0,1804.0,224.0,110.0,50.0,0.8333,93.0,Lower Burgan (LB),213445.0,1.1483,0.4756,29.87,43.02,1.1791,1.0311,336.8,1699.2,66.2,4.05,1633.0,1647.9,1647.9,14.9,0.91,0.91,OVER_PREDICTION,True,True,True,True,True,True,True,True,1. QUALIFIED_5QC_CLEAN_ACTIVE,Pass: Active completion run meeting all 5 QC physical screening gates
GC-31,SA-0988H_T,2021-12-22 17:45,REDA (Schlumberger),513 Series (REDA GN),GN1600,GN1600,173,6775.0,3.6,3.6,1791.0,,,249.0,98.0,47.0,0.7833,90.2,Mauddud (MA),137779.0,1.0958,0.4727,,,1.1734,1.035,323.3,,,,1569.0,,,,,,,False,False,False,True,True,False,True,False,7. FAILED_MISSING_TELEMETRY,"Failed Gate 1: Missing Telemetry (PIP=1791.0, PDP=nan)"
GC-31,SA-0988H_T,2022-02-22 08:00,REDA (Schlumberger),513 Series (REDA GN),GN1600,GN1600,173,6775.0,65.2,65.2,1151.0,,,317.0,109.0,47.0,0.7833,0.0,Mauddud (MA),137779.0,1.0958,0.3786,,,1.119,1.119,192.6,,,,1413.0,,,,,,,False,False,False,True,True,False,True,False,7. FAILED_MISSING_TELEMETRY,"Failed Gate 1: Missing Telemetry (PIP=1151.0, PDP=nan)"
GC-31,SA-0988H_T,2022-05-19 08:30,REDA (Schlumberger),513 Series (REDA GN),GN1600,GN1600,173,6775.0,151.2,151.2,902.0,2450.7,1548.7,306.0,114.0,47.0,0.7833,0.0,Mauddud (MA),137779.0,1.0958,0.3786,23.64,38.53,1.1,1.1,145.2,1479.9,248.9,20.22,1231.0,1345.3,1345.3,114.3,9.29,9.29,OVER_PREDICTION,True,True,True,True,True,True,True,True,1. QUALIFIED_5QC_CLEAN_ACTIVE,Pass: Active completion run meeting all 5 QC physical screening gates
GC-31,SA-0988H_T,2022-08-26 08:00,REDA (Schlumberger),513 Series (REDA GN),GN1600,GN1600,173,6775.0,250.2,250.2,1199.0,2654.7,1455.7,358.0,122.0,47.0,0.7833,13.6,Mauddud (MA),137779.0,1.0958,0.3928,21.42,34.91,1.1228,1.1088,202.0,1576.1,109.1,7.44,1467.0,1421.4,1421.4,-45.6,-3.11,3.11,UNDER_PREDICTION,True,True,True,True,True,True,True,True,1. QUALIFIED_5QC_CLEAN_ACTIVE,Pass: Active completion run meeting all 5 QC physical screening gates
GC-31,SA-0988H_T,2022-10-21 08:15,REDA (Schlumberger),513 Series (REDA GN),GN1600,GN1600,173,6775.0,306.2,306.2,1508.0,2893.7,1385.7,386.0,128.0,50.0,0.8333,29.8,Mauddud (MA),137779.0,1.0958,0.4097,19.55,28.15,1.1484,1.1101,264.1,1833.7,162.7,9.74,1671.0,1651.8,1651.8,-19.2,-1.15,1.15,UNDER_PREDICTION,True,True,True,True,True,True,True,True,1. QUALIFIED_5QC_CLEAN_ACTIVE,Pass: Active completion run meeting all 5 QC physical screening gates
GC-31,SA-0988H_T,2023-01-14 08:15,REDA (Schlumberger),513 Series (REDA GN),GN1600,GN1600,173,6775.0,391.2,391.2,1306.0,2802.7,1496.7,322.0,130.0,47.0,0.7833,30.0,Mauddud (MA),137779.0,1.0958,0.4099,21.11,34.41,1.1314,1.098,223.2,1588.4,79.4,5.26,1509.0,1446.6,1446.6,-62.4,-4.14,4.14,UNDER_PREDICTION,True,True,True,True,True,True,True,True,1. QUALIFIED_5QC_CLEAN_ACTIVE,Pass: Active completion run meeting all 5 QC physical screening gates
GC-31,SA-0988H_T,2023-02-04 08:15,REDA (Schlumberger),513 Series (REDA GN),GN1600,GN1600,173,6775.0,412.2,412.2,1199.0,2798.0,1599.0,348.0,133.0,50.0,0.8333,31.6,Mauddud (MA),137779.0,1.0958,0.4116,22.46,32.34,1.1228,1.0903,202.0,1740.9,127.9,7.93,1613.0,1596.7,1596.7,-16.3,-1.01,1.01,UNDER_PREDICTION,True,True,True,True,True,True,True,True,1. QUALIFIED_5QC_CLEAN_ACTIVE,Pass: Active completion run meeting all 5 QC physical screening gates
GC-31,SA-0988H_T,2023-06-17 08:00,REDA (Schlumberger),513 Series (REDA GN),GN1600,GN1600,173,6775.0,545.2,545.2,942.0,2769.7,1827.7,337.2,122.8,50.0,0.8333,34.8,Mauddud (MA),137779.0,1.0958,0.4149,25.46,36.67,1.103,1.0741,152.6,1629.1,220.6,15.66,1408.5,1516.7,1516.7,108.2,7.68,7.68,OVER_PREDICTION,True,True,True,True,True,True,True,True,1. QUALIFIED_5QC_CLEAN_ACTIVE,Pass: Active completion run meeting all 5 QC physical screening gates
GC-31,SA-0988H_T,2023-11-10 13:15,REDA (Schlumberger),513 Series (REDA GN),GN1600,GN1600,173,6775.0,691.4,691.4,752.0,2687.7,1935.7,298.0,313.0,50.0,0.8333,36.7,Mauddud (MA),137779.0,1.0958,0.4169,26.84,38.65,1.0893,1.0639,117.8,1570.6,423.6,36.93,1147.0,1476.3,1476.3,329.3,28.71,28.71,OVER_PREDICTION,True,True,True,True,True,True,True,True,1. QUALIFIED_5QC_CLEAN_ACTIVE,Pass: Active completion run meeting all 5 QC physical screening gates
GC-31,SA-0988H_T,2024-03-12 10:45,REDA (Schlumberger),513 Series (REDA GN),GN1600,GN1600,173,6775.0,814.3,814.3,,,,321.0,135.0,50.0,0.8333,35.1,Mauddud (MA),137779.0,1.0958,0.4152,,,1.1477,1.1029,262.5,,,,1391.0,,,,,,,False,False,False,True,True,False,True,False,7. FAILED_MISSING_TELEMETRY,"Failed Gate 1: Missing Telemetry (PIP=nan, PDP=nan)"
GC-31,SA-0988H_T,2024-09-12 07:45,REDA (Schlumberger),513 Series (REDA GN),GN1600,GN1600,173,6775.0,998.2,998.2,1110.0,2844.0,1734.0,324.0,140.0,50.0,0.8333,40.4,Mauddud (MA),137779.0,1.0958,0.4208,23.82,34.3,1.1158,1.0771,184.6,1692.6,166.6,10.92,1526.0,1571.5,1571.5,45.5,2.98,2.98,OVER_PREDICTION,True,True,True,True,True,True,True,True,1. QUALIFIED_5QC_CLEAN_ACTIVE,Pass: Active completion run meeting all 5 QC physical screening gates
GC-31,SA-0988H_T,2025-01-19 09:15,REDA (Schlumberger),513 Series (REDA GN),GN1600,GN1600,173,6775.0,1127.3,1127.3,1454.0,2984.0,1530.0,352.0,141.0,50.0,0.8333,51.1,Mauddud (MA),137779.0,1.0958,0.4319,20.48,29.49,1.1438,1.0805,253.1,1805.3,182.3,11.23,1623.0,1670.8,1670.8,47.8,2.95,2.95,OVER_PREDICTION,True,True,True,True,True,True,True,True,1. QUALIFIED_5QC_CLEAN_ACTIVE,Pass: Active completion run meeting all 5 QC physical screening gates
GC-31,SA-0988H_T,2025-02-05 20:45,REDA (Schlumberger),513 Series (REDA GN),GN1600,GN1600,173,6775.0,1144.7,1144.7,1453.0,3029.0,1576.0,388.0,140.0,51.0,0.85,56.5,Mauddud (MA),137779.0,1.0958,0.4375,20.82,28.82,1.1437,1.0738,252.8,1856.1,135.1,7.85,1721.0,1728.5,1728.5,7.5,0.44,0.44,OVER_PREDICTION,True,True,True,True,True,True,True,True,1. QUALIFIED_5QC_CLEAN_ACTIVE,Pass: Active completion run meeting all 5 QC physical screening gates
GC-31,SA-0988H_T,2025-07-09 08:00,REDA (Schlumberger),513 Series (REDA GN),GN1600,GN1600,173,6775.0,1298.2,1298.2,1237.0,3066.0,1829.0,334.0,140.0,51.0,0.85,62.9,Mauddud (MA),137779.0,1.0958,0.4442,23.8,32.94,1.1258,1.0593,209.5,1761.2,147.2,9.12,1614.0,1662.7,1662.7,48.7,3.02,3.02,OVER_PREDICTION,True,True,True,True,True,True,True,True,1. QUALIFIED_5QC_CLEAN_ACTIVE,Pass: Active completion run meeting all 5 QC physical screening gates
GC-31,SA-0988H_T,2025-09-18 20:00,REDA (Schlumberger),513 Series (REDA GN),GN1600,GN1600,173,6775.0,1369.7,1369.7,1315.0,3112.0,1797.0,327.0,141.0,51.0,0.85,64.6,Mauddud (MA),137779.0,1.0958,0.446,23.29,32.24,1.1322,1.0597,225.0,1778.2,13.2,0.75,1765.0,1678.0,1678.0,-87.0,-4.93,4.93,UNDER_PREDICTION,True,True,True,True,True,True,True,True,1. QUALIFIED_5QC_CLEAN_ACTIVE,Pass: Active completion run meeting all 5 QC physical screening gates
GC-31,SA-0988H_T,2025-11-06 08:00,REDA (Schlumberger),513 Series (REDA GN),GN1600,GN1600,173,6775.0,1418.2,1418.2,1279.0,3081.0,1802.0,300.0,146.0,51.0,0.85,65.3,Mauddud (MA),137779.0,1.0958,0.4467,23.32,32.28,1.1292,1.0579,217.8,1777.2,29.2,1.67,1748.0,1679.9,1679.9,-68.1,-3.9,3.9,UNDER_PREDICTION,True,True,True,True,True,True,True,True,1. QUALIFIED_5QC_CLEAN_ACTIVE,Pass: Active completion run meeting all 5 QC physical screening gates
GC-31,SA-0988H_T,2026-06-05 08:00,REDA (Schlumberger),513 Series (REDA GN),GN1600,GN1600,173,6775.0,1629.2,1629.2,1435.0,3103.0,1668.0,309.0,150.0,47.0,0.7833,67.0,Mauddud (MA),137779.0,1.0958,0.4485,21.5,35.04,1.1422,1.0603,249.2,1573.0,130.0,9.01,1443.0,1483.5,1483.5,40.5,2.81,2.81,OVER_PREDICTION,True,True,True,True,True,True,True,True,1. QUALIFIED_5QC_CLEAN_ACTIVE,Pass: Active completion run meeting all 5 QC physical screening gates
GC-31,SA-0991H_T,2022-02-22 08:15,Alkhorayef (ACC),538 Series (ACC WG),WG4000c,WG-4000,145,7370.0,0.0,-1580.9,1627.0,,,366.0,132.0,50.0,0.8333,40.8,Mauddud (MA),137779.0,1.0958,0.4212,,,1.1587,1.1021,288.8,,,,2045.0,,,,,,,False,False,False,True,True,False,False,False,7. FAILED_MISSING_TELEMETRY,"Failed Gate 1: Missing Telemetry (PIP=1627.0, PDP=nan)"
GC-31,SA-0991H_T,2022-05-31 13:45,Alkhorayef (ACC),538 Series (ACC WG),WG4000c,WG-4000,145,7370.0,0.0,-1482.7,1296.0,2783.0,1487.0,193.0,135.0,50.0,0.8333,38.6,Mauddud (MA),137779.0,1.0958,0.4189,24.48,35.25,1.1306,1.0879,221.2,3730.1,1778.1,91.09,1952.0,3428.7,3428.7,1476.7,75.65,75.65,OVER_PREDICTION,True,True,True,True,True,True,False,False,2. QUALIFIED_5QC_HISTORICAL_RUN,Pass 5 QC Gates (Historical Completion Run: Days = -1482.7)
GC-31,SA-0991H_T,2022-06-29 07:00,Alkhorayef (ACC),538 Series (ACC WG),WG4000c,WG-4000,145,7370.0,0.0,-1453.9,1380.0,2972.0,1592.0,313.0,125.0,46.0,0.7667,42.0,Mauddud (MA),137779.0,1.0958,0.4224,25.99,44.21,1.1375,1.0882,238.0,2332.5,1030.5,79.15,1302.0,2143.5,2143.5,841.5,64.63,64.63,OVER_PREDICTION,True,True,True,True,True,True,False,False,2. QUALIFIED_5QC_HISTORICAL_RUN,Pass 5 QC Gates (Historical Completion Run: Days = -1453.9)
GC-31,SA-0991H_T,2022-09-29 08:45,Alkhorayef (ACC),538 Series (ACC WG),WG4000c,WG-4000,145,7370.0,0.0,-1361.9,1834.0,3103.0,1269.0,415.0,136.0,45.0,0.75,31.2,Mauddud (MA),137779.0,1.0958,0.4112,21.29,37.85,1.1773,1.1282,332.5,3093.8,1520.8,96.68,1573.0,2742.2,2742.2,1169.2,74.33,74.33,OVER_PREDICTION,True,True,True,True,True,True,False,False,2. QUALIFIED_5QC_HISTORICAL_RUN,Pass 5 QC Gates (Historical Completion Run: Days = -1361.9)
GC-31,SA-0991H_T,2022-10-28 07:15,Alkhorayef (ACC),538 Series (ACC WG),WG4000c,WG-4000,145,7370.0,0.0,-1332.9,1927.0,3333.0,1406.0,452.9,136.1,50.0,0.8333,49.8,Mauddud (MA),137779.0,1.0958,0.4306,22.52,32.43,1.1848,1.1027,350.0,4012.2,1534.0,61.9,2478.2,3638.4,3638.4,1160.2,46.82,46.82,OVER_PREDICTION,True,True,True,True,True,True,False,False,2. QUALIFIED_5QC_HISTORICAL_RUN,Pass 5 QC Gates (Historical Completion Run: Days = -1332.9)
GC-31,SA-0991H_T,2023-03-02 10:15,Alkhorayef (ACC),538 Series (ACC WG),WG4000c,WG-4000,145,7370.0,0.0,-1207.8,1658.0,3122.7,1464.7,319.0,146.0,50.0,0.8333,51.2,Mauddud (MA),137779.0,1.0958,0.432,23.38,33.67,1.1614,1.089,295.2,3892.7,1800.7,86.08,2092.0,3574.5,3574.5,1482.5,70.87,70.87,OVER_PREDICTION,True,True,True,True,True,True,False,False,2. QUALIFIED_5QC_HISTORICAL_RUN,Pass 5 QC Gates (Historical Completion Run: Days = -1207.8)
GC-31,SA-0991H_T,2023-06-28 07:15,Alkhorayef (ACC),538 Series (ACC WG),WG4000c,WG-4000,145,7370.0,0.0,-1089.9,1403.0,2824.0,1421.0,199.0,158.0,50.0,0.8333,42.1,Mauddud (MA),137779.0,1.0958,0.4225,23.19,33.4,1.1395,1.0892,242.7,3919.4,1859.4,90.26,2060.0,3598.5,3598.5,1538.5,74.68,74.68,OVER_PREDICTION,True,True,True,True,True,True,False,False,2. QUALIFIED_5QC_HISTORICAL_RUN,Pass 5 QC Gates (Historical Completion Run: Days = -1089.9)
GC-31,SA-0991H_T,2023-11-24 08:30,Alkhorayef (ACC),538 Series (ACC WG),WG4000c,WG-4000,145,7370.0,0.0,-940.9,1290.0,2902.0,1612.0,224.0,141.0,50.0,0.8333,47.8,Mauddud (MA),137779.0,1.0958,0.4285,25.95,37.37,1.1301,1.0775,220.0,3494.1,1668.1,91.35,1826.0,3242.8,3242.8,1416.8,77.59,77.59,OVER_PREDICTION,True,True,True,True,True,True,False,False,2. QUALIFIED_5QC_HISTORICAL_RUN,Pass 5 QC Gates (Historical Completion Run: Days = -940.9)
GC-31,SA-0991H_T,2024-04-20 08:45,Alkhorayef (ACC),538 Series (ACC WG),WG4000c,WG-4000,145,7370.0,0.0,-792.9,1491.0,3074.0,1583.0,204.0,146.0,49.8,0.83,49.2,Mauddud (MA),137779.0,1.0958,0.4299,25.39,36.86,1.1469,1.0845,260.6,3539.0,1687.0,91.09,1852.0,3263.3,3263.3,1411.3,76.2,76.2,OVER_PREDICTION,True,True,True,True,True,True,False,False,2. QUALIFIED_5QC_HISTORICAL_RUN,Pass 5 QC Gates (Historical Completion Run: Days = -792.9)
GC-31,SA-0991H_T,2024-06-20 12:15,Alkhorayef (ACC),538 Series (ACC WG),WG4000c,WG-4000,145,7370.0,0.0,-731.7,1555.0,3035.0,1480.0,210.0,150.0,51.0,0.85,68.7,Mauddud (MA),137779.0,1.0958,0.4503,22.67,31.38,1.1524,1.0614,273.8,4192.0,1879.0,81.24,2313.0,3949.3,3949.3,1636.3,70.74,70.74,OVER_PREDICTION,True,True,True,True,True,True,False,False,2. QUALIFIED_5QC_HISTORICAL_RUN,Pass 5 QC Gates (Historical Completion Run: Days = -731.7)
GC-31,SA-0991H_T,2025-04-13 08:30,Alkhorayef (ACC),538 Series (ACC WG),WG4000c,WG-4000,145,7370.0,0.0,-434.9,1517.0,3339.0,1822.0,236.2,159.0,50.0,0.8333,75.0,Mauddud (MA),137779.0,1.0958,0.4568,27.51,39.62,1.1491,1.0523,266.0,3216.0,-65.5,-2.0,3281.5,3056.2,3056.2,-225.3,-6.87,6.87,UNDER_PREDICTION,True,True,True,True,True,True,False,False,2. QUALIFIED_5QC_HISTORICAL_RUN,Pass 5 QC Gates (Historical Completion Run: Days = -434.9)
GC-31,SA-0991H_T,2025-07-24 08:00,Alkhorayef (ACC),538 Series (ACC WG),WG4000c,WG-4000,145,7370.0,0.0,-332.9,1485.0,3343.0,1858.0,222.0,158.0,52.0,0.8667,74.1,Mauddud (MA),137779.0,1.0958,0.4559,28.11,37.42,1.1464,1.0527,259.4,3628.1,-227.9,-5.91,3856.0,3446.3,3446.3,-409.7,-10.62,10.62,UNDER_PREDICTION,True,True,True,True,True,True,False,False,2. QUALIFIED_5QC_HISTORICAL_RUN,Pass 5 QC Gates (Historical Completion Run: Days = -332.9)
GC-31,SA-0991H_T,2025-10-08 08:00,Alkhorayef (ACC),538 Series (ACC WG),WG4000c,WG-4000,145,7370.0,0.0,-256.9,1516.0,3340.0,1824.0,226.0,158.0,50.0,0.8333,76.0,Mauddud (MA),137779.0,1.0958,0.4579,27.47,39.56,1.1491,1.051,265.8,3223.8,-298.2,-8.47,3522.0,3067.4,3067.4,-454.6,-12.91,12.91,UNDER_PREDICTION,True,True,True,True,True,True,False,False,2. QUALIFIED_5QC_HISTORICAL_RUN,Pass 5 QC Gates (Historical Completion Run: Days = -256.9)
GC-31,SA-0991H_T,2025-11-06 18:00,Alkhorayef (ACC),538 Series (ACC WG),WG4000c,WG-4000,145,7370.0,0.0,-227.5,1518.0,3380.0,1862.0,216.0,158.0,50.0,0.8333,81.7,Mauddud (MA),137779.0,1.0958,0.4638,27.69,39.88,1.1492,1.0436,266.2,3180.9,-299.1,-8.59,3480.0,3047.9,3047.9,-432.1,-12.42,12.42,UNDER_PREDICTION,True,True,True,True,True,True,False,False,2. QUALIFIED_5QC_HISTORICAL_RUN,Pass 5 QC Gates (Historical Completion Run: Days = -227.5)
GC-31,SA-0991H_T,2026-04-09 08:15,Alkhorayef (ACC),538 Series (ACC WG),WG4000c,WG-4000,145,7370.0,0.0,-73.9,1525.0,3466.0,1941.0,258.0,162.0,54.0,0.9,82.4,Mauddud (MA),137779.0,1.0958,0.4645,28.82,35.58,1.1498,1.0429,267.6,3990.8,-70.2,-1.73,4061.0,3826.8,3826.8,-234.2,-5.77,5.77,UNDER_PREDICTION,True,True,True,True,True,True,False,False,2. QUALIFIED_5QC_HISTORICAL_RUN,Pass 5 QC Gates (Historical Completion Run: Days = -73.9)
GC-31,SA-0991H_T,2026-06-27 07:15,Alkhorayef (ACC),538 Series (ACC WG),WG4000c,WG-4000,145,7370.0,5.1,5.1,1479.0,3391.0,1912.0,364.0,146.0,50.0,0.8333,93.0,Mauddud (MA),137779.0,1.0958,0.4756,27.73,39.93,1.1459,1.0288,258.2,3174.4,290.4,10.07,2884.0,3085.5,3085.5,201.5,6.99,6.99,OVER_PREDICTION,True,True,True,True,True,True,True,True,1. QUALIFIED_5QC_CLEAN_ACTIVE,Pass: Active completion run meeting all 5 QC physical screening gates
GC-31,SA-0991H_T,2026-07-23 08:00,Alkhorayef (ACC),538 Series (ACC WG),WG4000c,WG-4000,145,7370.0,31.1,31.1,1078.0,3115.0,2037.0,264.0,151.0,50.0,0.8333,58.0,Mauddud (MA),137779.0,1.0958,0.4391,31.99,46.07,1.1133,1.0592,178.5,2210.0,-95.0,-4.12,2305.0,2086.5,2086.5,-218.5,-9.48,9.48,UNDER_PREDICTION,True,True,True,True,True,True,True,True,1. QUALIFIED_5QC_CLEAN_ACTIVE,Pass: Active completion run meeting all 5 QC physical screening gates
GC-31,SA-1004H_T,2022-12-31 07:45,Baker Hughes (Centrilift),400 Series (Centrilift P/Flex),P10,P10,251,7100.0,0.0,-936.6,1928.0,3318.0,1390.0,198.0,125.0,50.0,0.8333,90.2,Mauddud (MA),137779.0,1.0958,0.4727,11.72,16.88,1.1848,1.0362,350.0,1138.7,-439.3,-27.84,1578.0,1099.0,1099.0,-479.0,-30.35,30.35,UNDER_PREDICTION,True,True,True,True,True,True,False,False,2. QUALIFIED_5QC_HISTORICAL_RUN,Pass 5 QC Gates (Historical Completion Run: Days = -936.6)
GC-31,SA-1004H_T,2023-03-05 08:00,Baker Hughes (Centrilift),400 Series (Centrilift P/Flex),P10,P10,251,7100.0,0.0,-872.6,1595.0,3304.7,1709.7,210.0,131.0,50.0,0.8333,81.2,Mauddud (MA),137779.0,1.0958,0.4633,14.7,21.17,1.1559,1.0455,282.1,1048.9,-172.1,-14.1,1221.0,1003.2,1003.2,-217.8,-17.84,17.84,UNDER_PREDICTION,True,True,True,True,True,True,False,False,2. QUALIFIED_5QC_HISTORICAL_RUN,Pass 5 QC Gates (Historical Completion Run: Days = -872.6)
GC-31,SA-1004H_T,2023-06-28 09:00,Baker Hughes (Centrilift),400 Series (Centrilift P/Flex),P10,P10,251,7100.0,0.0,-757.5,1533.0,3288.7,1755.7,196.0,132.0,50.0,0.8333,95.5,Mauddud (MA),137779.0,1.0958,0.4782,14.63,21.07,1.1505,1.0259,269.3,1051.1,-154.9,-12.84,1206.0,1024.6,1024.6,-181.4,-15.04,15.04,UNDER_PREDICTION,True,True,True,True,True,True,False,False,2. QUALIFIED_5QC_HISTORICAL_RUN,Pass 5 QC Gates (Historical Completion Run: Days = -757.5)
GC-31,SA-1004H_T,2023-11-05 22:30,Baker Hughes (Centrilift),400 Series (Centrilift P/Flex),P10,P10,251,7100.0,0.0,-627.0,1970.0,3330.0,1360.0,183.0,111.0,50.0,0.8333,88.6,Mauddud (MA),137779.0,1.0958,0.471,11.5,16.56,1.1848,1.0388,350.0,1145.2,-393.8,-25.59,1539.0,1102.4,1102.4,-436.6,-28.37,28.37,UNDER_PREDICTION,True,True,True,True,True,True,False,False,2. QUALIFIED_5QC_HISTORICAL_RUN,Pass 5 QC Gates (Historical Completion Run: Days = -627.0)
GC-31,SA-1004H_T,2024-07-18 07:30,Baker Hughes (Centrilift),400 Series (Centrilift P/Flex),P10,P10,251,7100.0,0.0,-371.6,1569.0,3288.0,1719.0,181.0,125.0,50.0,0.8333,74.7,Mauddud (MA),137779.0,1.0958,0.4565,15.0,21.6,1.1536,1.0538,276.7,1039.4,-124.6,-10.7,1164.0,986.3,986.3,-177.7,-15.27,15.27,UNDER_PREDICTION,True,True,True,True,True,True,False,False,2. QUALIFIED_5QC_HISTORICAL_RUN,Pass 5 QC Gates (Historical Completion Run: Days = -371.6)
GC-31,SA-1004H_T,2024-12-01 08:00,Baker Hughes (Centrilift),400 Series (Centrilift P/Flex),P10,P10,251,7100.0,0.0,-235.6,1426.0,3309.0,1883.0,205.0,107.0,50.0,0.8333,96.1,Mauddud (MA),137779.0,1.0958,0.4788,15.67,22.57,1.1414,1.0247,247.3,1017.6,171.6,20.28,846.0,993.0,993.0,147.0,17.38,17.38,OVER_PREDICTION,True,True,True,True,True,True,False,False,2. QUALIFIED_5QC_HISTORICAL_RUN,Pass 5 QC Gates (Historical Completion Run: Days = -235.6)
GC-31,SA-1004H_T,2025-03-22 08:15,Baker Hughes (Centrilift),400 Series (Centrilift P/Flex),P10,P10,251,7100.0,0.0,-124.6,1379.0,3280.0,1901.0,218.0,112.0,50.0,0.8333,72.0,Mauddud (MA),137779.0,1.0958,0.4537,16.69,24.04,1.1375,1.0529,237.8,983.2,203.2,26.05,780.0,933.8,933.8,153.8,19.72,19.72,OVER_PREDICTION,True,True,True,True,True,True,False,False,2. QUALIFIED_5QC_HISTORICAL_RUN,Pass 5 QC Gates (Historical Completion Run: Days = -124.6)
GC-31,SA-1004H_T,2025-08-30 08:45,Baker Hughes (Centrilift),400 Series (Centrilift P/Flex),P10,P10,251,7100.0,36.4,36.4,1510.0,3159.0,1649.0,179.0,156.0,47.0,0.7833,34.5,Mauddud (MA),137779.0,1.0958,0.4146,15.85,25.83,1.1485,1.1042,264.5,882.6,106.6,13.74,776.0,799.3,799.3,23.3,3.0,3.0,OVER_PREDICTION,True,True,True,True,True,True,True,True,1. QUALIFIED_5QC_CLEAN_ACTIVE,Pass: Active completion run meeting all 5 QC physical screening gates
GC-31,SA-1004H_T,2025-12-01 08:00,Baker Hughes (Centrilift),400 Series (Centrilift P/Flex),P10,P10,251,7100.0,129.4,129.4,1525.0,3177.0,1652.0,223.0,127.0,47.0,0.7833,43.6,Mauddud (MA),137779.0,1.0958,0.4241,15.52,25.3,1.1498,1.0932,267.6,895.1,26.1,3.0,869.0,818.8,818.8,-50.2,-5.78,5.78,UNDER_PREDICTION,True,True,True,True,True,True,True,True,1. QUALIFIED_5QC_CLEAN_ACTIVE,Pass: Active completion run meeting all 5 QC physical screening gates
GC-31,SA-1004H_T,2026-03-09 18:30,Baker Hughes (Centrilift),400 Series (Centrilift P/Flex),P10,P10,251,7100.0,227.9,227.9,1560.0,3153.0,1593.0,246.0,129.0,47.0,0.7833,43.4,Mauddud (MA),137779.0,1.0958,0.4239,14.97,24.4,1.1529,1.0952,274.8,916.0,85.0,10.23,831.0,836.4,836.4,5.4,0.65,0.65,OVER_PREDICTION,True,True,True,True,True,True,True,True,1. QUALIFIED_5QC_CLEAN_ACTIVE,Pass: Active completion run meeting all 5 QC physical screening gates
GC-31,SA-1004H_T,2026-06-10 07:00,Baker Hughes (Centrilift),400 Series (Centrilift P/Flex),P10,P10,251,7100.0,320.4,320.4,1626.0,3139.0,1513.0,195.0,109.0,47.0,0.7833,45.0,Mauddud (MA),137779.0,1.0958,0.4255,14.17,23.09,1.1586,1.0962,288.5,945.2,29.2,3.19,916.0,862.2,862.2,-53.8,-5.87,5.87,UNDER_PREDICTION,True,True,True,True,True,True,True,True,1. QUALIFIED_5QC_CLEAN_ACTIVE,Pass: Active completion run meeting all 5 QC physical screening gates
GC-31,SA-1005_T,2022-09-22 17:00,Halliburton / Summit ESP,400 Series (Summit SF),SF675,SF675,286,7710.0,0.0,-453.9,510.0,2845.0,2335.0,8.0,108.0,50.0,0.8333,6.0,Mauddud (MA),137779.0,1.0958,0.3849,21.21,30.54,1.0732,1.07,75.9,516.6,-105.4,-16.95,622.0,482.8,482.8,-139.2,-22.38,22.38,UNDER_PREDICTION,True,True,True,True,True,True,False,False,2. QUALIFIED_5QC_HISTORICAL_RUN,Pass 5 QC Gates (Historical Completion Run: Days = -453.9)
GC-31,SA-1005_T,2023-02-02 08:00,Halliburton / Summit ESP,400 Series (Summit SF),SF675,SF675,286,7710.0,0.0,-321.2,778.0,3207.7,2429.7,204.0,81.0,50.0,0.8333,1.7,Mauddud (MA),137779.0,1.0958,0.3804,22.33,32.16,1.0911,1.0899,122.5,452.3,155.3,52.29,297.0,415.0,415.0,118.0,39.73,39.73,OVER_PREDICTION,True,True,True,True,True,True,False,False,2. QUALIFIED_5QC_HISTORICAL_RUN,Pass 5 QC Gates (Historical Completion Run: Days = -321.2)
GC-31,SA-1005_T,2023-05-26 08:15,Halliburton / Summit ESP,400 Series (Summit SF),SF675,SF675,286,7710.0,0.0,-208.2,1132.0,3462.7,2330.7,179.0,97.0,49.0,0.8167,4.9,Mauddud (MA),137779.0,1.0958,0.3838,21.24,31.84,1.1175,1.1127,188.9,457.8,331.8,263.33,126.0,411.4,411.4,285.4,226.51,226.51,OVER_PREDICTION,True,True,True,True,True,True,False,False,2. QUALIFIED_5QC_HISTORICAL_RUN,Pass 5 QC Gates (Historical Completion Run: Days = -208.2)
GC-31,SA-1005_T,2024-01-25 08:00,Halliburton / Summit ESP,400 Series (Summit SF),SF675,SF675,286,7710.0,35.8,35.8,966.0,3328.0,2362.0,193.0,105.0,50.0,0.8333,13.0,Mauddud (MA),137779.0,1.0958,0.3922,21.06,30.33,1.1048,1.0937,157.1,523.6,135.6,34.95,388.0,478.7,478.7,90.7,23.38,23.38,OVER_PREDICTION,True,True,True,True,True,True,True,True,1. QUALIFIED_5QC_CLEAN_ACTIVE,Pass: Active completion run meeting all 5 QC physical screening gates
GC-31,SA-1005_T,2024-05-02 08:30,Halliburton / Summit ESP,400 Series (Summit SF),SF675,SF675,286,7710.0,133.8,133.8,639.0,3433.0,2794.0,183.0,94.0,50.0,0.8333,12.1,Mauddud (MA),137779.0,1.0958,0.3913,24.97,35.96,1.0816,1.0741,97.9,0.0,-182.0,-100.0,182.0,0.0,0.0,-182.0,-100.0,100.0,UNDER_PREDICTION,True,True,True,True,True,True,True,True,1. QUALIFIED_5QC_CLEAN_ACTIVE,Pass: Active completion run meeting all 5 QC physical screening gates
GC-31,SA-1005_T,2024-10-04 11:15,Halliburton / Summit ESP,400 Series (Summit SF),SF675,SF675,286,7710.0,288.9,288.9,591.0,3443.0,2852.0,168.0,97.0,51.0,0.85,14.2,Mauddud (MA),137779.0,1.0958,0.3934,25.35,35.09,1.0784,1.0701,89.6,110.5,-94.5,-46.1,205.0,103.3,103.3,-101.7,-49.61,49.61,UNDER_PREDICTION,True,True,True,True,True,True,True,True,1. QUALIFIED_5QC_CLEAN_ACTIVE,Pass: Active completion run meeting all 5 QC physical screening gates
GC-31,SA-1005_T,2025-02-15 08:45,Halliburton / Summit ESP,400 Series (Summit SF),SF675,SF675,286,7710.0,422.8,422.8,554.0,3454.0,2900.0,203.3,86.0,51.0,0.85,2.9,Mauddud (MA),137779.0,1.0958,0.3817,26.57,36.78,1.076,1.0744,83.3,0.0,-208.3,-100.0,208.3,0.0,0.0,-208.3,-100.0,100.0,UNDER_PREDICTION,True,True,True,True,True,True,True,True,1. QUALIFIED_5QC_CLEAN_ACTIVE,Pass: Active completion run meeting all 5 QC physical screening gates
GC-31,SA-1005_T,2025-05-24 08:00,Halliburton / Summit ESP,400 Series (Summit SF),SF675,SF675,286,7710.0,520.8,520.8,513.0,3435.0,2922.0,174.0,106.0,51.0,0.85,11.0,Mauddud (MA),137779.0,1.0958,0.3901,26.19,36.25,1.0734,1.0675,76.4,0.0,-152.0,-100.0,152.0,0.0,0.0,-152.0,-100.0,100.0,UNDER_PREDICTION,True,True,True,True,True,True,True,True,1. QUALIFIED_5QC_CLEAN_ACTIVE,Pass: Active completion run meeting all 5 QC physical screening gates
GC-31,SA-1005_T,2025-09-14 13:00,Halliburton / Summit ESP,400 Series (Summit SF),SF675,SF675,286,7710.0,634.0,634.0,558.0,3394.0,2836.0,173.0,100.0,51.0,0.85,13.2,Mauddud (MA),137779.0,1.0958,0.3924,25.27,34.98,1.0763,1.0688,84.0,157.3,21.3,15.66,136.0,147.2,147.2,11.2,8.24,8.24,OVER_PREDICTION,True,True,True,True,True,True,True,True,1. QUALIFIED_5QC_CLEAN_ACTIVE,Pass: Active completion run meeting all 5 QC physical screening gates
GC-31,SA-1005_T,2025-12-21 10:15,Halliburton / Summit ESP,400 Series (Summit SF),SF675,SF675,286,7710.0,731.9,731.9,526.0,3318.0,2792.0,209.0,81.0,52.0,0.8667,13.0,Mauddud (MA),137779.0,1.0958,0.3922,24.89,33.14,1.0742,1.0672,78.6,415.3,196.3,89.63,219.0,389.2,389.2,170.2,77.72,77.72,OVER_PREDICTION,True,True,True,True,True,True,True,True,1. QUALIFIED_5QC_CLEAN_ACTIVE,Pass: Active completion run meeting all 5 QC physical screening gates
GC-31,SA-1005_T,2026-03-15 18:00,Halliburton / Summit ESP,400 Series (Summit SF),SF675,SF675,286,7710.0,816.2,816.2,620.0,3586.0,2966.0,244.0,90.0,52.0,0.8667,10.4,Mauddud (MA),137779.0,1.0958,0.3895,26.63,35.45,1.0803,1.074,94.6,2.2,-112.8,-98.09,115.0,2.0,2.0,-113.0,-98.26,98.26,UNDER_PREDICTION,True,True,True,True,True,True,True,True,1. QUALIFIED_5QC_CLEAN_ACTIVE,Pass: Active completion run meeting all 5 QC physical screening gates
GC-31,SA-1005_T,2026-06-06 09:15,Halliburton / Summit ESP,400 Series (Summit SF),SF675,SF675,286,7710.0,898.8,898.8,1013.0,2117.0,1104.0,17.0,112.0,52.0,0.8667,2.2,Mauddud (MA),137779.0,1.0958,0.3809,10.13,13.49,1.1083,1.1064,166.0,702.0,523.0,292.18,179.0,634.5,634.5,455.5,254.47,254.47,OVER_PREDICTION,True,True,True,True,True,True,True,True,1. QUALIFIED_5QC_CLEAN_ACTIVE,Pass: Active completion run meeting all 5 QC physical screening gates
GC-31,SA-1007H_T,2022-04-01 02:00,Alkhorayef (ACC),538 Series (ACC WG),WG-4000c,WG-4000,172,7000.0,3.1,3.1,,2983.0,,71.0,111.0,45.0,0.75,75.0,Mauddud (MA),137779.0,1.0958,0.4568,,,1.1477,1.0519,262.5,,,,2544.0,,,,,,,False,False,False,True,True,False,True,False,7. FAILED_MISSING_TELEMETRY,"Failed Gate 1: Missing Telemetry (PIP=nan, PDP=2983.0)"
GC-31,SA-1007H_T,2023-01-14 08:15,Alkhorayef (ACC),538 Series (ACC WG),WG-4000c,WG-4000,172,7000.0,291.4,291.4,848.0,2745.0,1897.0,196.0,115.0,45.0,0.75,0.0,Mauddud (MA),137779.0,1.0958,0.3786,29.13,51.79,1.0961,1.0961,135.2,975.0,-266.0,-21.43,1241.0,889.5,889.5,-351.5,-28.32,28.32,UNDER_PREDICTION,True,True,True,True,True,True,True,True,1. QUALIFIED_5QC_CLEAN_ACTIVE,Pass: Active completion run meeting all 5 QC physical screening gates
GC-31,SA-1007H_T,2023-06-15 05:00,Alkhorayef (ACC),538 Series (ACC WG),WG-4000c,WG-4000,172,7000.0,443.2,443.2,656.0,2695.0,2039.0,164.0,128.0,45.0,0.75,0.0,Mauddud (MA),137779.0,1.0958,0.3786,31.31,55.66,1.0827,1.0827,100.8,294.9,-681.1,-69.78,976.0,272.4,272.4,-703.6,-72.09,72.09,UNDER_PREDICTION,True,True,True,True,True,True,True,True,1. QUALIFIED_5QC_CLEAN_ACTIVE,Pass: Active completion run meeting all 5 QC physical screening gates
GC-31,SA-1007H_T,2023-10-05 08:30,Alkhorayef (ACC),538 Series (ACC WG),WG-4000c,WG-4000,172,7000.0,555.4,555.4,695.0,2711.0,2016.0,180.0,112.0,45.0,0.75,0.0,Mauddud (MA),137779.0,1.0958,0.3786,30.96,55.04,1.0854,1.0854,107.7,400.6,-357.4,-47.15,758.0,369.1,369.1,-388.9,-51.31,51.31,UNDER_PREDICTION,True,True,True,True,True,True,True,True,1. QUALIFIED_5QC_CLEAN_ACTIVE,Pass: Active completion run meeting all 5 QC physical screening gates
GC-31,SA-1007H_T,2024-01-26 13:45,Alkhorayef (ACC),538 Series (ACC WG),WG-4000c,WG-4000,172,7000.0,668.6,668.6,483.0,2777.0,2294.0,211.0,112.0,49.0,0.8167,0.0,Mauddud (MA),137779.0,1.0958,0.3786,35.22,52.8,1.0715,1.0715,71.5,863.7,-124.3,-12.58,988.0,806.1,806.1,-181.9,-18.41,18.41,UNDER_PREDICTION,True,True,True,True,True,True,True,True,1. QUALIFIED_5QC_CLEAN_ACTIVE,Pass: Active completion run meeting all 5 QC physical screening gates
GC-31,SA-1007H_T,2024-05-20 08:30,Alkhorayef (ACC),538 Series (ACC WG),WG-4000c,WG-4000,172,7000.0,783.4,783.4,400.0,2748.0,2348.0,175.0,122.0,49.0,0.8167,6.3,Mauddud (MA),137779.0,1.0958,0.3852,35.44,53.13,1.0664,1.0635,58.0,800.0,-78.0,-8.88,878.0,752.2,752.2,-125.8,-14.33,14.33,UNDER_PREDICTION,True,True,True,True,True,True,True,True,1. QUALIFIED_5QC_CLEAN_ACTIVE,Pass: Active completion run meeting all 5 QC physical screening gates
GC-31,SA-1007H_T,2024-10-10 08:30,Alkhorayef (ACC),538 Series (ACC WG),WG-4000c,WG-4000,172,7000.0,926.4,926.4,471.0,2771.0,2300.0,190.0,124.0,48.0,0.8,8.2,Mauddud (MA),137779.0,1.0958,0.3872,34.54,53.97,1.0708,1.0666,69.5,625.5,-312.5,-33.32,938.0,586.4,586.4,-351.6,-37.48,37.48,UNDER_PREDICTION,True,True,True,True,True,True,True,True,1. QUALIFIED_5QC_CLEAN_ACTIVE,Pass: Active completion run meeting all 5 QC physical screening gates
GC-31,SA-1007H_T,2025-02-24 07:00,Alkhorayef (ACC),538 Series (ACC WG),WG-4000c,WG-4000,172,7000.0,1063.3,1063.3,482.0,2824.0,2342.0,248.0,115.0,49.0,0.8167,5.9,Mauddud (MA),137779.0,1.0958,0.3848,35.39,53.06,1.0714,1.0684,71.3,813.0,-274.0,-25.21,1087.0,760.9,760.9,-326.1,-30.0,30.0,UNDER_PREDICTION,True,True,True,True,True,True,True,True,1. QUALIFIED_5QC_CLEAN_ACTIVE,Pass: Active completion run meeting all 5 QC physical screening gates
GC-31,SA-1007H_T,2025-05-24 07:45,Alkhorayef (ACC),538 Series (ACC WG),WG-4000c,WG-4000,172,7000.0,1152.3,1152.3,473.0,2810.0,2337.0,226.0,126.0,49.0,0.8167,8.3,Mauddud (MA),137779.0,1.0958,0.3873,35.08,52.59,1.0709,1.0667,69.8,904.5,-216.5,-19.31,1121.0,848.0,848.0,-273.0,-24.35,24.35,UNDER_PREDICTION,True,True,True,True,True,True,True,True,1. QUALIFIED_5QC_CLEAN_ACTIVE,Pass: Active completion run meeting all 5 QC physical screening gates
GC-31,SA-1007H_T,2025-10-01 08:45,Alkhorayef (ACC),538 Series (ACC WG),WG-4000c,WG-4000,172,7000.0,1282.4,1282.4,570.0,3005.0,2435.0,351.0,122.0,49.0,0.8167,15.0,Mauddud (MA),137779.0,1.0958,0.3943,35.91,53.84,1.077,1.0685,86.0,662.6,-251.4,-27.51,914.0,620.1,620.1,-293.9,-32.16,32.16,UNDER_PREDICTION,True,True,True,True,True,True,True,True,1. QUALIFIED_5QC_CLEAN_ACTIVE,Pass: Active completion run meeting all 5 QC physical screening gates
GC-31,SA-1007H_T,2026-01-17 08:00,Alkhorayef (ACC),538 Series (ACC WG),WG-4000c,WG-4000,172,7000.0,1390.4,1390.4,531.0,2939.0,2408.0,313.0,121.0,49.0,0.8167,7.2,Mauddud (MA),137779.0,1.0958,0.3861,36.26,54.36,1.0745,1.0706,79.4,564.3,-372.7,-39.78,937.0,527.1,527.1,-409.9,-43.75,43.75,UNDER_PREDICTION,True,True,True,True,True,True,True,True,1. QUALIFIED_5QC_CLEAN_ACTIVE,Pass: Active completion run meeting all 5 QC physical screening gates
GC-31,SA-1007H_T,2026-06-05 08:00,Alkhorayef (ACC),538 Series (ACC WG),WG-4000c,WG-4000,172,7000.0,1529.4,1529.4,790.0,2921.0,2131.0,308.0,130.0,47.0,0.7833,12.3,Mauddud (MA),137779.0,1.0958,0.3915,31.65,51.58,1.092,1.0831,124.7,1059.2,-196.8,-15.67,1256.0,977.9,977.9,-278.1,-22.14,22.14,UNDER_PREDICTION,True,True,True,True,True,True,True,True,1. QUALIFIED_5QC_CLEAN_ACTIVE,Pass: Active completion run meeting all 5 QC physical screening gates
GC-31,SA-1008H_T,2023-01-18 08:45,REDA (Schlumberger),513 Series (REDA GN),GN1600,GN1600,146,7150.0,287.8,287.8,1344.0,2534.7,1190.7,285.0,110.0,50.0,0.8333,0.5,Mauddud (MA),137779.0,1.0958,0.3792,21.51,30.98,1.1346,1.134,230.8,1772.5,386.5,27.89,1386.0,1563.1,1563.1,177.1,12.78,12.78,OVER_PREDICTION,True,True,True,True,True,True,True,True,1. QUALIFIED_5QC_CLEAN_ACTIVE,Pass: Active completion run meeting all 5 QC physical screening gates
GC-31,SA-1008H_T,2023-04-28 07:15,REDA (Schlumberger),513 Series (REDA GN),GN1600,GN1600,146,7150.0,387.8,387.8,1143.0,2437.7,1294.7,242.0,115.0,50.0,0.8333,0.0,Mauddud (MA),137779.0,1.0958,0.3786,23.42,33.73,1.1183,1.1183,191.0,1707.0,305.0,21.75,1402.0,1526.4,1526.4,124.4,8.87,8.87,OVER_PREDICTION,True,True,True,True,True,True,True,True,1. QUALIFIED_5QC_CLEAN_ACTIVE,Pass: Active completion run meeting all 5 QC physical screening gates
GC-31,SA-1008H_T,2023-08-05 07:45,REDA (Schlumberger),513 Series (REDA GN),GN1600,GN1600,146,7150.0,486.8,486.8,977.0,2406.7,1429.7,252.0,117.0,50.0,0.8333,1.1,Mauddud (MA),137779.0,1.0958,0.3798,25.78,37.13,1.1056,1.1046,159.2,1616.0,289.0,21.78,1327.0,1462.9,1462.9,135.9,10.24,10.24,OVER_PREDICTION,True,True,True,True,True,True,True,True,1. QUALIFIED_5QC_CLEAN_ACTIVE,Pass: Active completion run meeting all 5 QC physical screening gates
GC-31,SA-1008H_T,2024-03-09 08:15,REDA (Schlumberger),513 Series (REDA GN),GN1600,GN1600,146,7150.0,703.8,703.8,1045.0,2467.0,1422.0,251.0,125.0,50.0,0.8333,3.5,Mauddud (MA),137779.0,1.0958,0.3823,25.48,36.69,1.1107,1.1076,172.1,1628.5,293.5,21.99,1335.0,1470.3,1470.3,135.3,10.13,10.13,OVER_PREDICTION,True,True,True,True,True,True,True,True,1. QUALIFIED_5QC_CLEAN_ACTIVE,Pass: Active completion run meeting all 5 QC physical screening gates
GC-31,SA-1008H_T,2024-07-22 08:15,REDA (Schlumberger),513 Series (REDA GN),GN1600,GN1600,146,7150.0,838.8,838.8,1379.0,2495.0,1116.0,248.7,125.4,50.0,0.8333,9.2,Mauddud (MA),137779.0,1.0958,0.3882,19.69,28.36,1.1375,1.1267,237.8,1829.3,304.4,19.96,1524.9,1623.7,1623.7,98.8,6.48,6.48,OVER_PREDICTION,True,True,True,True,True,True,True,True,1. QUALIFIED_5QC_CLEAN_ACTIVE,Pass: Active completion run meeting all 5 QC physical screening gates
GC-31,SA-1008H_T,2024-11-28 08:30,REDA (Schlumberger),513 Series (REDA GN),GN1600,GN1600,146,7150.0,967.8,967.8,2312.0,2722.0,410.0,309.0,132.0,50.0,0.8333,24.5,Mauddud (MA),137779.0,1.0958,0.4042,6.95,10.01,1.1848,1.1444,350.0,2134.2,308.2,16.88,1826.0,1864.9,1864.9,38.9,2.13,2.13,OVER_PREDICTION,True,True,True,True,True,True,True,True,1. QUALIFIED_5QC_CLEAN_ACTIVE,Pass: Active completion run meeting all 5 QC physical screening gates
GC-31,SA-1008H_T,2025-02-15 09:15,REDA (Schlumberger),513 Series (REDA GN),GN1600,GN1600,146,7150.0,1046.8,1046.8,2279.0,2870.0,591.0,298.0,135.0,50.0,0.8333,39.8,Mauddud (MA),137779.0,1.0958,0.4201,9.64,13.88,1.1848,1.1192,350.0,2079.7,438.7,26.73,1641.0,1858.2,1858.2,217.2,13.24,13.24,OVER_PREDICTION,True,True,True,True,True,True,True,True,1. QUALIFIED_5QC_CLEAN_ACTIVE,Pass: Active completion run meeting all 5 QC physical screening gates
GC-31,SA-1008H_T,2025-05-24 08:30,REDA (Schlumberger),513 Series (REDA GN),GN1600,GN1600,146,7150.0,1144.8,1144.8,2088.0,2896.0,808.0,281.0,139.0,50.0,0.8333,42.0,Mauddud (MA),137779.0,1.0958,0.4224,13.1,18.87,1.1848,1.1156,350.0,2003.0,309.0,18.24,1694.0,1795.5,1795.5,101.5,5.99,5.99,OVER_PREDICTION,True,True,True,True,True,True,True,True,1. QUALIFIED_5QC_CLEAN_ACTIVE,Pass: Active completion run meeting all 5 QC physical screening gates
GC-31,SA-1008H_T,2025-09-11 19:30,REDA (Schlumberger),513 Series (REDA GN),GN1600,GN1600,146,7150.0,1255.3,1255.3,1765.0,2864.0,1099.0,223.0,173.0,51.0,0.85,32.5,Mauddud (MA),137779.0,1.0958,0.4125,18.25,25.26,1.171,1.1219,317.8,1928.7,65.7,3.53,1863.0,1719.1,1719.1,-143.9,-7.72,7.72,UNDER_PREDICTION,True,True,True,True,True,True,True,True,1. QUALIFIED_5QC_CLEAN_ACTIVE,Pass: Active completion run meeting all 5 QC physical screening gates
GC-31,SA-1008H_T,2025-12-20 08:15,REDA (Schlumberger),513 Series (REDA GN),GN1600,GN1600,146,7150.0,1354.8,1354.8,1872.0,3055.0,1183.0,282.0,144.0,51.0,0.85,56.8,Mauddud (MA),137779.0,1.0958,0.4378,18.51,25.62,1.1808,1.0895,340.6,1921.8,218.8,12.85,1703.0,1764.0,1764.0,61.0,3.58,3.58,OVER_PREDICTION,True,True,True,True,True,True,True,True,1. QUALIFIED_5QC_CLEAN_ACTIVE,Pass: Active completion run meeting all 5 QC physical screening gates
GC-31,SA-1008H_T,2026-03-13 20:45,REDA (Schlumberger),513 Series (REDA GN),GN1600,GN1600,146,7150.0,1438.3,1438.3,1859.0,3040.0,1181.0,239.0,140.0,51.0,0.85,60.3,Mauddud (MA),137779.0,1.0958,0.4415,18.32,25.36,1.1796,1.0834,337.8,1926.8,307.8,19.01,1619.0,1778.6,1778.6,159.6,9.86,9.86,OVER_PREDICTION,True,True,True,True,True,True,True,True,1. QUALIFIED_5QC_CLEAN_ACTIVE,Pass: Active completion run meeting all 5 QC physical screening gates
GC-31,SA-1008H_T,2026-06-06 07:00,REDA (Schlumberger),513 Series (REDA GN),GN1600,GN1600,146,7150.0,1522.8,1522.8,1582.0,2985.0,1403.0,227.0,131.0,51.0,0.85,55.8,Mauddud (MA),137779.0,1.0958,0.4368,22.0,30.45,1.1548,1.0796,279.4,1820.1,226.1,14.18,1594.0,1686.0,1686.0,92.0,5.77,5.77,OVER_PREDICTION,True,True,True,True,True,True,True,True,1. QUALIFIED_5QC_CLEAN_ACTIVE,Pass: Active completion run meeting all 5 QC physical screening gates
GC-31,SA-1010_T,2023-02-05 08:00,Baker Hughes (Centrilift),400 Series (Centrilift P/Flex),FLEX10,FLEX10,206,8882.0,0.0,-334.0,1029.0,2972.0,1943.0,220.0,78.0,50.0,0.8333,5.3,Mauddud (MA),137779.0,1.0958,0.3842,24.55,35.35,1.1095,1.1048,169.1,553.8,268.8,94.32,285.0,501.3,501.3,216.3,75.89,75.89,OVER_PREDICTION,True,True,True,True,True,True,False,False,2. QUALIFIED_5QC_HISTORICAL_RUN,Pass 5 QC Gates (Historical Completion Run: Days = -334.0)
GC-31,SA-1010_T,2023-07-11 12:00,Baker Hughes (Centrilift),400 Series (Centrilift P/Flex),FLEX10,FLEX10,206,8882.0,0.0,-177.8,920.0,2968.0,2048.0,180.0,105.0,50.0,0.8333,6.2,Mauddud (MA),137779.0,1.0958,0.3851,25.82,37.18,1.1013,1.0963,148.5,234.4,-9.6,-3.93,244.0,213.8,213.8,-30.2,-12.38,12.38,UNDER_PREDICTION,True,True,True,True,True,True,False,False,2. QUALIFIED_5QC_HISTORICAL_RUN,Pass 5 QC Gates (Historical Completion Run: Days = -177.8)
GC-31,SA-1010_T,2024-01-10 00:00,Baker Hughes (Centrilift),400 Series (Centrilift P/Flex),FLEX10,FLEX10,206,8882.0,4.7,4.7,2155.0,2872.0,717.0,205.0,95.0,54.0,0.9,12.3,Mauddud (MA),137779.0,1.0958,0.3915,8.89,10.98,1.1848,1.1645,350.0,1375.1,307.1,28.75,1068.0,1180.8,1180.8,112.8,10.56,10.56,OVER_PREDICTION,True,True,True,True,True,True,True,True,1. QUALIFIED_5QC_CLEAN_ACTIVE,Pass: Active completion run meeting all 5 QC physical screening gates
GC-31,SA-1010_T,2024-02-25 09:30,Baker Hughes (Centrilift),400 Series (Centrilift P/Flex),FLEX10,FLEX10,206,8882.0,51.1,51.1,1777.0,2848.0,1071.0,213.0,112.0,49.0,0.8167,0.0,Mauddud (MA),137779.0,1.0958,0.3786,13.73,20.58,1.1721,1.1721,320.3,1058.4,70.4,7.13,988.0,903.0,903.0,-85.0,-8.6,8.6,UNDER_PREDICTION,True,True,True,True,True,True,True,True,1. QUALIFIED_5QC_CLEAN_ACTIVE,Pass: Active completion run meeting all 5 QC physical screening gates
GC-31,SA-1010_T,2024-07-25 08:15,Baker Hughes (Centrilift),400 Series (Centrilift P/Flex),FLEX10,FLEX10,206,8882.0,202.0,202.0,1597.0,3468.0,1871.0,176.0,128.0,50.0,0.8333,94.2,Mauddud (MA),137779.0,1.0958,0.4768,19.05,27.43,1.1561,1.0279,282.5,908.3,44.3,5.13,864.0,883.7,883.7,19.7,2.28,2.28,OVER_PREDICTION,True,True,True,True,True,True,True,True,1. QUALIFIED_5QC_CLEAN_ACTIVE,Pass: Active completion run meeting all 5 QC physical screening gates
GC-31,SA-1010_T,2024-11-26 08:45,Baker Hughes (Centrilift),400 Series (Centrilift P/Flex),FLEX10,FLEX10,206,8882.0,326.1,326.1,1755.0,3524.0,1769.0,219.0,125.0,50.0,0.8333,97.1,Mauddud (MA),137779.0,1.0958,0.4799,17.9,25.78,1.1701,1.0244,315.7,954.5,101.5,11.9,853.0,931.8,931.8,78.8,9.24,9.24,OVER_PREDICTION,True,True,True,True,True,True,True,True,1. QUALIFIED_5QC_CLEAN_ACTIVE,Pass: Active completion run meeting all 5 QC physical screening gates
GC-31,SA-1010_T,2025-08-28 09:45,Baker Hughes (Centrilift),400 Series (Centrilift P/Flex),FLEX10,FLEX10,206,8882.0,601.1,601.1,1753.0,3515.0,1762.0,168.0,116.0,50.0,0.8333,80.0,Mauddud (MA),137779.0,1.0958,0.462,18.51,26.66,1.1699,1.05,315.3,930.4,388.4,71.66,542.0,886.1,886.1,344.1,63.49,63.49,OVER_PREDICTION,True,True,True,True,True,True,True,True,1. QUALIFIED_5QC_CLEAN_ACTIVE,Pass: Active completion run meeting all 5 QC physical screening gates
GC-31,SA-1010_T,2026-01-21 18:00,Baker Hughes (Centrilift),400 Series (Centrilift P/Flex),FLEX10,FLEX10,206,8882.0,747.4,747.4,1631.0,3622.0,1991.0,269.0,128.0,50.0,0.8333,95.5,Mauddud (MA),137779.0,1.0958,0.4782,20.21,29.1,1.1591,1.0263,289.6,856.7,42.7,5.25,814.0,834.8,834.8,20.8,2.56,2.56,OVER_PREDICTION,True,True,True,True,True,True,True,True,1. QUALIFIED_5QC_CLEAN_ACTIVE,Pass: Active completion run meeting all 5 QC physical screening gates
GC-31,SA-1024_T,2022-06-18 01:00,Baker Hughes (Centrilift),538 Series (Centrilift Centurion),P23,P23,111,8450.0,0.0,-1315.2,,3049.0,,560.0,108.0,50.0,0.8333,82.9,Upper Burgan (UB),199739.0,1.1388,0.4651,,,1.1477,1.0418,262.5,,,,1880.0,,,,,,,False,False,False,True,True,False,False,False,7. FAILED_MISSING_TELEMETRY,"Failed Gate 1: Missing Telemetry (PIP=nan, PDP=3049.0)"
GC-31,SA-1024_T,2022-10-18 07:45,Baker Hughes (Centrilift),538 Series (Centrilift Centurion),P23,P23,111,8450.0,0.0,-1193.0,1586.0,2204.0,618.0,495.0,107.0,50.0,0.8333,4.4,Upper Burgan (UB),199739.0,1.1388,0.3832,14.53,20.92,1.1551,1.1492,280.2,4041.5,1934.5,91.81,2107.0,3516.9,3516.9,1409.9,66.92,66.92,OVER_PREDICTION,True,True,True,True,True,True,False,False,2. QUALIFIED_5QC_HISTORICAL_RUN,Pass 5 QC Gates (Historical Completion Run: Days = -1193.0)
GC-31,SA-1024_T,2023-03-22 08:15,Baker Hughes (Centrilift),538 Series (Centrilift Centurion),P23,P23,111,8450.0,0.0,-1037.9,1843.0,2508.0,665.0,484.0,128.0,50.0,0.8333,19.7,Upper Burgan (UB),199739.0,1.1388,0.3992,15.01,21.62,1.1781,1.147,334.4,4041.5,1866.5,85.82,2175.0,3523.7,3523.7,1348.7,62.01,62.01,OVER_PREDICTION,True,True,True,True,True,True,False,False,2. QUALIFIED_5QC_HISTORICAL_RUN,Pass 5 QC Gates (Historical Completion Run: Days = -1037.9)
GC-31,SA-1024_T,2023-07-22 08:30,Baker Hughes (Centrilift),538 Series (Centrilift Centurion),P23,P23,111,8450.0,0.0,-915.9,1990.0,2408.0,418.0,381.0,137.0,50.0,0.8333,24.1,Upper Burgan (UB),199739.0,1.1388,0.4038,9.33,13.44,1.1848,1.1451,350.0,4041.5,1602.5,65.7,2439.0,3529.4,3529.4,1090.4,44.71,44.71,OVER_PREDICTION,True,True,True,True,True,True,False,False,2. QUALIFIED_5QC_HISTORICAL_RUN,Pass 5 QC Gates (Historical Completion Run: Days = -915.9)
GC-31,SA-1024_T,2023-08-24 12:15,Baker Hughes (Centrilift),538 Series (Centrilift Centurion),P23,P23,111,8450.0,0.0,-882.8,2115.0,2915.0,800.0,597.0,119.0,50.0,0.8333,17.5,Upper Burgan (UB),199739.0,1.1388,0.3969,18.16,26.15,1.1848,1.156,350.0,4041.5,1851.5,84.54,2190.0,3496.2,3496.2,1306.2,59.64,59.64,OVER_PREDICTION,True,True,True,True,True,True,False,False,2. QUALIFIED_5QC_HISTORICAL_RUN,Pass 5 QC Gates (Historical Completion Run: Days = -882.8)
GC-31,SA-1024_T,2024-02-20 08:15,Baker Hughes (Centrilift),538 Series (Centrilift Centurion),P23,P23,111,8450.0,0.0,-702.9,1634.0,3025.0,1391.0,523.0,135.0,46.0,0.7667,46.6,Upper Burgan (UB),199739.0,1.1388,0.4272,29.33,49.9,1.1593,1.0944,290.2,1876.2,189.2,11.22,1687.0,1714.4,1714.4,27.4,1.62,1.62,OVER_PREDICTION,True,True,True,True,True,True,False,False,2. QUALIFIED_5QC_HISTORICAL_RUN,Pass 5 QC Gates (Historical Completion Run: Days = -702.9)
GC-31,SA-1024_T,2024-06-05 07:30,Baker Hughes (Centrilift),538 Series (Centrilift Centurion),P23,P23,111,8450.0,0.0,-597.0,,,,308.0,139.0,50.0,0.8333,63.6,Upper Burgan (UB),199739.0,1.1388,0.4449,,,1.1477,1.0665,262.5,,,,1587.0,,,,,,,False,False,False,True,True,False,False,False,7. FAILED_MISSING_TELEMETRY,"Failed Gate 1: Missing Telemetry (PIP=nan, PDP=nan)"
GC-31,SA-1024_T,2024-11-23 08:45,Baker Hughes (Centrilift),538 Series (Centrilift Centurion),P23,P23,111,8450.0,0.0,-425.9,1623.0,0.0,-1623.0,272.0,137.0,46.0,0.7667,54.8,Upper Burgan (UB),199739.0,1.1388,0.4358,,,1.1584,1.0825,287.9,,,,1709.0,,,,,,,True,False,False,True,True,False,False,False,3. FAILED_ZERO_NEGATIVE_LIFT,"Failed Gate 2: Negative/Zero Lift (PDP=0.0 <= PIP=1623.0, dP=-1623.0 psi)"
GC-31,SA-1024_T,2026-02-14 17:30,Baker Hughes (Centrilift),538 Series (Centrilift Centurion),P23,P23,111,8450.0,22.4,22.4,1466.0,2711.0,1245.0,273.0,124.0,47.0,0.7833,58.1,Upper Burgan (UB),199739.0,1.1388,0.4392,25.54,41.63,1.1448,1.0723,255.5,2173.4,314.4,16.91,1859.0,2026.9,2026.9,167.9,9.03,9.03,OVER_PREDICTION,True,True,True,True,True,True,True,True,1. QUALIFIED_5QC_CLEAN_ACTIVE,Pass: Active completion run meeting all 5 QC physical screening gates
GC-31,SA-1024_T,2026-06-15 08:15,Baker Hughes (Centrilift),538 Series (Centrilift Centurion),P23,P23,111,8450.0,143.1,143.1,2670.0,2674.0,4.0,242.0,118.0,47.0,0.7833,20.3,Upper Burgan (UB),199739.0,1.1388,0.3998,0.09,0.15,1.1848,1.1514,350.0,3799.0,2008.0,112.12,1791.0,3299.6,3299.6,1508.6,84.23,84.23,OVER_PREDICTION,True,True,False,True,True,False,True,False,4. FAILED_LOW_LIFT_THRESHOLD,Failed Gate 3: Low Dynamic Lift (Delta P = 4.0 psi < 250 psi threshold)
GC-31,SA-1026H_T,2022-10-24 08:45,Halliburton / Summit ESP,538 Series (Summit SJ),SJ2800,SJ2800,114,7150.0,280.2,280.2,859.0,2973.0,2114.0,435.0,117.0,51.0,0.85,47.8,Mauddud (MA),137779.0,1.0958,0.4285,43.28,59.9,1.0969,1.0601,137.2,2162.5,1190.5,122.48,972.0,2039.8,2039.8,1067.8,109.86,109.86,OVER_PREDICTION,True,True,True,True,True,True,True,True,1. QUALIFIED_5QC_CLEAN_ACTIVE,Pass: Active completion run meeting all 5 QC physical screening gates
GC-31,SA-1026H_T,2023-03-02 10:00,Halliburton / Summit ESP,538 Series (Summit SJ),SJ2800,SJ2800,114,7150.0,409.3,409.3,926.0,3280.0,2354.0,407.0,136.0,51.0,0.85,79.9,Mauddud (MA),137779.0,1.0958,0.4619,44.7,61.87,1.1018,1.0364,149.7,2010.3,235.3,13.26,1775.0,1939.6,1939.6,164.6,9.27,9.27,OVER_PREDICTION,True,True,True,True,True,True,True,True,1. QUALIFIED_5QC_CLEAN_ACTIVE,Pass: Active completion run meeting all 5 QC physical screening gates
GC-31,SA-1026H_T,2023-06-08 10:30,Halliburton / Summit ESP,538 Series (Summit SJ),SJ2800,SJ2800,114,7150.0,507.3,507.3,1685.0,4433.0,2748.0,142.0,158.0,50.0,0.8333,35.8,Mauddud (MA),137779.0,1.0958,0.416,57.95,83.45,1.1638,1.1123,300.9,0.0,-366.0,-100.0,366.0,0.0,0.0,-366.0,-100.0,100.0,UNDER_PREDICTION,True,True,True,True,True,True,True,True,1. QUALIFIED_5QC_CLEAN_ACTIVE,Pass: Active completion run meeting all 5 QC physical screening gates
GC-31,SA-1026H_T,2023-06-24 09:15,Halliburton / Summit ESP,538 Series (Summit SJ),SJ2800,SJ2800,114,7150.0,523.3,523.3,766.0,2995.0,2229.0,197.8,150.9,50.0,0.8333,80.3,Mauddud (MA),137779.0,1.0958,0.4623,42.29,60.9,1.0903,1.0338,120.3,2046.9,339.4,19.88,1707.5,1979.9,1979.9,272.4,15.95,15.95,OVER_PREDICTION,True,True,True,True,True,True,True,True,1. QUALIFIED_5QC_CLEAN_ACTIVE,Pass: Active completion run meeting all 5 QC physical screening gates
GC-31,SA-1026H_T,2023-11-14 13:00,Halliburton / Summit ESP,538 Series (Summit SJ),SJ2800,SJ2800,114,7150.0,666.4,666.4,944.0,959.0,15.0,545.0,126.0,50.0,0.8333,77.9,Mauddud (MA),137779.0,1.0958,0.4598,0.29,0.42,1.1031,1.0384,153.0,2908.2,2003.2,221.35,905.0,2800.7,2800.7,1895.7,209.47,209.47,OVER_PREDICTION,True,True,False,True,True,False,True,False,4. FAILED_LOW_LIFT_THRESHOLD,Failed Gate 3: Low Dynamic Lift (Delta P = 15.0 psi < 250 psi threshold)
GC-31,SA-1026H_T,2024-01-11 09:15,Halliburton / Summit ESP,538 Series (Summit SJ),SJ2800,SJ2800,114,7150.0,724.3,724.3,1142.0,3394.0,2252.0,477.0,138.0,50.0,0.8333,82.3,Mauddud (MA),137779.0,1.0958,0.4644,42.54,61.26,1.1183,1.0374,190.8,2019.1,551.1,37.54,1468.0,1946.3,1946.3,478.3,32.58,32.58,OVER_PREDICTION,True,True,True,True,True,True,True,True,1. QUALIFIED_5QC_CLEAN_ACTIVE,Pass: Active completion run meeting all 5 QC physical screening gates
GC-31,SA-1026H_T,2024-01-28 08:30,Halliburton / Summit ESP,538 Series (Summit SJ),SJ2800,SJ2800,114,7150.0,741.2,741.2,1147.0,3685.0,2538.0,687.0,143.0,52.0,0.8667,86.0,Mauddud (MA),137779.0,1.0958,0.4683,47.54,63.29,1.1187,1.0338,191.8,1920.2,654.2,51.67,1266.0,1857.4,1857.4,591.4,46.71,46.71,OVER_PREDICTION,True,True,True,True,True,True,True,True,1. QUALIFIED_5QC_CLEAN_ACTIVE,Pass: Active completion run meeting all 5 QC physical screening gates
GC-31,SA-1026H_T,2024-06-26 08:00,Halliburton / Summit ESP,538 Series (Summit SJ),SJ2800,SJ2800,114,7150.0,891.2,891.2,1124.0,3190.0,2066.0,302.0,149.0,52.0,0.8667,85.8,Mauddud (MA),137779.0,1.0958,0.4681,38.72,51.55,1.1169,1.0338,187.3,2700.5,1017.5,60.46,1683.0,2612.3,2612.3,929.3,55.22,55.22,OVER_PREDICTION,True,True,True,True,True,True,True,True,1. QUALIFIED_5QC_CLEAN_ACTIVE,Pass: Active completion run meeting all 5 QC physical screening gates
GC-31,SA-1026H_T,2024-12-10 09:00,Halliburton / Summit ESP,538 Series (Summit SJ),SJ2800,SJ2800,114,7150.0,1058.2,1058.2,1227.0,3200.0,1973.0,275.0,150.0,52.0,0.8667,91.8,Mauddud (MA),137779.0,1.0958,0.4743,36.49,48.58,1.125,1.0286,207.5,2841.4,1091.4,62.37,1750.0,2762.4,2762.4,1012.4,57.85,57.85,OVER_PREDICTION,True,True,True,True,True,True,True,True,1. QUALIFIED_5QC_CLEAN_ACTIVE,Pass: Active completion run meeting all 5 QC physical screening gates
GC-31,SA-1026H_T,2025-08-20 19:00,Halliburton / Summit ESP,538 Series (Summit SJ),SJ2800,SJ2800,114,7150.0,1311.7,1311.7,1154.0,3387.0,2233.0,369.0,146.0,52.0,0.8667,85.5,Mauddud (MA),137779.0,1.0958,0.4678,41.88,55.75,1.1192,1.0344,193.2,2474.7,1146.7,86.35,1328.0,2392.4,2392.4,1064.4,80.15,80.15,OVER_PREDICTION,True,True,True,True,True,True,True,True,1. QUALIFIED_5QC_CLEAN_ACTIVE,Pass: Active completion run meeting all 5 QC physical screening gates
GC-31,SA-1026H_T,2026-02-14 07:45,Halliburton / Summit ESP,538 Series (Summit SJ),SJ2800,SJ2800,114,7150.0,1489.2,1489.2,1500.0,3249.0,1749.0,250.0,141.0,52.0,0.8667,89.7,Mauddud (MA),137779.0,1.0958,0.4721,32.49,43.25,1.1477,1.0332,262.5,3024.8,1001.8,49.52,2023.0,2927.7,2927.7,904.7,44.72,44.72,OVER_PREDICTION,True,True,True,True,True,True,True,True,1. QUALIFIED_5QC_CLEAN_ACTIVE,Pass: Active completion run meeting all 5 QC physical screening gates
GC-31,SA-1026H_T,2026-06-27 09:30,Halliburton / Summit ESP,538 Series (Summit SJ),SJ2800,SJ2800,114,7150.0,1622.3,1622.3,1091.0,3189.0,2098.0,186.0,144.0,52.0,0.8667,90.2,Mauddud (MA),137779.0,1.0958,0.4727,38.94,51.84,1.1143,1.0292,181.0,2685.8,1230.8,84.59,1455.0,2609.5,2609.5,1154.5,79.35,79.35,OVER_PREDICTION,True,True,True,True,True,True,True,True,1. QUALIFIED_5QC_CLEAN_ACTIVE,Pass: Active completion run meeting all 5 QC physical screening gates
GC-31,SA-1027_T,2022-02-18 03:00,Alkhorayef (ACC),538 Series (ACC WE),WE-2600c,WE-2600,176,8300.0,3.8,3.8,2399.0,,,428.0,109.0,50.0,0.8333,19.7,Upper Burgan (UB),199739.0,1.1388,0.3992,,,1.1848,1.1523,350.0,,,,2254.0,,,,,,,False,False,False,True,True,False,True,False,7. FAILED_MISSING_TELEMETRY,"Failed Gate 1: Missing Telemetry (PIP=2399.0, PDP=nan)"
GC-31,SA-1027_T,2022-10-30 10:00,Alkhorayef (ACC),538 Series (ACC WE),WE-2600c,WE-2600,176,8300.0,258.1,258.1,2401.0,2406.0,5.0,191.3,116.7,54.0,0.9,16.1,Upper Burgan (UB),199739.0,1.1388,0.3954,0.07,0.09,1.1848,1.1583,350.0,3321.0,2171.0,188.78,1150.0,2867.2,2867.2,1717.2,149.32,149.32,OVER_PREDICTION,True,True,False,True,True,False,True,False,4. FAILED_LOW_LIFT_THRESHOLD,Failed Gate 3: Low Dynamic Lift (Delta P = 5.0 psi < 250 psi threshold)
GC-31,SA-1027_T,2023-01-07 09:15,Alkhorayef (ACC),538 Series (ACC WE),WE-2600c,WE-2600,176,8300.0,327.1,327.1,2406.0,2402.0,-4.0,179.0,89.0,50.0,0.8333,3.5,Upper Burgan (UB),199739.0,1.1388,0.3823,,,1.1848,1.179,350.0,,,,311.0,,,,,,,True,False,False,True,True,False,True,False,3. FAILED_ZERO_NEGATIVE_LIFT,"Failed Gate 2: Negative/Zero Lift (PDP=2402.0 <= PIP=2406.0, dP=-4.0 psi)"
GC-31,SA-1027_T,2023-06-04 11:45,Alkhorayef (ACC),538 Series (ACC WE),WE-2600c,WE-2600,176,8300.0,475.2,475.2,2278.0,3898.0,1620.0,714.0,118.0,53.0,0.8833,62.9,Upper Burgan (UB),199739.0,1.1388,0.4442,20.72,26.56,1.1848,1.0811,350.0,2987.3,379.3,14.54,2608.0,2763.1,2763.1,155.1,5.95,5.95,OVER_PREDICTION,True,True,True,True,True,True,True,True,1. QUALIFIED_5QC_CLEAN_ACTIVE,Pass: Active completion run meeting all 5 QC physical screening gates
GC-31,SA-1027_T,2023-09-29 08:00,Alkhorayef (ACC),538 Series (ACC WE),WE-2600c,WE-2600,176,8300.0,592.0,592.0,1882.0,2883.0,1001.0,435.6,144.6,53.0,0.8833,44.8,Upper Burgan (UB),199739.0,1.1388,0.4253,13.37,17.14,1.1817,1.1093,342.8,3171.9,537.4,20.4,2634.5,2859.5,2859.5,225.0,8.54,8.54,OVER_PREDICTION,True,True,True,True,True,True,True,True,1. QUALIFIED_5QC_CLEAN_ACTIVE,Pass: Active completion run meeting all 5 QC physical screening gates
GC-31,SA-1027_T,2024-01-15 09:00,Alkhorayef (ACC),538 Series (ACC WE),WE-2600c,WE-2600,176,8300.0,700.1,700.1,1744.0,2708.0,964.0,426.0,146.0,53.0,0.8833,49.2,Upper Burgan (UB),199739.0,1.1388,0.4299,12.74,16.33,1.1691,1.0958,313.3,3185.9,760.9,31.38,2425.0,2907.5,2907.5,482.5,19.9,19.9,OVER_PREDICTION,True,True,True,True,True,True,True,True,1. QUALIFIED_5QC_CLEAN_ACTIVE,Pass: Active completion run meeting all 5 QC physical screening gates
GC-31,SA-1027_T,2024-06-09 07:15,Alkhorayef (ACC),538 Series (ACC WE),WE-2600c,WE-2600,176,8300.0,846.0,846.0,1586.0,2647.0,1061.0,424.0,148.0,53.0,0.8833,51.4,Upper Burgan (UB),199739.0,1.1388,0.4322,13.95,17.88,1.1551,1.0857,280.2,3158.9,862.9,37.58,2296.0,2909.6,2909.6,613.6,26.72,26.72,OVER_PREDICTION,True,True,True,True,True,True,True,True,1. QUALIFIED_5QC_CLEAN_ACTIVE,Pass: Active completion run meeting all 5 QC physical screening gates
GC-31,SA-1027_T,2024-11-21 07:15,Alkhorayef (ACC),538 Series (ACC WE),WE-2600c,WE-2600,176,8300.0,1011.0,1011.0,1197.0,3128.0,1931.0,339.0,160.0,53.0,0.8833,76.6,Upper Burgan (UB),199739.0,1.1388,0.4585,23.93,30.67,1.1226,1.044,201.6,2890.6,858.6,42.25,2032.0,2768.7,2768.7,736.7,36.25,36.25,OVER_PREDICTION,True,True,True,True,True,True,True,True,1. QUALIFIED_5QC_CLEAN_ACTIVE,Pass: Active completion run meeting all 5 QC physical screening gates
GC-31,SA-1027_T,2025-04-19 10:00,Alkhorayef (ACC),538 Series (ACC WE),WE-2600c,WE-2600,176,8300.0,1160.1,1160.1,1060.0,3061.0,2001.0,359.0,154.0,53.0,0.8833,82.0,Upper Burgan (UB),199739.0,1.1388,0.4641,24.5,31.4,1.1119,1.0365,175.0,2872.0,910.0,46.38,1962.0,2770.8,2770.8,808.8,41.22,41.22,OVER_PREDICTION,True,True,True,True,True,True,True,True,1. QUALIFIED_5QC_CLEAN_ACTIVE,Pass: Active completion run meeting all 5 QC physical screening gates
GC-31,SA-1027_T,2025-09-04 08:30,Alkhorayef (ACC),538 Series (ACC WE),WE-2600c,WE-2600,176,8300.0,1298.0,1298.0,1040.0,3626.0,2586.0,315.0,159.0,53.0,0.8833,84.0,Upper Burgan (UB),199739.0,1.1388,0.4662,31.52,40.4,1.1104,1.0345,171.2,2591.1,486.1,23.09,2105.0,2504.8,2504.8,399.8,18.99,18.99,OVER_PREDICTION,True,True,True,True,True,True,True,True,1. QUALIFIED_5QC_CLEAN_ACTIVE,Pass: Active completion run meeting all 5 QC physical screening gates
GC-31,SA-1027_T,2025-12-10 08:00,Alkhorayef (ACC),538 Series (ACC WE),WE-2600c,WE-2600,176,8300.0,1395.0,1395.0,1024.0,3441.0,2417.0,281.0,155.0,53.0,0.8833,83.3,Upper Burgan (UB),199739.0,1.1388,0.4655,29.5,37.81,1.1091,1.0349,168.1,2684.2,686.2,34.34,1998.0,2593.7,2593.7,595.7,29.81,29.81,OVER_PREDICTION,True,True,True,True,True,True,True,True,1. QUALIFIED_5QC_CLEAN_ACTIVE,Pass: Active completion run meeting all 5 QC physical screening gates
GC-31,SA-1027_T,2026-03-26 08:00,Alkhorayef (ACC),538 Series (ACC WE),WE-2600c,WE-2600,176,8300.0,1501.0,1501.0,1023.0,3297.0,2274.0,285.0,156.0,53.0,0.8833,82.9,Upper Burgan (UB),199739.0,1.1388,0.4651,27.78,35.61,1.1091,1.0352,167.9,2754.4,824.4,42.72,1930.0,2660.7,2660.7,730.7,37.86,37.86,OVER_PREDICTION,True,True,True,True,True,True,True,True,1. QUALIFIED_5QC_CLEAN_ACTIVE,Pass: Active completion run meeting all 5 QC physical screening gates
GC-31,SA-1028_T,2022-08-15 07:30,Baker Hughes (Centrilift),538 Series (Centrilift Centurion),FLEX17.5,FLEX17-5,268,6800.0,140.5,140.5,1254.0,2134.0,880.0,171.0,111.0,50.0,0.8333,0.0,Mauddud (MA),137779.0,1.0958,0.3786,8.67,12.49,1.1272,1.1272,212.8,1919.7,471.7,32.58,1448.0,1703.1,1703.1,255.1,17.62,17.62,OVER_PREDICTION,True,True,True,True,True,True,True,True,1. QUALIFIED_5QC_CLEAN_ACTIVE,Pass: Active completion run meeting all 5 QC physical screening gates
GC-31,SA-1028_T,2022-12-10 13:30,Baker Hughes (Centrilift),538 Series (Centrilift Centurion),FLEX17.5,FLEX17-5,268,6800.0,257.7,257.7,1254.0,2216.0,962.0,195.0,110.0,52.0,0.8667,4.7,Mauddud (MA),137779.0,1.0958,0.3835,9.36,12.46,1.1272,1.1222,212.8,1998.7,370.7,22.77,1628.0,1781.1,1781.1,153.1,9.4,9.4,OVER_PREDICTION,True,True,True,True,True,True,True,True,1. QUALIFIED_5QC_CLEAN_ACTIVE,Pass: Active completion run meeting all 5 QC physical screening gates
GC-31,SA-1028_T,2023-02-03 08:15,Baker Hughes (Centrilift),538 Series (Centrilift Centurion),FLEX17.5,FLEX17-5,268,6800.0,312.5,312.5,1292.0,2326.0,1034.0,196.0,121.0,52.0,0.8667,17.1,Mauddud (MA),137779.0,1.0958,0.3965,9.73,12.95,1.1303,1.1114,220.4,1965.6,376.6,23.7,1589.0,1768.5,1768.5,179.5,11.3,11.3,OVER_PREDICTION,True,True,True,True,True,True,True,True,1. QUALIFIED_5QC_CLEAN_ACTIVE,Pass: Active completion run meeting all 5 QC physical screening gates
GC-31,SA-1028_T,2023-07-02 10:45,Baker Hughes (Centrilift),538 Series (Centrilift Centurion),FLEX17.5,FLEX17-5,268,6800.0,461.6,461.6,1184.0,2656.0,1472.0,174.0,128.0,52.0,0.8667,20.2,Mauddud (MA),137779.0,1.0958,0.3997,13.74,18.29,1.1216,1.1011,199.0,1551.9,374.9,31.85,1177.0,1409.5,1409.5,232.5,19.75,19.75,OVER_PREDICTION,True,True,True,True,True,True,True,True,1. QUALIFIED_5QC_CLEAN_ACTIVE,Pass: Active completion run meeting all 5 QC physical screening gates
GC-31,SA-1028_T,2023-11-12 10:00,Baker Hughes (Centrilift),538 Series (Centrilift Centurion),FLEX17.5,FLEX17-5,268,6800.0,594.6,594.6,929.0,2700.0,1771.0,152.0,127.0,52.0,0.8667,61.0,Mauddud (MA),137779.0,1.0958,0.4422,14.94,19.89,1.102,1.052,150.2,1402.5,479.5,51.95,923.0,1333.2,1333.2,410.2,44.44,44.44,OVER_PREDICTION,True,True,True,True,True,True,True,True,1. QUALIFIED_5QC_CLEAN_ACTIVE,Pass: Active completion run meeting all 5 QC physical screening gates
GC-31,SA-1028_T,2024-07-23 08:00,Baker Hughes (Centrilift),538 Series (Centrilift Centurion),FLEX17.5,FLEX17-5,268,6800.0,848.5,848.5,1618.0,3255.0,1637.0,404.0,140.0,52.0,0.8667,73.1,Mauddud (MA),137779.0,1.0958,0.4548,13.43,17.88,1.1579,1.0571,286.9,1588.7,406.7,34.41,1182.0,1502.9,1502.9,320.9,27.15,27.15,OVER_PREDICTION,True,True,True,True,True,True,True,True,1. QUALIFIED_5QC_CLEAN_ACTIVE,Pass: Active completion run meeting all 5 QC physical screening gates
GC-31,SA-1028_T,2024-12-02 07:30,Baker Hughes (Centrilift),538 Series (Centrilift Centurion),FLEX17.5,FLEX17-5,268,6800.0,980.5,980.5,1770.0,3048.0,1278.0,220.0,143.0,52.0,0.8667,80.6,Mauddud (MA),137779.0,1.0958,0.4627,10.31,13.73,1.1715,1.0494,318.9,1911.6,348.6,22.3,1563.0,1821.6,1821.6,258.6,16.55,16.55,OVER_PREDICTION,True,True,True,True,True,True,True,True,1. QUALIFIED_5QC_CLEAN_ACTIVE,Pass: Active completion run meeting all 5 QC physical screening gates
GC-31,SA-1028_T,2025-05-12 09:45,Baker Hughes (Centrilift),538 Series (Centrilift Centurion),FLEX17.5,FLEX17-5,268,6800.0,1141.6,1141.6,1692.0,3078.0,1386.0,233.0,144.0,52.0,0.8667,84.6,Mauddud (MA),137779.0,1.0958,0.4668,11.08,14.75,1.1645,1.0422,302.4,1838.1,354.1,23.86,1484.0,1763.6,1763.6,279.6,18.84,18.84,OVER_PREDICTION,True,True,True,True,True,True,True,True,1. QUALIFIED_5QC_CLEAN_ACTIVE,Pass: Active completion run meeting all 5 QC physical screening gates
GC-31,SA-1028_T,2025-09-16 00:30,Baker Hughes (Centrilift),538 Series (Centrilift Centurion),FLEX17.5,FLEX17-5,268,6800.0,1268.2,1268.2,1562.0,3064.0,1502.0,225.0,145.0,52.0,0.8667,75.0,Mauddud (MA),137779.0,1.0958,0.4568,12.27,16.33,1.153,1.0533,275.2,1717.4,373.4,27.78,1344.0,1630.6,1630.6,286.6,21.32,21.32,OVER_PREDICTION,True,True,True,True,True,True,True,True,1. QUALIFIED_5QC_CLEAN_ACTIVE,Pass: Active completion run meeting all 5 QC physical screening gates
GC-31,SA-1028_T,2025-12-21 09:30,Baker Hughes (Centrilift),538 Series (Centrilift Centurion),FLEX17.5,FLEX17-5,268,6800.0,1364.6,1364.6,1593.0,3044.0,1451.0,210.0,177.0,52.0,0.8667,82.4,Mauddud (MA),137779.0,1.0958,0.4645,11.66,15.52,1.1557,1.0439,281.7,1780.5,279.5,18.62,1501.0,1705.6,1705.6,204.6,13.63,13.63,OVER_PREDICTION,True,True,True,True,True,True,True,True,1. QUALIFIED_5QC_CLEAN_ACTIVE,Pass: Active completion run meeting all 5 QC physical screening gates
GC-31,SA-1028_T,2026-03-24 09:30,Baker Hughes (Centrilift),538 Series (Centrilift Centurion),FLEX17.5,FLEX17-5,268,6800.0,1457.6,1457.6,1790.0,3077.0,1287.0,196.0,145.0,52.0,0.8667,78.8,Mauddud (MA),137779.0,1.0958,0.4608,10.42,13.87,1.1733,1.0525,323.1,1901.8,388.8,25.7,1513.0,1806.9,1806.9,293.9,19.42,19.42,OVER_PREDICTION,True,True,True,True,True,True,True,True,1. QUALIFIED_5QC_CLEAN_ACTIVE,Pass: Active completion run meeting all 5 QC physical screening gates
GC-31,SA-1033_T,2022-09-29 07:15,Borets,400 Series (Borets WFT-400),B400-1050,B400-1050,204,6800.0,0.0,-1208.7,1425.0,3315.0,1890.0,286.7,118.4,50.0,0.8333,0.0,Mauddud (MA),137779.0,1.0958,0.3786,24.47,35.24,1.1413,1.1413,247.1,0.0,-2226.0,-100.0,2226.0,0.0,0.0,-2226.0,-100.0,100.0,UNDER_PREDICTION,True,True,True,True,True,True,False,False,2. QUALIFIED_5QC_HISTORICAL_RUN,Pass 5 QC Gates (Historical Completion Run: Days = -1208.7)
GC-31,SA-1033_T,2023-01-24 09:30,Borets,400 Series (Borets WFT-400),B400-1050,B400-1050,204,6800.0,0.0,-1091.6,770.0,2388.0,1618.0,168.0,96.0,50.0,0.8333,0.0,Mauddud (MA),137779.0,1.0958,0.3786,20.95,30.17,1.0905,1.0905,121.0,703.5,294.5,72.0,409.0,645.1,645.1,236.1,57.73,57.73,OVER_PREDICTION,True,True,True,True,True,True,False,False,2. QUALIFIED_5QC_HISTORICAL_RUN,Pass 5 QC Gates (Historical Completion Run: Days = -1091.6)
GC-31,SA-1033_T,2023-03-10 09:15,Borets,400 Series (Borets WFT-400),B400-1050,B400-1050,204,6800.0,0.0,-1046.6,1027.0,2858.0,1831.0,548.0,89.0,50.0,0.8333,0.0,Mauddud (MA),137779.0,1.0958,0.3786,23.7,34.13,1.1094,1.1094,168.7,0.0,-587.0,-100.0,587.0,0.0,0.0,-587.0,-100.0,100.0,UNDER_PREDICTION,True,True,True,True,True,True,False,False,2. QUALIFIED_5QC_HISTORICAL_RUN,Pass 5 QC Gates (Historical Completion Run: Days = -1046.6)
GC-31,SA-1033_T,2023-08-12 07:45,Borets,400 Series (Borets WFT-400),B400-1050,B400-1050,204,6800.0,0.0,-891.6,735.0,1957.0,1222.0,292.0,108.0,50.0,0.8333,0.0,Mauddud (MA),137779.0,1.0958,0.3786,15.82,22.78,1.0881,1.0881,114.8,1199.2,641.2,114.91,558.0,1102.1,1102.1,544.1,97.51,97.51,OVER_PREDICTION,True,True,True,True,True,True,False,False,2. QUALIFIED_5QC_HISTORICAL_RUN,Pass 5 QC Gates (Historical Completion Run: Days = -891.6)
GC-31,SA-1033_T,2023-11-25 07:45,Borets,400 Series (Borets WFT-400),B400-1050,B400-1050,204,6800.0,0.0,-786.6,627.0,642.0,15.0,359.0,101.0,54.0,0.9,0.0,Mauddud (MA),137779.0,1.0958,0.3786,0.19,0.23,1.0808,1.0808,95.8,1908.9,1241.9,186.19,667.0,1766.2,1766.2,1099.2,164.8,164.8,OVER_PREDICTION,True,True,False,True,True,False,False,False,4. FAILED_LOW_LIFT_THRESHOLD,Failed Gate 3: Low Dynamic Lift (Delta P = 15.0 psi < 250 psi threshold)
GC-31,SA-1033_T,2024-02-19 09:00,Borets,400 Series (Borets WFT-400),B400-1050,B400-1050,204,6800.0,0.0,-700.6,590.0,2690.0,2100.0,264.0,103.0,54.0,0.9,0.0,Mauddud (MA),137779.0,1.0958,0.3786,27.19,33.57,1.0783,1.0783,89.4,332.4,-322.6,-49.25,655.0,308.3,308.3,-346.7,-52.93,52.93,UNDER_PREDICTION,True,True,True,True,True,True,False,False,2. QUALIFIED_5QC_HISTORICAL_RUN,Pass 5 QC Gates (Historical Completion Run: Days = -700.6)
GC-31,SA-1033_T,2024-09-06 07:30,Borets,400 Series (Borets WFT-400),B400-1050,B400-1050,204,6800.0,0.0,-500.6,554.0,2545.0,1991.0,197.0,99.0,51.0,0.85,0.0,Mauddud (MA),137779.0,1.0958,0.3786,25.78,35.68,1.076,1.076,83.3,0.0,-400.0,-100.0,400.0,0.0,0.0,-400.0,-100.0,100.0,UNDER_PREDICTION,True,True,True,True,True,True,False,False,2. QUALIFIED_5QC_HISTORICAL_RUN,Pass 5 QC Gates (Historical Completion Run: Days = -500.6)
GC-31,SA-1033_T,2025-01-01 08:15,Borets,400 Series (Borets WFT-400),B400-1050,B400-1050,204,6800.0,0.0,-383.6,511.0,2600.0,2089.0,273.0,109.0,54.0,0.9,0.0,Mauddud (MA),137779.0,1.0958,0.3786,27.04,33.38,1.0733,1.0733,76.1,351.8,-359.2,-50.52,711.0,327.8,327.8,-383.2,-53.9,53.9,UNDER_PREDICTION,True,True,True,True,True,True,False,False,2. QUALIFIED_5QC_HISTORICAL_RUN,Pass 5 QC Gates (Historical Completion Run: Days = -383.6)
GC-31,SA-1033_T,2026-02-14 08:30,Borets,400 Series (Borets WFT-400),B400-1050,B400-1050,204,6800.0,25.4,25.4,959.0,3067.0,2108.0,195.0,101.0,52.0,0.8667,82.3,Mauddud (MA),137779.0,1.0958,0.4644,22.25,29.62,1.1042,1.0349,155.8,820.3,402.3,96.24,418.0,792.6,792.6,374.6,89.62,89.62,OVER_PREDICTION,True,True,True,True,True,True,True,True,1. QUALIFIED_5QC_CLEAN_ACTIVE,Pass: Active completion run meeting all 5 QC physical screening gates
GC-31,SA-1033_T,2026-04-28 10:15,Borets,400 Series (Borets WFT-400),B400-1050,B400-1050,204,6800.0,98.5,98.5,519.0,2618.0,2099.0,153.0,109.0,57.0,0.95,16.7,Mauddud (MA),137779.0,1.0958,0.3961,25.98,28.79,1.0738,1.0648,77.4,1013.3,331.3,48.58,682.0,951.7,951.7,269.7,39.55,39.55,OVER_PREDICTION,True,True,True,True,True,True,True,True,1. QUALIFIED_5QC_CLEAN_ACTIVE,Pass: Active completion run meeting all 5 QC physical screening gates
GC-31,SA-1041_T,2022-08-28 22:00,Baker Hughes (Centrilift),400 Series (Centrilift E),E1000,FLEX10,282,7450.0,0.0,-1370.1,2558.0,3517.0,959.0,42.0,120.0,50.0,0.8333,73.0,Mauddud (MA),137779.0,1.0958,0.4547,7.48,10.77,1.1848,1.0645,350.0,1277.2,-495.8,-27.96,1773.0,1199.8,1199.8,-573.2,-32.33,32.33,UNDER_PREDICTION,True,True,True,True,True,True,False,False,2. QUALIFIED_5QC_HISTORICAL_RUN,Pass 5 QC Gates (Historical Completion Run: Days = -1370.1)
GC-31,SA-1041_T,2024-07-29 07:45,Baker Hughes (Centrilift),400 Series (Centrilift E),E1000,FLEX10,282,7450.0,0.0,-669.7,2350.0,3822.0,1472.0,241.0,122.0,60.0,1.0,70.7,Mauddud (MA),137779.0,1.0958,0.4523,11.54,11.54,1.1848,1.0683,350.0,1515.1,337.1,28.62,1178.0,1418.3,1418.3,240.3,20.4,20.4,OVER_PREDICTION,True,True,True,True,True,True,False,False,2. QUALIFIED_5QC_HISTORICAL_RUN,Pass 5 QC Gates (Historical Completion Run: Days = -669.7)
GC-31,SA-1041_T,2025-09-16 07:45,Baker Hughes (Centrilift),400 Series (Centrilift E),E1000,FLEX10,282,7450.0,0.0,-255.7,768.0,3680.0,2912.0,240.0,118.0,50.0,0.8333,67.5,Mauddud (MA),137779.0,1.0958,0.449,23.0,33.12,1.0904,1.0429,120.7,696.9,-326.1,-31.88,1023.0,668.2,668.2,-354.8,-34.68,34.68,UNDER_PREDICTION,True,True,True,True,True,True,False,False,2. QUALIFIED_5QC_HISTORICAL_RUN,Pass 5 QC Gates (Historical Completion Run: Days = -255.7)
GC-31,SA-1041_T,2026-06-03 10:15,Baker Hughes (Centrilift),400 Series (Centrilift E),E1000,FLEX10,282,7450.0,4.4,4.4,3209.0,3635.0,426.0,154.0,125.0,45.0,0.75,100.0,Mauddud (MA),137779.0,1.0958,0.4829,3.13,5.56,1.1848,1.02,350.0,1237.8,136.8,12.43,1101.0,1213.5,1213.5,112.5,10.22,10.22,OVER_PREDICTION,True,True,True,True,False,False,True,False,6. FAILED_EXCESSIVE_WATER_CUT,Failed Gate 5: Excessive Water Cut (WC = 100.0% > 98.0% threshold)
GC-31,SA-1041_T,2026-06-27 13:30,Baker Hughes (Centrilift),400 Series (Centrilift E),E1000,FLEX10,282,7450.0,28.6,28.6,1410.0,3472.0,2062.0,190.0,115.0,45.0,0.75,53.6,Mauddud (MA),137779.0,1.0958,0.4345,16.83,29.92,1.1401,1.0757,244.1,746.2,-137.8,-15.59,884.0,693.7,693.7,-190.3,-21.53,21.53,UNDER_PREDICTION,True,True,True,True,True,True,True,True,1. QUALIFIED_5QC_CLEAN_ACTIVE,Pass: Active completion run meeting all 5 QC physical screening gates
GC-31,SA-1042_T,2022-06-14 10:30,Baker Hughes (Centrilift),400 Series (Centrilift P/Flex),P10,P10,251,7520.0,0.0,-747.0,,2864.0,,438.0,118.0,50.0,0.8333,54.2,Mauddud (MA),137779.0,1.0958,0.4351,,,1.1477,1.0785,262.5,,,,1768.0,,,,,,,False,False,False,True,True,False,False,False,7. FAILED_MISSING_TELEMETRY,"Failed Gate 1: Missing Telemetry (PIP=nan, PDP=2864.0)"
GC-31,SA-1042_T,2022-06-20 12:15,Baker Hughes (Centrilift),400 Series (Centrilift P/Flex),P10,P10,251,7520.0,0.0,-740.9,,2864.0,,438.0,118.0,50.0,0.8333,54.2,Mauddud (MA),137779.0,1.0958,0.4351,,,1.1477,1.0785,262.5,,,,1768.0,,,,,,,False,False,False,True,True,False,False,False,7. FAILED_MISSING_TELEMETRY,"Failed Gate 1: Missing Telemetry (PIP=nan, PDP=2864.0)"
GC-31,SA-1042_T,2022-12-26 08:30,Baker Hughes (Centrilift),400 Series (Centrilift P/Flex),P10,P10,251,7520.0,0.0,-552.1,923.0,2274.0,1351.0,300.0,95.0,50.0,0.8333,0.0,Mauddud (MA),137779.0,1.0958,0.3786,14.22,20.48,1.1016,1.1016,149.1,1064.0,-17.0,-1.57,1081.0,965.9,965.9,-115.1,-10.65,10.65,UNDER_PREDICTION,True,True,True,True,True,True,False,False,2. QUALIFIED_5QC_HISTORICAL_RUN,Pass 5 QC Gates (Historical Completion Run: Days = -552.1)
GC-31,SA-1042_T,2023-05-31 13:15,Baker Hughes (Centrilift),400 Series (Centrilift P/Flex),P10,P10,251,7520.0,0.0,-395.9,765.0,1145.7,380.7,188.0,101.0,50.0,0.8333,0.0,Mauddud (MA),137779.0,1.0958,0.3786,4.01,5.77,1.0902,1.0902,120.1,1340.2,501.2,59.74,839.0,1229.3,1229.3,390.3,46.52,46.52,OVER_PREDICTION,True,True,True,True,True,True,False,False,2. QUALIFIED_5QC_HISTORICAL_RUN,Pass 5 QC Gates (Historical Completion Run: Days = -395.9)
GC-31,SA-1042_T,2023-09-22 09:00,Baker Hughes (Centrilift),400 Series (Centrilift P/Flex),P10,P10,251,7520.0,0.0,-282.0,824.0,2264.0,1440.0,323.0,113.0,47.0,0.7833,0.0,Mauddud (MA),137779.0,1.0958,0.3786,15.15,24.69,1.0944,1.0944,130.8,909.3,353.3,63.54,556.0,830.9,830.9,274.9,49.44,49.44,OVER_PREDICTION,True,True,True,True,True,True,False,False,2. QUALIFIED_5QC_HISTORICAL_RUN,Pass 5 QC Gates (Historical Completion Run: Days = -282.0)
GC-31,SA-1042_T,2024-09-06 11:15,Baker Hughes (Centrilift),400 Series (Centrilift P/Flex),P10,P10,251,7520.0,68.1,68.1,1113.0,2115.0,1002.0,257.0,113.8,50.0,0.8333,4.7,Mauddud (MA),137779.0,1.0958,0.3835,10.41,14.99,1.116,1.1115,185.2,1175.7,222.9,23.39,952.8,1057.8,1057.8,105.0,11.02,11.02,OVER_PREDICTION,True,True,True,True,True,True,True,True,1. QUALIFIED_5QC_CLEAN_ACTIVE,Pass: Active completion run meeting all 5 QC physical screening gates
GC-31,SA-1042_T,2024-12-16 08:00,Baker Hughes (Centrilift),400 Series (Centrilift P/Flex),P10,P10,251,7520.0,168.9,168.9,945.0,1490.0,545.0,269.0,94.0,50.0,0.8333,0.0,Mauddud (MA),137779.0,1.0958,0.3786,5.73,8.25,1.1032,1.1032,153.2,1298.4,641.4,97.63,657.0,1176.9,1176.9,519.9,79.13,79.13,OVER_PREDICTION,True,True,True,True,True,True,True,True,1. QUALIFIED_5QC_CLEAN_ACTIVE,Pass: Active completion run meeting all 5 QC physical screening gates
GC-31,SA-1042_T,2025-04-07 08:00,Baker Hughes (Centrilift),400 Series (Centrilift P/Flex),P10,P10,251,7520.0,280.9,280.9,817.0,1783.0,966.0,267.0,100.0,50.0,0.8333,0.0,Mauddud (MA),137779.0,1.0958,0.3786,10.16,14.63,1.0939,1.0939,129.6,1182.6,468.6,65.63,714.0,1081.1,1081.1,367.1,51.41,51.41,OVER_PREDICTION,True,True,True,True,True,True,True,True,1. QUALIFIED_5QC_CLEAN_ACTIVE,Pass: Active completion run meeting all 5 QC physical screening gates
GC-31,SA-1042_T,2025-09-17 11:30,Baker Hughes (Centrilift),400 Series (Centrilift P/Flex),P10,P10,251,7520.0,444.1,444.1,779.0,1440.0,661.0,226.0,107.0,51.0,0.85,0.0,Mauddud (MA),137779.0,1.0958,0.3786,6.96,9.63,1.0912,1.0912,122.7,1300.0,711.0,120.71,589.0,1191.4,1191.4,602.4,102.28,102.28,OVER_PREDICTION,True,True,True,True,True,True,True,True,1. QUALIFIED_5QC_CLEAN_ACTIVE,Pass: Active completion run meeting all 5 QC physical screening gates
GC-31,SA-1042_T,2026-01-04 21:00,Baker Hughes (Centrilift),400 Series (Centrilift P/Flex),P10,P10,251,7520.0,553.5,553.5,750.0,1897.0,1147.0,262.0,87.0,50.0,0.8333,0.0,Mauddud (MA),137779.0,1.0958,0.3786,12.07,17.38,1.0891,1.0891,117.5,1128.6,470.6,71.52,658.0,1036.2,1036.2,378.2,57.48,57.48,OVER_PREDICTION,True,True,True,True,True,True,True,True,1. QUALIFIED_5QC_CLEAN_ACTIVE,Pass: Active completion run meeting all 5 QC physical screening gates
GC-31,SA-1042_T,2026-07-24 08:00,Baker Hughes (Centrilift),400 Series (Centrilift P/Flex),P10,P10,251,7520.0,753.9,753.9,679.0,2140.0,1461.0,212.0,108.0,50.0,0.8333,8.7,Mauddud (MA),137779.0,1.0958,0.3877,15.01,21.62,1.0843,1.0787,104.9,1038.9,391.9,60.57,647.0,963.1,963.1,316.1,48.86,48.86,OVER_PREDICTION,True,True,True,True,True,True,True,True,1. QUALIFIED_5QC_CLEAN_ACTIVE,Pass: Active completion run meeting all 5 QC physical screening gates
GC-31,SA-1065_T,2022-12-21 20:00,Halliburton / Summit ESP,400 Series (Summit SF),SF900,SF900,246,7320.0,0.0,-598.7,646.0,3198.0,2552.0,211.0,86.0,48.0,0.8,40.3,Mauddud (MA),137779.0,1.0958,0.4206,24.66,38.53,1.082,1.057,99.1,314.3,21.3,7.27,293.0,297.3,297.3,4.3,1.47,1.47,OVER_PREDICTION,True,True,True,True,True,True,False,False,2. QUALIFIED_5QC_HISTORICAL_RUN,Pass 5 QC Gates (Historical Completion Run: Days = -598.7)
GC-31,SA-1065_T,2023-05-01 08:30,Halliburton / Summit ESP,400 Series (Summit SF),SF900,SF900,246,7320.0,0.0,-468.2,585.0,3365.0,2780.0,230.0,93.0,48.0,0.8,40.4,Mauddud (MA),137779.0,1.0958,0.4208,26.86,41.97,1.078,1.0546,88.6,0.0,-183.0,-100.0,183.0,0.0,0.0,-183.0,-100.0,100.0,UNDER_PREDICTION,True,True,True,True,True,True,False,False,2. QUALIFIED_5QC_HISTORICAL_RUN,Pass 5 QC Gates (Historical Completion Run: Days = -468.2)
GC-31,SA-1065_T,2024-09-23 12:30,Halliburton / Summit ESP,400 Series (Summit SF),SF900,SF900,246,7320.0,43.0,43.0,944.0,3482.0,2538.0,260.0,98.0,46.0,0.7667,58.3,Mauddud (MA),137779.0,1.0958,0.4394,23.48,39.94,1.1031,1.0547,153.0,26.8,-33.2,-55.33,60.0,25.4,25.4,-34.6,-57.67,57.67,UNDER_PREDICTION,True,True,True,True,True,True,True,True,1. QUALIFIED_5QC_CLEAN_ACTIVE,Pass: Active completion run meeting all 5 QC physical screening gates
GC-31,SA-1065_T,2025-09-01 08:30,Halliburton / Summit ESP,400 Series (Summit SF),SF900,SF900,246,7320.0,385.8,385.8,457.0,3392.0,2935.0,240.0,102.0,50.0,0.8333,49.0,Mauddud (MA),137779.0,1.0958,0.4297,27.76,39.98,1.0699,1.0454,67.2,16.7,-300.3,-94.73,317.0,16.0,16.0,-301.0,-94.95,94.95,UNDER_PREDICTION,True,True,True,True,True,True,True,True,1. QUALIFIED_5QC_CLEAN_ACTIVE,Pass: Active completion run meeting all 5 QC physical screening gates
GC-31,SA-1066_T,2022-11-14 11:15,Baker Hughes (Centrilift),538 Series (Centrilift Centurion),P31,P31,106,7200.0,0.0,-1055.3,,,,831.0,101.0,50.0,0.8333,0.0,Lower Burgan (LB),213445.0,1.1483,0.3786,,,1.1477,1.1477,262.5,,,,2142.0,,,,,,,False,False,False,True,True,False,False,False,7. FAILED_MISSING_TELEMETRY,"Failed Gate 1: Missing Telemetry (PIP=nan, PDP=nan)"
GC-31,SA-1066_T,2023-03-14 08:15,Baker Hughes (Centrilift),538 Series (Centrilift Centurion),P31,P31,106,7200.0,0.0,-935.4,1949.0,2040.0,91.0,223.0,120.0,50.0,0.8333,37.4,Lower Burgan (LB),213445.0,1.1483,0.4176,2.06,2.97,1.1848,1.1232,350.0,5374.8,3308.8,160.15,2066.0,4785.4,4785.4,2719.4,131.63,131.63,OVER_PREDICTION,True,True,False,True,True,False,False,False,4. FAILED_LOW_LIFT_THRESHOLD,Failed Gate 3: Low Dynamic Lift (Delta P = 91.0 psi < 250 psi threshold)
GC-31,SA-1066_T,2023-07-11 10:45,Baker Hughes (Centrilift),538 Series (Centrilift Centurion),P31,P31,106,7200.0,0.0,-816.3,1806.0,2219.0,413.0,227.0,129.0,52.0,0.8667,52.4,Lower Burgan (LB),213445.0,1.1483,0.4333,8.99,11.97,1.1747,1.0936,326.5,4145.6,2210.6,114.24,1935.0,3790.6,3790.6,1855.6,95.9,95.9,OVER_PREDICTION,True,True,True,True,True,True,False,False,2. QUALIFIED_5QC_HISTORICAL_RUN,Pass 5 QC Gates (Historical Completion Run: Days = -816.3)
GC-31,SA-1066_T,2023-10-29 08:00,Baker Hughes (Centrilift),538 Series (Centrilift Centurion),P31,P31,106,7200.0,0.0,-706.5,2080.0,180.0,-1900.0,233.0,138.0,60.0,1.0,60.9,Lower Burgan (LB),213445.0,1.1483,0.4421,,,1.1848,1.0844,350.0,,,,1790.0,,,,,,,True,False,False,True,True,False,False,False,3. FAILED_ZERO_NEGATIVE_LIFT,"Failed Gate 2: Negative/Zero Lift (PDP=180.0 <= PIP=2080.0, dP=-1900.0 psi)"
GC-31,SA-1066_T,2024-01-26 08:30,Baker Hughes (Centrilift),538 Series (Centrilift Centurion),P31,P31,106,7200.0,0.0,-617.4,2460.0,2854.0,394.0,254.0,135.0,52.0,0.8667,70.0,Lower Burgan (LB),213445.0,1.1483,0.4516,8.23,10.96,1.1848,1.0694,350.0,4175.7,3183.3,320.77,992.4,3904.6,3904.6,2912.2,293.45,293.45,OVER_PREDICTION,True,True,True,True,True,True,False,False,2. QUALIFIED_5QC_HISTORICAL_RUN,Pass 5 QC Gates (Historical Completion Run: Days = -617.4)
GC-31,SA-1066_T,2024-11-19 08:45,Baker Hughes (Centrilift),538 Series (Centrilift Centurion),P31,P31,106,7200.0,0.0,-319.4,3086.0,2423.0,-663.0,206.0,126.0,50.0,0.8333,93.8,Lower Burgan (LB),213445.0,1.1483,0.4764,,,1.1848,1.0302,350.0,,,,785.0,,,,,,,True,False,False,True,True,False,False,False,3. FAILED_ZERO_NEGATIVE_LIFT,"Failed Gate 2: Negative/Zero Lift (PDP=2423.0 <= PIP=3086.0, dP=-663.0 psi)"
GC-31,SA-1066_T,2025-07-02 08:30,Baker Hughes (Centrilift),538 Series (Centrilift Centurion),P31,P31,106,7200.0,0.0,-94.4,3186.0,3717.0,531.0,245.0,127.0,52.0,0.8667,100.0,Lower Burgan (LB),213445.0,1.1483,0.4829,10.37,13.81,1.1848,1.02,350.0,4091.2,3485.2,575.12,606.0,4011.0,4011.0,3405.0,561.88,561.88,OVER_PREDICTION,True,True,True,True,False,False,False,False,6. FAILED_EXCESSIVE_WATER_CUT,Failed Gate 5: Excessive Water Cut (WC = 100.0% > 98.0% threshold)
GC-31,SA-1066_T,2025-10-21 17:45,Baker Hughes (Centrilift),538 Series (Centrilift Centurion),P31,P31,106,7200.0,16.9,16.9,2553.0,3277.0,724.0,233.0,128.0,50.0,0.8333,84.0,Lower Burgan (LB),213445.0,1.1483,0.4662,14.65,21.1,1.1848,1.0464,350.0,3727.7,2759.7,285.09,968.0,3562.5,3562.5,2594.5,268.03,268.03,OVER_PREDICTION,True,True,True,True,True,True,True,True,1. QUALIFIED_5QC_CLEAN_ACTIVE,Pass: Active completion run meeting all 5 QC physical screening gates
GC-31,SA-1066_T,2025-12-02 08:15,Baker Hughes (Centrilift),538 Series (Centrilift Centurion),P31,P31,106,7200.0,58.6,58.6,1321.0,3108.0,1787.0,281.0,151.0,50.0,0.8333,81.8,Lower Burgan (LB),213445.0,1.1483,0.4639,36.34,52.33,1.1327,1.0405,226.2,2603.8,414.8,18.95,2189.0,2502.4,2502.4,313.4,14.32,14.32,OVER_PREDICTION,True,True,True,True,True,True,True,True,1. QUALIFIED_5QC_CLEAN_ACTIVE,Pass: Active completion run meeting all 5 QC physical screening gates
GC-31,SA-1066_T,2026-05-01 13:55,Baker Hughes (Centrilift),538 Series (Centrilift Centurion),P31,P31,106,7200.0,208.8,208.8,1028.0,3146.0,2118.0,242.0,156.0,52.0,0.8667,90.6,Lower Burgan (LB),213445.0,1.1483,0.4731,42.24,56.23,1.1094,1.0284,168.9,2440.4,22.4,0.93,2418.0,2373.0,2373.0,-45.0,-1.86,1.86,UNDER_PREDICTION,True,True,True,True,True,True,True,True,1. QUALIFIED_5QC_CLEAN_ACTIVE,Pass: Active completion run meeting all 5 QC physical screening gates
GC-31,SA-1093_T,2024-02-27 10:00,Borets,400 Series (Borets WFT-400),B400-3000,B400-3000,51,8200.0,3.3,3.3,2965.0,2224.0,-741.0,212.0,108.0,50.0,0.8333,42.9,Lower Burgan (LB),213445.0,1.1483,0.4234,,,1.1848,1.1141,350.0,,,,4177.0,,,,,,,True,False,False,True,True,False,True,False,3. FAILED_ZERO_NEGATIVE_LIFT,"Failed Gate 2: Negative/Zero Lift (PDP=2224.0 <= PIP=2965.0, dP=-741.0 psi)"
GC-31,SA-1093_T,2024-06-13 07:30,Borets,400 Series (Borets WFT-400),B400-3000,B400-3000,51,8200.0,110.2,110.2,2783.0,2784.0,1.0,297.0,141.0,50.0,0.8333,40.7,Lower Burgan (LB),213445.0,1.1483,0.4211,0.05,0.07,1.1848,1.1177,350.0,4291.5,826.6,23.86,3464.9,3839.5,3839.5,374.6,10.81,10.81,OVER_PREDICTION,True,True,False,True,True,False,True,False,4. FAILED_LOW_LIFT_THRESHOLD,Failed Gate 3: Low Dynamic Lift (Delta P = 1.0 psi < 250 psi threshold)
GC-31,SA-1093_T,2024-12-24 08:15,Borets,400 Series (Borets WFT-400),B400-3000,B400-3000,51,8200.0,304.3,304.3,2715.0,2709.0,-6.0,370.0,146.0,50.0,0.8333,29.0,Lower Burgan (LB),213445.0,1.1483,0.4089,,,1.1848,1.137,350.0,,,,3880.0,,,,,,,True,False,False,True,True,False,True,False,3. FAILED_ZERO_NEGATIVE_LIFT,"Failed Gate 2: Negative/Zero Lift (PDP=2709.0 <= PIP=2715.0, dP=-6.0 psi)"
GC-31,SA-1093_T,2025-04-20 06:15,Borets,400 Series (Borets WFT-400),B400-3000,B400-3000,51,8200.0,421.2,421.2,2655.0,2648.0,-7.0,343.1,146.0,50.0,0.8333,31.4,Lower Burgan (LB),213445.0,1.1483,0.4114,,,1.1848,1.1331,350.0,,,,3869.0,,,,,,,True,False,False,True,True,False,True,False,3. FAILED_ZERO_NEGATIVE_LIFT,"Failed Gate 2: Negative/Zero Lift (PDP=2648.0 <= PIP=2655.0, dP=-7.0 psi)"
GC-31,SA-1093_T,2025-10-18 23:00,Borets,400 Series (Borets WFT-400),B400-3000,B400-3000,51,8200.0,602.9,602.9,2928.0,2932.0,4.0,241.0,137.0,50.0,0.8333,65.0,Lower Burgan (LB),213445.0,1.1483,0.4464,0.18,0.26,1.1848,1.0777,350.0,4291.5,2886.5,205.44,1405.0,3982.2,3982.2,2577.2,183.43,183.43,OVER_PREDICTION,True,True,False,True,True,False,True,False,4. FAILED_LOW_LIFT_THRESHOLD,Failed Gate 3: Low Dynamic Lift (Delta P = 4.0 psi < 250 psi threshold)
GC-31,SA-1093_T,2025-12-06 07:30,Borets,400 Series (Borets WFT-400),B400-3000,B400-3000,51,8200.0,651.2,651.2,2683.0,3162.0,479.0,319.0,148.0,50.0,0.8333,65.1,Lower Burgan (LB),213445.0,1.1483,0.4465,21.04,30.3,1.1848,1.0775,350.0,2494.5,-120.5,-4.61,2615.0,2315.0,2315.0,-300.0,-11.47,11.47,UNDER_PREDICTION,True,True,True,True,True,True,True,True,1. QUALIFIED_5QC_CLEAN_ACTIVE,Pass: Active completion run meeting all 5 QC physical screening gates
GC-31,SA-1093_T,2026-02-08 21:00,Borets,400 Series (Borets WFT-400),B400-3000,B400-3000,51,8200.0,715.8,715.8,2651.0,3234.0,583.0,291.0,139.0,50.0,0.8333,75.4,Lower Burgan (LB),213445.0,1.1483,0.4572,25.0,36.0,1.1848,1.0605,350.0,1188.9,-1284.1,-51.92,2473.0,1121.0,1121.0,-1352.0,-54.67,54.67,UNDER_PREDICTION,True,True,True,True,True,True,True,True,1. QUALIFIED_5QC_CLEAN_ACTIVE,Pass: Active completion run meeting all 5 QC physical screening gates
GC-31,SA-1100_T,2023-12-26 06:15,REDA (Schlumberger),538 Series (REDA SN),SN2600,SN2600,133,6350.0,4.3,4.3,1108.0,2894.0,1786.0,316.0,120.0,50.0,0.8333,80.7,Mauddud (MA),137779.0,1.0958,0.4628,29.02,41.79,1.1156,1.0385,184.2,2373.2,386.2,19.44,1987.0,2285.3,2285.3,298.3,15.01,15.01,OVER_PREDICTION,True,True,True,True,True,True,True,True,1. QUALIFIED_5QC_CLEAN_ACTIVE,Pass: Active completion run meeting all 5 QC physical screening gates
GC-31,SA-1100_T,2024-02-08 08:15,REDA (Schlumberger),538 Series (REDA SN),SN2600,SN2600,133,6350.0,48.3,48.3,983.0,2443.0,1460.0,314.0,120.0,50.0,0.8333,33.0,Mauddud (MA),137779.0,1.0958,0.413,26.58,38.28,1.106,1.0776,160.4,2504.8,544.8,27.8,1960.0,2324.3,2324.3,364.3,18.59,18.59,OVER_PREDICTION,True,True,True,True,True,True,True,True,1. QUALIFIED_5QC_CLEAN_ACTIVE,Pass: Active completion run meeting all 5 QC physical screening gates
GC-31,SA-1100_T,2024-06-30 07:15,REDA (Schlumberger),538 Series (REDA SN),SN2600,SN2600,133,6350.0,191.3,191.3,1125.0,2729.0,1604.0,400.0,143.0,50.0,0.8333,54.5,Mauddud (MA),137779.0,1.0958,0.4355,27.7,39.89,1.1169,1.0641,187.5,2447.7,280.7,12.95,2167.0,2300.2,2300.2,133.2,6.15,6.15,OVER_PREDICTION,True,True,True,True,True,True,True,True,1. QUALIFIED_5QC_CLEAN_ACTIVE,Pass: Active completion run meeting all 5 QC physical screening gates
GC-31,SA-1100_T,2024-11-24 08:30,REDA (Schlumberger),538 Series (REDA SN),SN2600,SN2600,133,6350.0,338.4,338.4,1841.0,2916.0,1075.0,489.0,149.0,50.0,0.8333,54.4,Mauddud (MA),137779.0,1.0958,0.4353,18.57,26.74,1.1779,1.092,334.0,2813.8,126.8,4.72,2687.0,2576.7,2576.7,-110.3,-4.1,4.1,UNDER_PREDICTION,True,True,True,True,True,True,True,True,1. QUALIFIED_5QC_CLEAN_ACTIVE,Pass: Active completion run meeting all 5 QC physical screening gates
GC-31,SA-1100_T,2025-04-24 09:00,REDA (Schlumberger),538 Series (REDA SN),SN2600,SN2600,133,6350.0,489.4,489.4,1471.0,2948.0,1477.0,386.0,61.0,50.0,0.8333,68.9,Mauddud (MA),137779.0,1.0958,0.4505,24.65,35.5,1.1452,1.0589,256.5,2593.1,381.1,17.23,2212.0,2448.8,2448.8,236.8,10.71,10.71,OVER_PREDICTION,True,True,True,True,True,True,True,True,1. QUALIFIED_5QC_CLEAN_ACTIVE,Pass: Active completion run meeting all 5 QC physical screening gates
GC-31,SA-1100_T,2025-09-01 07:45,REDA (Schlumberger),538 Series (REDA SN),SN2600,SN2600,133,6350.0,619.3,619.3,1083.0,2911.0,1828.0,350.0,148.0,50.0,0.8333,68.0,Mauddud (MA),137779.0,1.0958,0.4495,30.58,44.04,1.1137,1.05,179.4,2272.5,189.5,9.1,2083.0,2164.3,2164.3,81.3,3.9,3.9,OVER_PREDICTION,True,True,True,True,True,True,True,True,1. QUALIFIED_5QC_CLEAN_ACTIVE,Pass: Active completion run meeting all 5 QC physical screening gates
GC-31,SA-1100_T,2025-12-17 09:45,REDA (Schlumberger),538 Series (REDA SN),SN2600,SN2600,133,6350.0,726.4,726.4,1186.0,2958.0,1772.0,362.0,151.0,50.0,0.8333,70.0,Mauddud (MA),137779.0,1.0958,0.4516,29.5,42.48,1.1217,1.0505,199.4,2344.1,217.1,10.21,2127.0,2231.4,2231.4,104.4,4.91,4.91,OVER_PREDICTION,True,True,True,True,True,True,True,True,1. QUALIFIED_5QC_CLEAN_ACTIVE,Pass: Active completion run meeting all 5 QC physical screening gates
GC-31,SA-1100_T,2026-07-04 08:00,REDA (Schlumberger),538 Series (REDA SN),SN2600,SN2600,133,6350.0,925.3,925.3,1590.0,4545.0,2955.0,203.0,133.0,50.0,0.8333,2.1,Mauddud (MA),137779.0,1.0958,0.3808,58.34,84.02,1.1555,1.1526,281.1,0.0,-377.0,-100.0,377.0,0.0,0.0,-377.0,-100.0,100.0,UNDER_PREDICTION,True,True,True,True,True,True,True,True,1. QUALIFIED_5QC_CLEAN_ACTIVE,Pass: Active completion run meeting all 5 QC physical screening gates
GC-31,SA-1102_T,2024-05-27 11:30,REDA (Schlumberger),538/540 Series (REDA S),S4000N,S4000N,125,6800.0,0.0,-503.7,2165.0,3771.0,1606.0,683.0,126.0,50.0,0.8333,84.0,Mauddud (MA),137779.0,1.0958,0.4662,27.56,39.69,1.1848,1.0464,350.0,4060.8,2372.8,140.57,1688.0,3880.8,3880.8,2192.8,129.91,129.91,OVER_PREDICTION,True,True,True,True,True,True,False,False,2. QUALIFIED_5QC_HISTORICAL_RUN,Pass 5 QC Gates (Historical Completion Run: Days = -503.7)
GC-31,SA-1102_T,2025-02-03 09:00,REDA (Schlumberger),538/540 Series (REDA S),S4000N,S4000N,125,6800.0,0.0,-251.8,1262.0,3054.0,1792.0,418.0,140.0,50.0,0.8333,63.5,Mauddud (MA),137779.0,1.0958,0.4448,32.23,46.41,1.1278,1.0594,214.4,3481.9,1757.9,101.97,1724.0,3286.8,3286.8,1562.8,90.65,90.65,OVER_PREDICTION,True,True,True,True,True,True,False,False,2. QUALIFIED_5QC_HISTORICAL_RUN,Pass 5 QC Gates (Historical Completion Run: Days = -251.8)
GC-31,SA-1102_T,2025-07-09 11:45,REDA (Schlumberger),538/540 Series (REDA S),S4000N,S4000N,125,6800.0,0.0,-95.7,,,,396.0,147.0,50.0,0.8333,84.5,Mauddud (MA),137779.0,1.0958,0.4667,,,1.1477,1.0398,262.5,,,,1795.0,,,,,,,False,False,False,True,True,False,False,False,7. FAILED_MISSING_TELEMETRY,"Failed Gate 1: Missing Telemetry (PIP=nan, PDP=nan)"
GC-31,SA-1102_T,2025-11-19 08:00,REDA (Schlumberger),538/540 Series (REDA S),S4000N,S4000N,125,6800.0,37.1,37.1,1348.0,3492.0,2144.0,360.0,148.0,45.0,0.75,90.5,Mauddud (MA),137779.0,1.0958,0.473,36.26,64.46,1.1349,1.0309,231.6,1131.3,-1183.7,-51.13,2315.0,1097.4,1097.4,-1217.6,-52.6,52.6,UNDER_PREDICTION,True,True,True,True,True,True,True,True,1. QUALIFIED_5QC_CLEAN_ACTIVE,Pass: Active completion run meeting all 5 QC physical screening gates
GC-31,SA-1103_T,2025-01-27 07:30,Halliburton / Summit ESP,538 Series (Summit SF),SF4300,SF4300,201,7300.0,199.7,199.7,,,,676.0,146.0,50.0,0.8333,19.0,Lower Burgan (LB),213445.0,1.1483,0.3984,,,1.1477,1.1234,262.5,,,,3813.2,,,,,,,False,False,False,True,True,False,True,False,7. FAILED_MISSING_TELEMETRY,"Failed Gate 1: Missing Telemetry (PIP=nan, PDP=nan)"
GC-31,SA-1103_T,2025-06-10 13:00,Halliburton / Summit ESP,538 Series (Summit SF),SF4300,SF4300,201,7300.0,333.9,333.9,,,,289.0,111.0,50.0,0.8333,31.7,Lower Burgan (LB),213445.0,1.1483,0.4117,,,1.1477,1.1072,262.5,,,,650.0,,,,,,,False,False,False,True,True,False,True,False,7. FAILED_MISSING_TELEMETRY,"Failed Gate 1: Missing Telemetry (PIP=nan, PDP=nan)"
GC-31,SA-1103_T,2025-06-16 14:30,Halliburton / Summit ESP,538 Series (Summit SF),SF4300,SF4300,201,7300.0,340.0,340.0,3605.0,3583.0,-22.0,705.0,150.0,47.0,0.7833,59.7,Lower Burgan (LB),213445.0,1.1483,0.4409,,,1.1848,1.0864,350.0,,,,3184.0,,,,,,,True,False,False,True,True,False,True,False,3. FAILED_ZERO_NEGATIVE_LIFT,"Failed Gate 2: Negative/Zero Lift (PDP=3583.0 <= PIP=3605.0, dP=-22.0 psi)"
GC-31,SA-1103_T,2025-12-01 08:00,Halliburton / Summit ESP,538 Series (Summit SF),SF4300,SF4300,201,7300.0,507.7,507.7,3598.0,3550.0,-48.0,444.0,158.0,47.0,0.7833,90.5,Lower Burgan (LB),213445.0,1.1483,0.473,,,1.1848,1.0357,350.0,,,,3409.0,,,,,,,True,False,False,True,True,False,True,False,3. FAILED_ZERO_NEGATIVE_LIFT,"Failed Gate 2: Negative/Zero Lift (PDP=3550.0 <= PIP=3598.0, dP=-48.0 psi)"
GC-31,SA-1120_T,2023-12-31 16:30,Alkhorayef (ACC),400 Series (ACC WD),WD-1000C,WD-1000,130,7700.0,0.7,0.7,2572.0,3639.0,1067.0,132.0,105.0,50.0,0.8333,88.3,Mauddud (MA),137779.0,1.0958,0.4707,17.44,25.12,1.1848,1.0393,350.0,1074.3,14.3,1.35,1060.0,1033.7,1033.7,-26.3,-2.48,2.48,UNDER_PREDICTION,True,True,True,True,True,True,True,True,1. QUALIFIED_5QC_CLEAN_ACTIVE,Pass: Active completion run meeting all 5 QC physical screening gates
GC-31,SA-1120_T,2024-04-09 08:45,Alkhorayef (ACC),400 Series (ACC WD),WD-1000C,WD-1000,130,7700.0,100.4,100.4,407.0,3214.0,2807.0,271.0,88.0,50.0,0.8333,5.6,Mauddud (MA),137779.0,1.0958,0.3845,56.16,80.88,1.0669,1.0642,59.2,0.0,-409.0,-100.0,409.0,0.0,0.0,-409.0,-100.0,100.0,UNDER_PREDICTION,True,True,True,True,True,True,True,True,1. QUALIFIED_5QC_CLEAN_ACTIVE,Pass: Active completion run meeting all 5 QC physical screening gates
GC-31,SA-1123_T,2025-05-02 12:30,Baker Hughes (Centrilift),538 Series (Centrilift Centurion),P17,P17,79,8300.0,78.3,78.3,1783.0,2489.0,706.0,454.0,117.0,48.0,0.8,32.8,Lower Burgan (LB),213445.0,1.1483,0.4128,21.65,33.83,1.1726,1.1226,321.6,1830.3,656.3,55.9,1174.0,1630.5,1630.5,456.5,38.88,38.88,OVER_PREDICTION,True,True,True,True,True,True,True,True,1. QUALIFIED_5QC_CLEAN_ACTIVE,Pass: Active completion run meeting all 5 QC physical screening gates
GC-31,SA-1123_T,2025-10-28 10:00,Baker Hughes (Centrilift),538 Series (Centrilift Centurion),P17,P17,79,8300.0,257.2,257.2,,,,570.0,101.0,44.0,0.7333,90.1,Lower Burgan (LB),213445.0,1.1483,0.4726,,,1.1477,1.0326,262.5,,,,525.0,,,,,,,False,False,False,True,True,False,True,False,7. FAILED_MISSING_TELEMETRY,"Failed Gate 1: Missing Telemetry (PIP=nan, PDP=nan)"
GC-31,SA-1123_T,2025-11-03 22:15,Baker Hughes (Centrilift),538 Series (Centrilift Centurion),P17,P17,79,8300.0,263.7,263.7,,,,382.0,96.0,40.0,0.6667,51.4,Lower Burgan (LB),213445.0,1.1483,0.4322,,,1.1477,1.0821,262.5,,,,795.0,,,,,,,False,False,False,True,True,False,True,False,7. FAILED_MISSING_TELEMETRY,"Failed Gate 1: Missing Telemetry (PIP=nan, PDP=nan)"
GC-31,SA-1123_T,2026-03-11 17:45,Baker Hughes (Centrilift),538 Series (Centrilift Centurion),P17,P17,79,8300.0,391.5,391.5,0.0,0.0,0.0,556.0,107.0,40.0,0.6667,50.8,Lower Burgan (LB),213445.0,1.1483,0.4316,,,1.1477,1.0828,262.5,,,,659.0,,,,,,,True,False,False,True,True,False,True,False,3. FAILED_ZERO_NEGATIVE_LIFT,"Failed Gate 2: Negative/Zero Lift (PDP=0.0 <= PIP=0.0, dP=0.0 psi)"
GC-31,SA-1124ST1_T,2024-09-06 11:30,Baker Hughes (Centrilift),538 Series (Centrilift Centurion),P23,P23,111,7250.0,0.0,-538.5,1370.0,2006.0,636.0,205.0,114.0,50.0,0.8333,81.1,Mauddud (MA),137779.0,1.0958,0.4632,12.37,17.81,1.1367,1.0421,236.0,4041.5,2075.5,105.57,1966.0,3878.4,3878.4,1912.4,97.27,97.27,OVER_PREDICTION,True,True,True,True,True,True,False,False,2. QUALIFIED_5QC_HISTORICAL_RUN,Pass 5 QC Gates (Historical Completion Run: Days = -538.5)
GC-31,SA-1124ST1_T,2024-12-17 09:00,Baker Hughes (Centrilift),538 Series (Centrilift Centurion),P23,P23,111,7250.0,0.0,-436.6,1001.0,2396.0,1395.0,235.0,103.0,50.0,0.8333,11.2,Mauddud (MA),137779.0,1.0958,0.3903,32.2,46.37,1.1074,1.0976,163.8,2167.6,884.6,68.95,1283.0,1974.8,1974.8,691.8,53.92,53.92,OVER_PREDICTION,True,True,True,True,True,True,False,False,2. QUALIFIED_5QC_HISTORICAL_RUN,Pass 5 QC Gates (Historical Completion Run: Days = -436.6)
GC-31,SA-1124ST1_T,2025-07-30 08:45,Baker Hughes (Centrilift),538 Series (Centrilift Centurion),P23,P23,111,7250.0,0.0,-211.7,823.0,2610.0,1787.0,255.0,130.0,52.0,0.8667,50.4,Mauddud (MA),137779.0,1.0958,0.4312,37.34,49.71,1.0943,1.0569,130.6,2128.7,428.7,25.22,1700.0,2014.2,2014.2,314.2,18.48,18.48,OVER_PREDICTION,True,True,True,True,True,True,False,False,2. QUALIFIED_5QC_HISTORICAL_RUN,Pass 5 QC Gates (Historical Completion Run: Days = -211.7)
GC-31,SA-1124ST1_T,2025-10-13 08:00,Baker Hughes (Centrilift),538 Series (Centrilift Centurion),P23,P23,111,7250.0,0.0,-136.7,783.0,2620.0,1837.0,267.0,136.0,55.0,0.9167,48.2,Mauddud (MA),137779.0,1.0958,0.4289,38.59,45.92,1.0915,1.057,123.4,2400.9,723.9,43.17,1677.0,2271.4,2271.4,594.4,35.44,35.44,OVER_PREDICTION,True,True,True,True,True,True,False,False,2. QUALIFIED_5QC_HISTORICAL_RUN,Pass 5 QC Gates (Historical Completion Run: Days = -136.7)
GC-31,SA-1124ST1_T,2026-04-10 08:00,Baker Hughes (Centrilift),538 Series (Centrilift Centurion),P23,P23,111,7250.0,42.3,42.3,1159.0,2772.0,1613.0,237.0,134.0,47.0,0.7833,56.8,Mauddud (MA),137779.0,1.0958,0.4378,33.19,54.09,1.1196,1.063,194.1,1733.6,107.6,6.62,1626.0,1630.8,1630.8,4.8,0.3,0.3,OVER_PREDICTION,True,True,True,True,True,True,True,True,1. QUALIFIED_5QC_CLEAN_ACTIVE,Pass: Active completion run meeting all 5 QC physical screening gates
GC-31,SA-1128_T,2025-11-23 11:00,Baker Hughes (Centrilift),400 Series (Centrilift E),E1000,FLEX10,282,6950.0,32.2,32.2,793.0,2544.0,1751.0,221.0,96.0,50.0,0.8333,2.1,Mauddud (MA),137779.0,1.0958,0.3808,16.3,23.47,1.0922,1.0906,125.2,1013.2,40.2,4.13,973.0,929.0,929.0,-44.0,-4.52,4.52,UNDER_PREDICTION,True,True,True,True,True,True,True,True,1. QUALIFIED_5QC_CLEAN_ACTIVE,Pass: Active completion run meeting all 5 QC physical screening gates
GC-31,SA-1143_T,2024-04-21 05:30,Halliburton / Summit ESP,400 Series (Summit SF),SF1750,SF1750,305,7150.0,4.5,4.5,2291.0,3287.0,996.0,676.0,116.0,50.0,0.8333,52.5,Mauddud (MA),137779.0,1.0958,0.4334,7.54,10.86,1.1848,1.0983,350.0,1883.3,88.3,4.92,1795.0,1714.8,1714.8,-80.2,-4.47,4.47,UNDER_PREDICTION,True,True,True,True,True,True,True,True,1. QUALIFIED_5QC_CLEAN_ACTIVE,Pass: Active completion run meeting all 5 QC physical screening gates
GC-31,SA-1143_T,2024-08-31 08:00,Halliburton / Summit ESP,400 Series (Summit SF),SF1750,SF1750,305,7150.0,136.6,136.6,800.0,2387.0,1587.0,263.0,103.0,50.0,0.8333,0.0,Mauddud (MA),137779.0,1.0958,0.3786,13.74,19.79,1.0927,1.0927,126.5,1492.4,192.4,14.8,1300.0,1365.8,1365.8,65.8,5.06,5.06,OVER_PREDICTION,True,True,True,True,True,True,True,True,1. QUALIFIED_5QC_CLEAN_ACTIVE,Pass: Active completion run meeting all 5 QC physical screening gates
GC-31,SA-1143_T,2024-12-22 08:45,Halliburton / Summit ESP,400 Series (Summit SF),SF1750,SF1750,305,7150.0,249.7,249.7,598.0,2598.0,2000.0,303.0,98.0,49.0,0.8167,0.0,Mauddud (MA),137779.0,1.0958,0.3786,17.32,25.97,1.0789,1.0789,90.8,620.7,-73.3,-10.56,694.0,575.3,575.3,-118.7,-17.1,17.1,UNDER_PREDICTION,True,True,True,True,True,True,True,True,1. QUALIFIED_5QC_CLEAN_ACTIVE,Pass: Active completion run meeting all 5 QC physical screening gates
GC-31,SA-1143_T,2025-05-12 08:30,Halliburton / Summit ESP,400 Series (Summit SF),SF1750,SF1750,305,7150.0,390.6,390.6,555.0,2535.0,1980.0,251.0,104.0,50.0,0.8333,0.0,Mauddud (MA),137779.0,1.0958,0.3786,17.14,24.68,1.0761,1.0761,83.5,856.6,145.6,20.48,711.0,796.1,796.1,85.1,11.97,11.97,OVER_PREDICTION,True,True,True,True,True,True,True,True,1. QUALIFIED_5QC_CLEAN_ACTIVE,Pass: Active completion run meeting all 5 QC physical screening gates
GC-31,SA-1143_T,2026-01-06 22:00,Halliburton / Summit ESP,400 Series (Summit SF),SF1750,SF1750,305,7150.0,630.2,630.2,758.0,2511.0,1753.0,280.0,85.0,47.0,0.7833,0.0,Mauddud (MA),137779.0,1.0958,0.3786,15.18,24.74,1.0897,1.0897,118.9,795.8,88.8,12.56,707.0,730.3,730.3,23.3,3.3,3.3,OVER_PREDICTION,True,True,True,True,True,True,True,True,1. QUALIFIED_5QC_CLEAN_ACTIVE,Pass: Active completion run meeting all 5 QC physical screening gates
GC-31,SA-1143_T,2026-04-14 10:15,Halliburton / Summit ESP,400 Series (Summit SF),SF1750,SF1750,305,7150.0,727.7,727.7,420.0,2408.0,1988.0,296.0,92.0,58.0,0.9667,0.0,Mauddud (MA),137779.0,1.0958,0.3786,17.21,18.42,1.0676,1.0676,61.2,1861.3,1360.3,271.52,501.0,1743.4,1743.4,1242.4,247.98,247.98,OVER_PREDICTION,True,True,True,True,True,True,True,True,1. QUALIFIED_5QC_CLEAN_ACTIVE,Pass: Active completion run meeting all 5 QC physical screening gates
GC-31,SA-1144_T,2024-06-05 09:30,REDA (Schlumberger),538/540 Series (REDA S),S2000N,S2000N,104,9600.0,3.9,3.9,,,,54.0,116.0,50.0,0.8333,62.0,Mauddud (MA),137779.0,1.0958,0.4433,,,1.1477,1.0685,262.5,,,,976.0,,,,,,,False,False,False,True,True,False,True,False,7. FAILED_MISSING_TELEMETRY,"Failed Gate 1: Missing Telemetry (PIP=nan, PDP=nan)"
GC-31,SA-1144_T,2024-08-14 10:00,REDA (Schlumberger),538/540 Series (REDA S),S2000N,S2000N,104,9600.0,73.9,73.9,,,,153.0,107.0,50.0,0.8333,9.0,Mauddud (MA),137779.0,1.0958,0.388,,,1.1477,1.1362,262.5,,,,299.0,,,,,,,False,False,False,True,True,False,True,False,7. FAILED_MISSING_TELEMETRY,"Failed Gate 1: Missing Telemetry (PIP=nan, PDP=nan)"
GC-31,SA-1144_T,2025-05-06 10:00,REDA (Schlumberger),538/540 Series (REDA S),S2000N,S2000N,104,9600.0,338.9,338.9,,,,161.0,101.0,50.0,0.8333,10.1,Mauddud (MA),137779.0,1.0958,0.3892,,,1.1477,1.1348,262.5,,,,228.0,,,,,,,False,False,False,True,True,False,True,False,7. FAILED_MISSING_TELEMETRY,"Failed Gate 1: Missing Telemetry (PIP=nan, PDP=nan)"
GC-31,SA-1144_T,2025-10-20 21:00,REDA (Schlumberger),538/540 Series (REDA S),S2000N,S2000N,104,9600.0,506.3,506.3,,,,170.0,76.0,50.0,0.8333,7.0,Mauddud (MA),137779.0,1.0958,0.3859,,,1.1477,1.1387,262.5,,,,143.0,,,,,,,False,False,False,True,True,False,True,False,7. FAILED_MISSING_TELEMETRY,"Failed Gate 1: Missing Telemetry (PIP=nan, PDP=nan)"
GC-31,SA-1144_T,2025-12-24 17:00,REDA (Schlumberger),538/540 Series (REDA S),S2000N,S2000N,104,9600.0,571.2,571.2,,,,190.0,130.0,50.0,0.8333,8.4,Mauddud (MA),137779.0,1.0958,0.3874,,,1.1477,1.137,262.5,,,,167.0,,,,,,,False,False,False,True,True,False,True,False,7. FAILED_MISSING_TELEMETRY,"Failed Gate 1: Missing Telemetry (PIP=nan, PDP=nan)"
GC-31,SA-1144_T,2026-05-04 07:45,REDA (Schlumberger),538/540 Series (REDA S),S2000N,S2000N,104,9600.0,701.8,701.8,0.0,0.0,0.0,153.0,99.0,50.0,0.8333,10.0,Mauddud (MA),137779.0,1.0958,0.3891,,,1.1477,1.1349,262.5,,,,60.0,,,,,,,True,False,False,True,True,False,True,False,3. FAILED_ZERO_NEGATIVE_LIFT,"Failed Gate 2: Negative/Zero Lift (PDP=0.0 <= PIP=0.0, dP=0.0 psi)"
GC-31,SA-1151_T,2025-08-14 08:00,REDA (Schlumberger),538/540 Series (REDA S),S4000N,S4000N,133,9000.0,137.0,137.0,1107.0,1618.0,511.0,317.0,112.0,35.0,0.5833,9.0,Upper Burgan (UB),199739.0,1.1388,0.388,9.9,29.1,1.1155,1.1069,184.0,3344.0,2002.0,149.18,1342.0,3021.0,3021.0,1679.0,125.11,125.11,OVER_PREDICTION,True,True,True,False,True,False,True,False,5. FAILED_UNDER_FREQUENCY,Failed Gate 4: Under-Frequency (f = 35.0 Hz < 40.0 Hz threshold)
GC-31,SA-1151_T,2025-11-09 18:30,REDA (Schlumberger),538/540 Series (REDA S),S4000N,S4000N,133,9000.0,224.5,224.5,910.0,1998.0,1088.0,257.0,104.0,35.0,0.5833,18.6,Upper Burgan (UB),199739.0,1.1388,0.398,20.55,60.4,1.1006,1.0856,146.7,1305.6,390.6,42.69,915.0,1202.6,1202.6,287.6,31.43,31.43,OVER_PREDICTION,True,True,True,False,True,False,True,False,5. FAILED_UNDER_FREQUENCY,Failed Gate 4: Under-Frequency (f = 35.0 Hz < 40.0 Hz threshold)
GC-31,SA-1152ST1_T,2025-06-26 08:30,Baker Hughes (Centrilift),538 Series (Centrilift Centurion),FLEX17.5,FLEX17-5,268,6700.0,233.1,233.1,1265.0,2041.0,776.0,198.0,116.0,55.0,0.9167,0.0,Mauddud (MA),137779.0,1.0958,0.3786,7.65,9.1,1.1281,1.1281,215.0,2333.9,785.9,50.77,1548.0,2068.9,2068.9,520.9,33.65,33.65,OVER_PREDICTION,True,True,True,True,True,True,True,True,1. QUALIFIED_5QC_CLEAN_ACTIVE,Pass: Active completion run meeting all 5 QC physical screening gates
GC-31,SA-1152ST1_T,2025-11-29 07:30,Baker Hughes (Centrilift),538 Series (Centrilift Centurion),FLEX17.5,FLEX17-5,268,6700.0,389.0,389.0,1215.0,2537.0,1322.0,255.0,132.0,58.0,0.9667,51.1,Mauddud (MA),137779.0,1.0958,0.4319,11.42,12.22,1.1241,1.0709,205.1,2246.8,412.8,22.51,1834.0,2098.1,2098.1,264.1,14.4,14.4,OVER_PREDICTION,True,True,True,True,True,True,True,True,1. QUALIFIED_5QC_CLEAN_ACTIVE,Pass: Active completion run meeting all 5 QC physical screening gates
GC-31,SA-1152ST1_T,2026-03-09 08:00,Baker Hughes (Centrilift),538 Series (Centrilift Centurion),FLEX17.5,FLEX17-5,268,6700.0,489.1,489.1,1206.0,2638.0,1432.0,285.0,129.0,58.0,0.9667,54.7,Mauddud (MA),137779.0,1.0958,0.4357,12.26,13.12,1.1233,1.0668,203.4,2179.6,569.6,35.38,1610.0,2043.1,2043.1,433.1,26.9,26.9,OVER_PREDICTION,True,True,True,True,True,True,True,True,1. QUALIFIED_5QC_CLEAN_ACTIVE,Pass: Active completion run meeting all 5 QC physical screening gates
GC-31,SA-1152ST1_T,2026-06-11 08:00,Baker Hughes (Centrilift),538 Series (Centrilift Centurion),FLEX17.5,FLEX17-5,268,6700.0,583.1,583.1,1181.0,2376.0,1195.0,235.0,140.0,58.0,0.9667,35.5,Mauddud (MA),137779.0,1.0958,0.4156,10.73,11.48,1.1213,1.0854,198.4,2300.2,595.2,34.91,1705.0,2119.3,2119.3,414.3,24.3,24.3,OVER_PREDICTION,True,True,True,True,True,True,True,True,1. QUALIFIED_5QC_CLEAN_ACTIVE,Pass: Active completion run meeting all 5 QC physical screening gates
GC-31,SA-1164_T,2025-02-05 08:30,Baker Hughes (Centrilift),400 Series (Centrilift P/Flex),FLEX10,FLEX10,206,6750.0,78.7,78.7,901.0,2982.0,2081.0,184.0,99.0,50.0,0.8333,11.4,Mauddud (MA),137779.0,1.0958,0.3905,25.87,37.26,1.0999,1.0908,145.0,180.5,-91.5,-33.64,272.0,165.5,165.5,-106.5,-39.15,39.15,UNDER_PREDICTION,True,True,True,True,True,True,True,True,1. QUALIFIED_5QC_CLEAN_ACTIVE,Pass: Active completion run meeting all 5 QC physical screening gates
GC-31,SA-1164_T,2025-06-03 09:15,Baker Hughes (Centrilift),400 Series (Centrilift P/Flex),FLEX10,FLEX10,206,6750.0,196.8,196.8,696.0,2890.0,2194.0,164.0,107.0,50.0,0.8333,0.0,Mauddud (MA),137779.0,1.0958,0.3786,28.13,40.51,1.0854,1.0854,107.9,0.0,-196.0,-100.0,196.0,0.0,0.0,-196.0,-100.0,100.0,UNDER_PREDICTION,True,True,True,True,True,True,True,True,1. QUALIFIED_5QC_CLEAN_ACTIVE,Pass: Active completion run meeting all 5 QC physical screening gates
GC-31,SA-1164_T,2025-09-15 18:30,Baker Hughes (Centrilift),400 Series (Centrilift P/Flex),FLEX10,FLEX10,206,6750.0,301.1,301.1,683.0,2895.0,2212.0,158.0,97.0,50.0,0.8333,10.3,Mauddud (MA),137779.0,1.0958,0.3894,27.58,39.72,1.0845,1.0779,105.6,0.0,-136.0,-100.0,136.0,0.0,0.0,-136.0,-100.0,100.0,UNDER_PREDICTION,True,True,True,True,True,True,True,True,1. QUALIFIED_5QC_CLEAN_ACTIVE,Pass: Active completion run meeting all 5 QC physical screening gates
GC-31,SA-1164_T,2026-01-04 12:00,Baker Hughes (Centrilift),400 Series (Centrilift P/Flex),FLEX10,FLEX10,206,6750.0,411.9,411.9,567.0,2909.0,2342.0,166.0,84.0,54.0,0.9,11.8,Mauddud (MA),137779.0,1.0958,0.3909,29.08,35.9,1.0768,1.0701,85.5,542.1,238.1,78.32,304.0,506.6,506.6,202.6,66.64,66.64,OVER_PREDICTION,True,True,True,True,True,True,True,True,1. QUALIFIED_5QC_CLEAN_ACTIVE,Pass: Active completion run meeting all 5 QC physical screening gates
GC-31,SA-1164_T,2026-02-15 19:45,Baker Hughes (Centrilift),400 Series (Centrilift P/Flex),FLEX10,FLEX10,206,6750.0,454.2,454.2,724.0,2862.0,2138.0,149.0,104.0,54.0,0.9,12.5,Mauddud (MA),137779.0,1.0958,0.3917,26.5,32.72,1.0873,1.0789,112.8,773.7,238.7,44.62,535.0,717.1,717.1,182.1,34.04,34.04,OVER_PREDICTION,True,True,True,True,True,True,True,True,1. QUALIFIED_5QC_CLEAN_ACTIVE,Pass: Active completion run meeting all 5 QC physical screening gates
GC-31,SA-1164_T,2026-05-09 07:30,Baker Hughes (Centrilift),400 Series (Centrilift P/Flex),FLEX10,FLEX10,206,6750.0,536.7,536.7,306.0,2837.0,2531.0,128.0,117.0,54.0,0.9,11.9,Mauddud (MA),137779.0,1.0958,0.391,31.42,38.79,1.061,1.0561,43.5,0.0,-251.0,-100.0,251.0,0.0,0.0,-251.0,-100.0,100.0,UNDER_PREDICTION,True,True,True,True,True,True,True,True,1. QUALIFIED_5QC_CLEAN_ACTIVE,Pass: Active completion run meeting all 5 QC physical screening gates
GC-31,SA-1165_T,2024-10-07 14:45,REDA (Schlumberger),538/540 Series (REDA S),S2000N,S2000N,152,6600.0,1.9,1.9,1775.0,3301.0,1526.0,589.0,127.0,50.0,0.8333,79.1,Mauddud (MA),137779.0,1.0958,0.4611,21.77,31.35,1.1719,1.0517,319.9,2329.9,672.9,40.61,1657.0,2215.3,2215.3,558.3,33.69,33.69,OVER_PREDICTION,True,True,True,True,True,True,True,True,1. QUALIFIED_5QC_CLEAN_ACTIVE,Pass: Active completion run meeting all 5 QC physical screening gates
GC-31,SA-1165_T,2025-04-07 08:00,REDA (Schlumberger),538/540 Series (REDA S),S2000N,S2000N,152,6600.0,183.7,183.7,707.0,2802.0,2095.0,435.0,110.0,48.0,0.8,45.0,Mauddud (MA),137779.0,1.0958,0.4255,32.39,50.61,1.0862,1.0564,109.8,1754.4,406.4,30.15,1348.0,1660.7,1660.7,312.7,23.2,23.2,OVER_PREDICTION,True,True,True,True,True,True,True,True,1. QUALIFIED_5QC_CLEAN_ACTIVE,Pass: Active completion run meeting all 5 QC physical screening gates
GC-31,SA-1165_T,2025-08-16 10:15,REDA (Schlumberger),538/540 Series (REDA S),S2000N,S2000N,152,6600.0,314.8,314.8,594.0,2662.0,2068.0,253.0,105.0,42.0,0.7,3.0,Mauddud (MA),137779.0,1.0958,0.3818,35.64,72.73,1.0786,1.0768,90.1,0.0,-520.0,-100.0,520.0,0.0,0.0,-520.0,-100.0,100.0,UNDER_PREDICTION,True,True,True,True,True,True,True,True,1. QUALIFIED_5QC_CLEAN_ACTIVE,Pass: Active completion run meeting all 5 QC physical screening gates
GC-31,SA-1165_T,2025-11-10 08:15,REDA (Schlumberger),538/540 Series (REDA S),S2000N,S2000N,152,6600.0,400.7,400.7,671.0,2703.0,2032.0,306.0,96.0,42.0,0.7,0.0,Mauddud (MA),137779.0,1.0958,0.3786,35.31,72.06,1.0837,1.0837,103.5,0.0,-397.0,-100.0,397.0,0.0,0.0,-397.0,-100.0,100.0,UNDER_PREDICTION,True,True,True,True,True,True,True,True,1. QUALIFIED_5QC_CLEAN_ACTIVE,Pass: Active completion run meeting all 5 QC physical screening gates
GC-31,SA-1165_T,2026-05-01 09:45,REDA (Schlumberger),538/540 Series (REDA S),S2000N,S2000N,152,6600.0,572.7,572.7,753.0,2708.0,1955.0,253.0,115.0,40.0,0.6667,2.4,Mauddud (MA),137779.0,1.0958,0.3811,33.75,75.93,1.0894,1.0877,118.0,0.0,-468.0,-100.0,468.0,0.0,0.0,-468.0,-100.0,100.0,UNDER_PREDICTION,True,True,True,True,True,True,True,True,1. QUALIFIED_5QC_CLEAN_ACTIVE,Pass: Active completion run meeting all 5 QC physical screening gates
GC-31,SA-1165_T,2026-07-28 08:00,REDA (Schlumberger),538/540 Series (REDA S),S2000N,S2000N,152,6600.0,660.7,660.7,653.0,2432.0,1779.0,174.0,110.0,40.0,0.6667,2.7,Mauddud (MA),137779.0,1.0958,0.3815,30.68,69.02,1.0825,1.0808,100.3,131.1,-491.9,-78.96,623.0,121.3,121.3,-501.7,-80.53,80.53,UNDER_PREDICTION,True,True,True,True,True,True,True,True,1. QUALIFIED_5QC_CLEAN_ACTIVE,Pass: Active completion run meeting all 5 QC physical screening gates
GC-31,SA-1166_T,2025-04-09 08:30,REDA (Schlumberger),538/540 Series (REDA S),S2000N,S2000N,152,7130.0,133.8,133.8,501.0,3375.0,2874.0,312.0,130.0,48.0,0.8,38.5,Mauddud (MA),137779.0,1.0958,0.4188,45.15,70.55,1.0726,1.0524,74.4,42.0,-511.0,-92.41,553.0,39.9,39.9,-513.1,-92.78,92.78,UNDER_PREDICTION,True,True,True,True,True,True,True,True,1. QUALIFIED_5QC_CLEAN_ACTIVE,Pass: Active completion run meeting all 5 QC physical screening gates
GC-31,SA-1166_T,2025-08-03 08:30,REDA (Schlumberger),538/540 Series (REDA S),S2000N,S2000N,152,7130.0,249.8,249.8,382.0,3315.0,2933.0,250.0,117.0,48.0,0.8,41.4,Mauddud (MA),137779.0,1.0958,0.4218,45.75,71.48,1.0654,1.0466,55.2,0.0,-377.0,-100.0,377.0,0.0,0.0,-377.0,-100.0,100.0,UNDER_PREDICTION,True,True,True,True,True,True,True,True,1. QUALIFIED_5QC_CLEAN_ACTIVE,Pass: Active completion run meeting all 5 QC physical screening gates
GC-31,SA-1166_T,2025-10-21 08:30,REDA (Schlumberger),538/540 Series (REDA S),S2000N,S2000N,152,7130.0,328.8,328.8,631.0,3326.0,2695.0,358.0,141.0,48.0,0.8,40.9,Mauddud (MA),137779.0,1.0958,0.4213,42.09,65.77,1.081,1.0561,96.5,526.4,-43.6,-7.65,570.0,498.5,498.5,-71.5,-12.54,12.54,UNDER_PREDICTION,True,True,True,True,True,True,True,True,1. QUALIFIED_5QC_CLEAN_ACTIVE,Pass: Active completion run meeting all 5 QC physical screening gates
GC-31,SA-1166_T,2026-01-08 10:15,REDA (Schlumberger),538/540 Series (REDA S),S2000N,S2000N,152,7130.0,407.8,407.8,391.0,3371.0,2980.0,357.0,107.0,49.0,0.8167,38.0,Mauddud (MA),137779.0,1.0958,0.4183,46.87,70.27,1.0659,1.0485,56.6,62.4,-455.6,-87.95,518.0,59.5,59.5,-458.5,-88.51,88.51,UNDER_PREDICTION,True,True,True,True,True,True,True,True,1. QUALIFIED_5QC_CLEAN_ACTIVE,Pass: Active completion run meeting all 5 QC physical screening gates
GC-31,SA-1166_T,2026-04-10 10:00,REDA (Schlumberger),538/540 Series (REDA S),S2000N,S2000N,152,7130.0,499.8,499.8,980.0,3245.0,2265.0,213.0,110.0,42.0,0.7,35.5,Mauddud (MA),137779.0,1.0958,0.4156,35.85,73.16,1.1058,1.0753,159.8,0.0,-214.0,-100.0,214.0,0.0,0.0,-214.0,-100.0,100.0,UNDER_PREDICTION,True,True,True,True,True,True,True,True,1. QUALIFIED_5QC_CLEAN_ACTIVE,Pass: Active completion run meeting all 5 QC physical screening gates
GC-31,SA-1181_T,2025-05-16 07:45,REDA (Schlumberger),538/540 Series (REDA S),S2000N,S2000N,180,6750.0,3.4,3.4,1046.0,3106.0,2060.0,302.0,122.0,50.0,0.8333,75.4,Mauddud (MA),137779.0,1.0958,0.4572,25.03,36.05,1.1108,1.0423,172.3,2232.8,474.8,27.01,1758.0,2142.1,2142.1,384.1,21.85,21.85,OVER_PREDICTION,True,True,True,True,True,True,True,True,1. QUALIFIED_5QC_CLEAN_ACTIVE,Pass: Active completion run meeting all 5 QC physical screening gates
GC-31,SA-1181_T,2025-11-17 08:15,REDA (Schlumberger),538/540 Series (REDA S),S2000N,S2000N,180,6750.0,188.4,188.4,820.0,2627.0,1807.0,417.0,113.0,47.0,0.7833,16.4,Mauddud (MA),137779.0,1.0958,0.3957,25.37,41.35,1.0941,1.0819,130.1,1981.5,493.5,33.17,1488.0,1831.4,1831.4,343.4,23.08,23.08,OVER_PREDICTION,True,True,True,True,True,True,True,True,1. QUALIFIED_5QC_CLEAN_ACTIVE,Pass: Active completion run meeting all 5 QC physical screening gates
GC-31,SA-1183_T,2025-05-04 05:45,Halliburton / Summit ESP,400 Series (Summit SF),SF1750,SF1750,304,7400.0,3.1,3.1,633.0,2834.0,2201.0,18.0,108.0,50.0,0.8333,80.3,Mauddud (MA),137779.0,1.0958,0.4623,15.66,22.55,1.0812,1.0321,96.8,1184.7,210.7,21.63,974.0,1147.9,1147.9,173.9,17.85,17.85,OVER_PREDICTION,True,True,True,True,True,True,True,True,1. QUALIFIED_5QC_CLEAN_ACTIVE,Pass: Active completion run meeting all 5 QC physical screening gates
GC-31,SA-1183_T,2025-08-07 08:00,Halliburton / Summit ESP,400 Series (Summit SF),SF1750,SF1750,304,7400.0,98.2,98.2,450.0,2768.0,2318.0,238.0,118.0,50.0,0.8333,5.0,Mauddud (MA),137779.0,1.0958,0.3839,19.86,28.6,1.0695,1.067,66.1,106.2,-580.8,-84.54,687.0,99.5,99.5,-587.5,-85.52,85.52,UNDER_PREDICTION,True,True,True,True,True,True,True,True,1. QUALIFIED_5QC_CLEAN_ACTIVE,Pass: Active completion run meeting all 5 QC physical screening gates
GC-31,SA-1183_T,2025-11-08 08:30,Halliburton / Summit ESP,400 Series (Summit SF),SF1750,SF1750,304,7400.0,191.2,191.2,448.0,3768.0,3320.0,276.0,95.0,50.0,0.8333,1.0,Mauddud (MA),137779.0,1.0958,0.3797,28.76,41.42,1.0693,1.0688,65.7,0.0,-521.0,-100.0,521.0,0.0,0.0,-521.0,-100.0,100.0,UNDER_PREDICTION,True,True,True,True,True,True,True,True,1. QUALIFIED_5QC_CLEAN_ACTIVE,Pass: Active completion run meeting all 5 QC physical screening gates
GC-31,SA-1183_T,2026-04-14 09:00,Halliburton / Summit ESP,400 Series (Summit SF),SF1750,SF1750,304,7400.0,348.2,348.2,491.0,2702.0,2211.0,214.0,100.0,48.0,0.8,3.2,Mauddud (MA),137779.0,1.0958,0.382,19.04,29.75,1.072,1.0703,72.8,0.0,-408.0,-100.0,408.0,0.0,0.0,-408.0,-100.0,100.0,UNDER_PREDICTION,True,True,True,True,True,True,True,True,1. QUALIFIED_5QC_CLEAN_ACTIVE,Pass: Active completion run meeting all 5 QC physical screening gates
GC-31,SA-1189_T,2025-06-02 12:30,Borets,400 Series (Borets WFT-400),B400-1050,B400-1050,204,6700.0,0.0,-90.3,,,,304.0,96.0,50.0,0.8333,0.0,Mauddud (MA),137779.0,1.0958,0.3786,,,1.1477,1.1477,262.5,,,,1175.0,,,,,,,False,False,False,True,True,False,False,False,7. FAILED_MISSING_TELEMETRY,"Failed Gate 1: Missing Telemetry (PIP=nan, PDP=nan)"
GC-31,SA-1189_T,2026-03-11 08:15,Borets,400 Series (Borets WFT-400),B400-1050,B400-1050,204,6700.0,191.6,191.6,1158.0,3463.0,2305.0,442.0,102.0,54.0,0.9,26.2,Mauddud (MA),137779.0,1.0958,0.406,27.83,34.36,1.1195,1.0934,194.0,0.0,-363.0,-100.0,363.0,0.0,0.0,-363.0,-100.0,100.0,UNDER_PREDICTION,True,True,True,True,True,True,True,True,1. QUALIFIED_5QC_CLEAN_ACTIVE,Pass: Active completion run meeting all 5 QC physical screening gates
GC-31,SA-1189_T,2026-06-08 09:30,Borets,400 Series (Borets WFT-400),B400-1050,B400-1050,204,6700.0,280.6,280.6,1285.0,3202.0,1917.0,444.0,116.0,52.0,0.8667,93.5,Mauddud (MA),137779.0,1.0958,0.4761,19.74,26.28,1.1297,1.0271,219.0,1104.5,293.5,36.19,811.0,1075.3,1075.3,264.3,32.59,32.59,OVER_PREDICTION,True,True,True,True,True,True,True,True,1. QUALIFIED_5QC_CLEAN_ACTIVE,Pass: Active completion run meeting all 5 QC physical screening gates
GC-31,SA-1191_T,2025-08-30 08:00,Alkhorayef (ACC),400/538 Series (Summit WD),WD1000MFc,WD-1000,318,6850.0,0.0,-289.8,307.0,3009.0,2702.0,258.0,117.0,46.0,0.7667,16.0,Mauddud (MA),137779.0,1.0958,0.3953,21.49,36.56,1.0611,1.0545,43.6,360.3,50.3,16.23,310.0,341.7,341.7,31.7,10.23,10.23,OVER_PREDICTION,True,True,True,True,True,True,False,False,2. QUALIFIED_5QC_HISTORICAL_RUN,Pass 5 QC Gates (Historical Completion Run: Days = -289.8)
GC-31,SA-1191_T,2025-12-07 23:30,Alkhorayef (ACC),400/538 Series (Summit WD),WD1000MFc,WD-1000,318,6850.0,0.0,-190.2,254.0,2946.0,2692.0,218.0,93.0,46.0,0.7667,13.9,Mauddud (MA),137779.0,1.0958,0.3931,21.53,36.63,1.0581,1.0528,35.7,352.7,51.7,17.18,301.0,335.0,335.0,34.0,11.3,11.3,OVER_PREDICTION,True,True,True,True,True,True,False,False,2. QUALIFIED_5QC_HISTORICAL_RUN,Pass 5 QC Gates (Historical Completion Run: Days = -190.2)
GC-31,SA-1191_T,2026-03-12 00:00,Alkhorayef (ACC),400/538 Series (Summit WD),WD1000MFc,WD-1000,318,6850.0,0.0,-96.1,230.0,2963.0,2733.0,216.0,89.0,46.0,0.7667,14.1,Mauddud (MA),137779.0,1.0958,0.3933,21.85,37.17,1.0569,1.0517,32.2,285.0,-14.0,-4.68,299.0,271.0,271.0,-28.0,-9.36,9.36,UNDER_PREDICTION,True,True,True,True,True,True,False,False,2. QUALIFIED_5QC_HISTORICAL_RUN,Pass 5 QC Gates (Historical Completion Run: Days = -96.1)
GC-31,SA-1191_T,2026-07-17 08:15,Alkhorayef (ACC),400/538 Series (Summit WD),WD1000MFc,WD-1000,318,6850.0,31.2,31.2,606.0,3016.0,2410.0,257.0,118.0,48.0,0.8,16.2,Mauddud (MA),137779.0,1.0958,0.3955,19.16,29.94,1.0794,1.0698,92.2,859.4,166.4,24.01,693.0,803.4,803.4,110.4,15.93,15.93,OVER_PREDICTION,True,True,True,True,True,True,True,True,1. QUALIFIED_5QC_CLEAN_ACTIVE,Pass: Active completion run meeting all 5 QC physical screening gates
GC-31,SA-1196_T,2025-09-29 09:45,Alkhorayef (ACC),400 Series (ACC WD),WD-1000,WD-1000,264,6870.0,227.0,227.0,,3001.0,,219.0,104.0,50.0,0.8333,0.0,Mauddud (MA),137779.0,1.0958,0.3786,,,1.1477,1.1477,262.5,,,,299.0,,,,,,,False,False,False,True,True,False,True,False,7. FAILED_MISSING_TELEMETRY,"Failed Gate 1: Missing Telemetry (PIP=nan, PDP=3001.0)"
GC-31,SA-1196_T,2026-01-16 08:45,Alkhorayef (ACC),400 Series (ACC WD),WD-1000,WD-1000,264,6870.0,336.0,336.0,0.0,3049.0,3049.0,225.0,75.0,50.0,0.8333,8.4,Mauddud (MA),137779.0,1.0958,0.3874,29.81,42.93,1.1477,1.137,262.5,0.0,-213.0,-100.0,213.0,0.0,0.0,-213.0,-100.0,100.0,UNDER_PREDICTION,True,True,True,True,True,True,True,True,1. QUALIFIED_5QC_CLEAN_ACTIVE,Pass: Active completion run meeting all 5 QC physical screening gates
GC-31,SA-1196_T,2026-04-10 08:30,Alkhorayef (ACC),400 Series (ACC WD),WD-1000,WD-1000,264,6870.0,420.0,420.0,0.0,3048.0,3048.0,27.0,116.0,50.0,0.8333,14.9,Mauddud (MA),137779.0,1.0958,0.3942,29.29,42.18,1.1477,1.1287,262.5,0.0,-241.0,-100.0,241.0,0.0,0.0,-241.0,-100.0,100.0,UNDER_PREDICTION,True,True,True,True,True,True,True,True,1. QUALIFIED_5QC_CLEAN_ACTIVE,Pass: Active completion run meeting all 5 QC physical screening gates
GC-31,SA-1212_T,2025-06-02 01:15,REDA (Schlumberger),538/540 Series (REDA S),S2000N,S2000N,180,8450.0,3.8,3.8,1348.0,2390.0,1042.0,565.0,102.0,50.0,0.8333,6.1,Upper Burgan (UB),199739.0,1.1388,0.385,15.04,21.66,1.1349,1.1279,231.6,2499.9,1059.9,73.6,1440.0,2216.5,2216.5,776.5,53.92,53.92,OVER_PREDICTION,True,True,True,True,True,True,True,True,1. QUALIFIED_5QC_CLEAN_ACTIVE,Pass: Active completion run meeting all 5 QC physical screening gates
GC-31,SA-1212_T,2025-09-24 19:30,REDA (Schlumberger),538/540 Series (REDA S),S2000N,S2000N,180,8450.0,118.6,118.6,981.0,2811.0,1830.0,400.0,115.0,48.0,0.8,71.4,Upper Burgan (UB),199739.0,1.1388,0.4531,22.44,35.06,1.1059,1.0446,160.0,2164.0,1282.0,145.35,882.0,2071.7,2071.7,1189.7,134.89,134.89,OVER_PREDICTION,True,True,True,True,True,True,True,True,1. QUALIFIED_5QC_CLEAN_ACTIVE,Pass: Active completion run meeting all 5 QC physical screening gates
GC-31,SA-1212_T,2026-01-25 08:00,REDA (Schlumberger),538/540 Series (REDA S),S2000N,S2000N,180,8450.0,241.1,241.1,1204.0,3600.0,2396.0,417.0,137.0,48.0,0.8,86.1,Upper Burgan (UB),199739.0,1.1388,0.4684,28.42,44.41,1.1232,1.0343,203.0,1945.3,439.3,29.17,1506.0,1880.7,1880.7,374.7,24.88,24.88,OVER_PREDICTION,True,True,True,True,True,True,True,True,1. QUALIFIED_5QC_CLEAN_ACTIVE,Pass: Active completion run meeting all 5 QC physical screening gates
GC-31,SA-1212_T,2026-06-06 09:30,REDA (Schlumberger),538/540 Series (REDA S),S2000N,S2000N,180,8450.0,373.1,373.1,1378.0,3748.0,2370.0,334.0,158.0,46.0,0.7667,88.6,Upper Burgan (UB),199739.0,1.1388,0.471,27.96,47.56,1.1374,1.0334,237.6,1777.6,303.6,20.6,1474.0,1720.2,1720.2,246.2,16.7,16.7,OVER_PREDICTION,True,True,True,True,True,True,True,True,1. QUALIFIED_5QC_CLEAN_ACTIVE,Pass: Active completion run meeting all 5 QC physical screening gates
GC-31,SA-1213_T,2025-06-22 22:30,REDA (Schlumberger),538/540 Series (REDA S),S2000N,S2000N,208,8000.0,3.9,3.9,1768.0,2268.0,500.0,359.0,101.0,50.0,0.8333,12.2,Upper Burgan (UB),199739.0,1.1388,0.3914,6.14,8.84,1.1713,1.1528,318.4,2499.9,770.9,44.59,1729.0,2168.5,2168.5,439.5,25.42,25.42,OVER_PREDICTION,True,True,True,True,True,True,True,True,1. QUALIFIED_5QC_CLEAN_ACTIVE,Pass: Active completion run meeting all 5 QC physical screening gates
GC-31,SA-1213_T,2025-09-24 15:45,REDA (Schlumberger),538/540 Series (REDA S),S2000N,S2000N,208,8000.0,97.6,97.6,1739.0,2546.0,807.0,746.0,113.0,40.0,0.6667,0.0,Upper Burgan (UB),199739.0,1.1388,0.3786,10.25,23.06,1.1687,1.1687,312.3,1983.6,731.6,58.43,1252.0,1697.3,1697.3,445.3,35.57,35.57,OVER_PREDICTION,True,True,True,True,True,True,True,True,1. QUALIFIED_5QC_CLEAN_ACTIVE,Pass: Active completion run meeting all 5 QC physical screening gates
GC-31,SA-1213_T,2026-02-07 08:30,REDA (Schlumberger),538/540 Series (REDA S),S2000N,S2000N,208,8000.0,233.3,233.3,1505.0,1277.0,-228.0,324.0,106.0,45.0,0.75,3.1,Upper Burgan (UB),199739.0,1.1388,0.3819,,,1.1481,1.1441,263.5,,,,1237.0,,,,,,,True,False,False,True,True,False,True,False,3. FAILED_ZERO_NEGATIVE_LIFT,"Failed Gate 2: Negative/Zero Lift (PDP=1277.0 <= PIP=1505.0, dP=-228.0 psi)"
GC-31,SA-1213_T,2026-06-17 06:45,REDA (Schlumberger),538/540 Series (REDA S),S2000N,S2000N,208,8000.0,363.2,363.2,2409.0,2418.0,9.0,195.0,110.0,45.0,0.75,4.1,Upper Burgan (UB),199739.0,1.1388,0.3829,0.11,0.2,1.1848,1.178,350.0,2250.0,799.0,55.07,1451.0,1909.9,1909.9,458.9,31.63,31.63,OVER_PREDICTION,True,True,False,True,True,False,True,False,4. FAILED_LOW_LIFT_THRESHOLD,Failed Gate 3: Low Dynamic Lift (Delta P = 9.0 psi < 250 psi threshold)
GC-31,SA-1223_T,2025-11-15 13:00,Alkhorayef (ACC),400 Series (ACC WD),WD-1000,WD-1000,236,7300.0,59.3,59.3,3050.0,3615.0,565.0,284.0,98.0,50.0,0.8333,92.1,Mauddud (MA),137779.0,1.0958,0.4746,5.04,7.26,1.1848,1.033,350.0,1483.3,293.3,24.65,1190.0,1435.9,1435.9,245.9,20.66,20.66,OVER_PREDICTION,True,True,True,True,True,True,True,True,1. QUALIFIED_5QC_CLEAN_ACTIVE,Pass: Active completion run meeting all 5 QC physical screening gates
GC-31,SA-1223_T,2026-01-30 12:15,Alkhorayef (ACC),400 Series (ACC WD),WD-1000,WD-1000,236,7300.0,135.2,135.2,1661.0,3656.0,1995.0,213.0,91.0,46.0,0.7667,56.6,Mauddud (MA),137779.0,1.0958,0.4376,19.32,32.87,1.1617,1.0815,295.9,679.8,103.8,18.02,576.0,628.6,628.6,52.6,9.13,9.13,OVER_PREDICTION,True,True,True,True,True,True,True,True,1. QUALIFIED_5QC_CLEAN_ACTIVE,Pass: Active completion run meeting all 5 QC physical screening gates
GC-31,SA-1223_T,2026-05-20 13:00,Alkhorayef (ACC),400 Series (ACC WD),WD-1000,WD-1000,236,7300.0,245.3,245.3,1571.0,3770.0,2199.0,275.0,102.0,48.0,0.8,100.0,Mauddud (MA),137779.0,1.0958,0.4829,19.3,30.16,1.1538,1.02,277.1,849.8,590.8,228.11,259.0,833.1,833.1,574.1,221.66,221.66,OVER_PREDICTION,True,True,True,True,False,False,True,False,6. FAILED_EXCESSIVE_WATER_CUT,Failed Gate 5: Excessive Water Cut (WC = 100.0% > 98.0% threshold)
GC-31,SA-1253_T,2025-11-18 08:00,REDA (Schlumberger),538/540 Series (REDA S),S2000N,S2000N,137,6700.0,59.7,59.7,1358.0,2906.0,1548.0,224.0,122.0,50.0,0.8333,14.3,Mauddud (MA),137779.0,1.0958,0.3935,28.71,41.35,1.1357,1.1192,233.6,2108.0,1368.0,184.86,740.0,1883.5,1883.5,1143.5,154.53,154.53,OVER_PREDICTION,True,True,True,True,True,True,True,True,1. QUALIFIED_5QC_CLEAN_ACTIVE,Pass: Active completion run meeting all 5 QC physical screening gates
GC-31,SA-1253_T,2026-03-17 08:00,REDA (Schlumberger),538/540 Series (REDA S),S2000N,S2000N,137,6700.0,178.7,178.7,912.0,2987.0,2075.0,207.0,121.0,44.0,0.7333,17.2,Mauddud (MA),137779.0,1.0958,0.3966,38.19,71.02,1.1008,1.0869,147.0,9.8,-612.2,-98.42,622.0,9.0,9.0,-613.0,-98.55,98.55,UNDER_PREDICTION,True,True,True,True,True,True,True,True,1. QUALIFIED_5QC_CLEAN_ACTIVE,Pass: Active completion run meeting all 5 QC physical screening gates
GC-31,SA-1259_T,2026-01-14 08:15,Baker Hughes (Centrilift),400 Series (Centrilift E),E1000,FLEX10,282,7400.0,58.7,58.7,477.0,2792.0,2315.0,236.0,91.0,50.0,0.8333,3.1,Mauddud (MA),137779.0,1.0958,0.3819,21.5,30.96,1.0711,1.0695,70.5,791.2,278.2,54.23,513.0,739.8,739.8,226.8,44.21,44.21,OVER_PREDICTION,True,True,True,True,True,True,True,True,1. QUALIFIED_5QC_CLEAN_ACTIVE,Pass: Active completion run meeting all 5 QC physical screening gates
GC-31,SA-1259_T,2026-04-10 08:00,Baker Hughes (Centrilift),400 Series (Centrilift E),E1000,FLEX10,282,7400.0,144.7,144.7,402.0,2637.0,2235.0,191.0,93.0,50.0,0.8333,2.3,Mauddud (MA),137779.0,1.0958,0.381,20.8,29.95,1.0666,1.0655,58.4,828.0,397.0,92.11,431.0,777.1,777.1,346.1,80.3,80.3,OVER_PREDICTION,True,True,True,True,True,True,True,True,1. QUALIFIED_5QC_CLEAN_ACTIVE,Pass: Active completion run meeting all 5 QC physical screening gates
GC-31,SA-1280_T,2025-11-03 14:15,Halliburton / Summit ESP,400 Series (Summit SF),SF1750,SF1750,372,7600.0,3.3,3.3,738.0,3426.0,2688.0,28.0,118.0,54.0,0.9,88.2,Upper Burgan (UB),199739.0,1.1388,0.4706,15.36,18.96,1.0883,1.0281,115.3,1687.5,369.5,28.03,1318.0,1641.4,1641.4,323.4,24.54,24.54,OVER_PREDICTION,True,True,True,True,True,True,True,True,1. QUALIFIED_5QC_CLEAN_ACTIVE,Pass: Active completion run meeting all 5 QC physical screening gates
GC-31,SA-1280_T,2025-11-29 19:00,Halliburton / Summit ESP,400 Series (Summit SF),SF1750,SF1750,372,7600.0,29.5,29.5,1343.0,3802.0,2459.0,234.0,142.0,54.0,0.9,94.9,Upper Burgan (UB),199739.0,1.1388,0.4776,13.84,17.09,1.1345,1.0258,230.6,1831.8,64.8,3.67,1767.0,1785.7,1785.7,18.7,1.06,1.06,OVER_PREDICTION,True,True,True,True,True,True,True,True,1. QUALIFIED_5QC_CLEAN_ACTIVE,Pass: Active completion run meeting all 5 QC physical screening gates
GC-31,SA-1280_T,2026-02-27 03:00,Halliburton / Summit ESP,400 Series (Summit SF),SF1750,SF1750,372,7600.0,118.9,118.9,268.0,1445.0,1177.0,274.0,120.0,54.0,0.9,94.2,Upper Burgan (UB),199739.0,1.1388,0.4768,6.64,8.2,1.0589,1.0223,37.8,2034.0,699.0,52.36,1335.0,1989.7,1989.7,654.7,49.04,49.04,OVER_PREDICTION,True,True,True,True,True,True,True,True,1. QUALIFIED_5QC_CLEAN_ACTIVE,Pass: Active completion run meeting all 5 QC physical screening gates
GC-31,SA-1280_T,2026-05-03 08:15,Halliburton / Summit ESP,400 Series (Summit SF),SF1750,SF1750,372,7600.0,184.1,184.1,1246.0,3523.0,2277.0,239.0,141.0,54.0,0.9,95.3,Upper Burgan (UB),199739.0,1.1388,0.478,12.81,15.81,1.1265,1.025,211.2,1914.0,251.0,15.09,1663.0,1867.3,1867.3,204.3,12.29,12.29,OVER_PREDICTION,True,True,True,True,True,True,True,True,1. QUALIFIED_5QC_CLEAN_ACTIVE,Pass: Active completion run meeting all 5 QC physical screening gates
GC-31,SA-1287_T,2026-01-05 22:00,Borets,400 Series (Borets WFT-400),B400-1050,B400-1050,204,6900.0,4.7,4.7,632.0,2549.0,1917.0,29.0,92.0,52.0,0.8667,19.6,Mauddud (MA),137779.0,1.0958,0.3991,23.55,31.35,1.0811,1.0691,96.7,553.2,-43.8,-7.34,597.0,517.4,517.4,-79.6,-13.33,13.33,UNDER_PREDICTION,True,True,True,True,True,True,True,True,1. QUALIFIED_5QC_CLEAN_ACTIVE,Pass: Active completion run meeting all 5 QC physical screening gates
GC-31,SA-1287_T,2026-07-18 08:15,Borets,400 Series (Borets WFT-400),B400-1050,B400-1050,204,6900.0,198.2,198.2,765.0,2405.0,1640.0,181.0,100.0,50.0,0.8333,1.2,Mauddud (MA),137779.0,1.0958,0.3799,21.16,30.47,1.0902,1.0894,120.1,655.4,406.4,163.21,249.0,601.6,601.6,352.6,141.61,141.61,OVER_PREDICTION,True,True,True,True,True,True,True,True,1. QUALIFIED_5QC_CLEAN_ACTIVE,Pass: Active completion run meeting all 5 QC physical screening gates
GC-31,SA-1288_T,2026-02-21 17:15,Alkhorayef (ACC),538 Series (ACC WE),WE-1500,WE-1500,137,6700.0,4.2,4.2,660.0,2703.0,2043.0,347.0,91.0,48.0,0.8,10.0,Mauddud (MA),137779.0,1.0958,0.3883,38.41,60.02,1.083,1.0767,101.5,1153.1,331.1,40.28,822.0,1071.0,1071.0,249.0,30.29,30.29,OVER_PREDICTION,True,True,True,True,True,True,True,True,1. QUALIFIED_5QC_CLEAN_ACTIVE,Pass: Active completion run meeting all 5 QC physical screening gates
GC-31,SA-1288_T,2026-07-22 08:30,Alkhorayef (ACC),538 Series (ACC WE),WE-1500,WE-1500,137,6700.0,154.9,154.9,480.0,2351.0,1871.0,235.0,103.0,50.0,0.8333,11.5,Mauddud (MA),137779.0,1.0958,0.3897,35.04,50.46,1.0713,1.0654,71.0,1652.3,1131.3,217.14,521.0,1550.9,1550.9,1029.9,197.68,197.68,OVER_PREDICTION,True,True,True,True,True,True,True,True,1. QUALIFIED_5QC_CLEAN_ACTIVE,Pass: Active completion run meeting all 5 QC physical screening gates
GC-31,SA-1289_T,2026-07-14 10:15,Halliburton / Summit ESP,538 Series (Summit SJ),SJ2800,SJ2800,136,8800.0,119.2,119.2,581.0,2222.0,1641.0,186.0,108.0,50.0,0.8333,0.0,Upper Burgan (UB),199739.0,1.1388,0.3786,31.87,45.9,1.0777,1.0777,87.9,2845.3,2206.3,345.27,639.0,2640.1,2640.1,2001.1,313.16,313.16,OVER_PREDICTION,True,True,True,True,True,True,True,True,1. QUALIFIED_5QC_CLEAN_ACTIVE,Pass: Active completion run meeting all 5 QC physical screening gates
GC-31,SA-1299_T,2026-01-26 11:45,REDA (Schlumberger),538/540 Series (REDA S),S2000N,S2000N,152,7600.0,61.8,61.8,1704.0,2497.0,793.0,332.0,122.0,45.0,0.75,29.7,Upper Burgan (UB),199739.0,1.1388,0.4096,12.74,22.65,1.1655,1.1223,304.9,2237.6,367.6,19.66,1870.0,1993.8,1993.8,123.8,6.62,6.62,OVER_PREDICTION,True,True,True,True,True,True,True,True,1. QUALIFIED_5QC_CLEAN_ACTIVE,Pass: Active completion run meeting all 5 QC physical screening gates
GC-31,SA-1300ST2_T,2026-01-16 23:00,Alkhorayef (ACC),538 Series (ACC WE),WE-1500,WE-1500,152,7950.0,7.3,7.3,1236.0,2445.0,1209.0,124.0,93.0,50.0,0.8333,56.0,Upper Burgan (UB),199739.0,1.1388,0.4431,17.95,25.85,1.1257,1.0665,209.3,2308.2,1944.2,534.12,364.0,2164.2,2164.2,1800.2,494.56,494.56,OVER_PREDICTION,True,True,True,True,True,True,True,True,1. QUALIFIED_5QC_CLEAN_ACTIVE,Pass: Active completion run meeting all 5 QC physical screening gates
GC-31,SA-1300ST2_T,2026-03-06 18:30,Alkhorayef (ACC),538 Series (ACC WE),WE-1500,WE-1500,152,7950.0,56.1,56.1,1049.0,3412.0,2363.0,248.0,92.0,50.0,0.8333,51.1,Upper Burgan (UB),199739.0,1.1388,0.4374,35.54,51.18,1.111,1.0645,172.9,1622.4,1309.4,418.34,313.0,1524.1,1524.1,1211.1,386.93,386.93,OVER_PREDICTION,True,True,True,True,True,True,True,True,1. QUALIFIED_5QC_CLEAN_ACTIVE,Pass: Active completion run meeting all 5 QC physical screening gates
